E_P_longicornis,Omega_P_longicornis,tau_stress_P_longicornis,tau_critical_P_longicornis,E_S_geminata,Omega_S_geminata,tau_stress_S_geminata,tau_critical_S_geminata,E_C_diversa,Omega_C_diversa,tau_stress_C_diversa,tau_critical_C_diversa,E_O_smaragdina,Omega_O_smaragdina,tau_stress_O_smaragdina,tau_critical_O_smaragdina,dominant,run_id,site
0.0,0.0,1.0,0.023124008161414644,0.01,0.002958333333333333,1.0,0.015762863091107367,0.0,0.0,1.0,0.13215859030837004,0.0,0.0,1.0,0.013685636856368564,S_geminata,0,"Mac Arthur Hiway, Val."
0.0,0.0,1.0,0.01644277270284793,0.01,0.003083333333333333,1.0,0.012073490813648294,0.0,0.0,1.0,0.1219059405940594,0.0,0.0,1.0,0.014212620807276862,S_geminata,1,"Mac Arthur Hiway, Val."
0.0,0.0,1.0,0.01585999453103637,0.0,0.0012499999999999998,1.0,0.01201641266119578,0.0,0.0,1.0,0.1559696342305038,0.0,0.0,1.0,0.011864992512383366,P_longicornis,2,"Mac Arthur Hiway, Val."
0.0,0.0,1.0,0.01509433962264151,0.01,0.0014583333333333334,1.0,0.015899664230693264,0.0,0.0,1.0,0.08604302151075538,0.0,0.0,1.0,0.023225298517254953,S_geminata,3,"Mac Arthur Hiway, Val."
0.0,0.0,1.0,0.01385891173463592,0.0,0.00025,1.0,0.012719298245614035,0.0,0.0,1.0,0.1239946380697051,0.0,0.0,1.0,0.018904612725505022,P_longicornis,4,"Mac Arthur Hiway, Val."
0.0,0.0,1.0,0.025075902395142246,0.0,0.0020694444444444445,1.0,0.014440773949976404,0.0,0.0,1.0,0.13066509711595056,0.0,0.0,1.0,0.02430365920262152,P_longicornis,5,"Mac Arthur Hiway, Val."
0.0,0.0,1.0,0.013262874313542639,0.02,0.010250751359207241,1.0,0.018817754141951318,0.0,0.0,1.0,0.10736342042755344,0.0,0.0,1.0,0.013789299503585218,S_geminata,6,"Mac Arthur Hiway, Val."
0.0,0.0,1.0,0.01626442812172088,0.02,0.0030555555555555557,1.0,0.015810707665467234,0.0,0.0,1.0,0.08098933074684772,0.0,0.0,1.0,0.012601372426699937,S_geminata,7,"Mac Arthur Hiway, Val."
0.0,0.0,1.0,0.01694277108433735,0.01,0.0011805555555555558,1.0,0.023834899719019476,0.0,0.0,1.0,0.10276679841897234,0.0,0.0,1.0,0.023501762632197415,S_geminata,8,"Mac Arthur Hiway, Val."
0.0,0.0,1.0,0.019356759976176294,0.01,0.0015138888888888886,1.0,0.025289672544080606,0.0,0.0,1.0,0.09384460141271443,0.0,0.0,1.0,0.01876675603217158,S_geminata,9,"Mac Arthur Hiway, Val."
0.0,0.0,1.0,0.013879003558718862,0.0,0.0,1.0,0.020698051948051948,0.0,0.0,0.0,0.0,0.0,0.0,1.0,0.01416369337225646,P_longicornis,10,"Mac Arthur Hiway, Val."
0.0,0.0,1.0,0.018960982025427443,0.0,0.00075,1.0,0.020299039508862263,0.0,0.0,1.0,0.2099099099099099,0.0,0.0,1.0,0.018172724241413803,P_longicornis,11,"Mac Arthur Hiway, Val."
0.0,0.0,1.0,0.02108644044127915,0.0,0.0016388888888888887,1.0,0.022970452537547856,0.0,0.0,1.0,0.11067503924646782,0.0,0.0,1.0,0.01291231365183707,P_longicornis,12,"Mac Arthur Hiway, Val."
0.0,0.0,1.0,0.0194585448392555,0.0,0.004271485458985459,1.0,0.02548348106365834,0.0,0.0,1.0,0.09989410518884574,0.0,0.0,1.0,0.024002909443568917,P_longicornis,13,"Mac Arthur Hiway, Val."
0.0,0.0,1.0,0.014857957922263165,0.01,0.0130641095016095,1.0,0.02453271028037383,0.0,0.0,1.0,0.32432432432432434,0.0,0.0,1.0,0.013342140026420079,S_geminata,14,"Mac Arthur Hiway, Val."
0.0,0.0,1.0,0.02126381547333013,0.02,0.005133426055607428,1.0,0.015253137170056252,0.0,0.0,0.0,0.0,0.0,0.0,1.0,0.013735951867408332,S_geminata,15,"Mac Arthur Hiway, Val."
0.0,0.0,1.0,0.0200621278798861,0.0,0.0,1.0,0.016378339645818404,0.0,0.0,1.0,0.13784333672431331,0.0,0.0,1.0,0.02052016225244572,P_longicornis,16,"Mac Arthur Hiway, Val."
0.0,0.0,1.0,0.01510731402375495,0.0,0.0003055555555555556,1.0,0.016319749828984657,0.0,0.0,1.0,0.40119760479041916,0.0,0.0,1.0,0.02165022853019004,P_longicornis,17,"Mac Arthur Hiway, Val."
0.0,0.0,1.0,0.013718897108271687,0.01,0.0023194444444444443,1.0,0.015575425439861552,0.0,0.0,0.0,0.0,0.0,0.0,1.0,0.017419509851033157,S_geminata,18,"Mac Arthur Hiway, Val."
0.0,0.0,1.0,0.024526198439241916,0.03,0.007513888888888889,1.0,0.01564989223128104,0.0,0.0,1.0,0.1622222222222222,0.0,0.0,1.0,0.018209408194233688,S_geminata,19,"Mac Arthur Hiway, Val."
0.0,0.0,1.0,0.022840343735866124,0.0,0.0008750000000000001,1.0,0.01110771425659839,0.0,0.0,1.0,0.08106666666666666,0.0,0.0,1.0,0.019377635928416733,P_longicornis,20,"Mac Arthur Hiway, Val."
0.0,0.0,1.0,0.012551844575420214,0.01,0.0061435185185185195,1.0,0.012417131432179311,0.0,0.0,1.0,0.1887115165336374,0.0,0.0,1.0,0.024757056918093476,S_geminata,21,"Mac Arthur Hiway, Val."
0.0,0.0,1.0,0.019951499118165784,0.03,0.011707767722473604,1.0,0.02009132420091324,0.0,0.0,1.0,0.1311555338859093,0.0,0.0,1.0,0.012038040207054292,S_geminata,22,"Mac Arthur Hiway, Val."
0.0,0.0,1.0,0.02276176024279211,0.04,0.01294738594738595,1.0,0.017245005257623555,0.0,0.0,1.0,0.10426770126091174,0.0,0.0,1.0,0.022463325183374083,S_geminata,23,"Mac Arthur Hiway, Val."
0.0,0.0,1.0,0.01571582346609257,0.02,0.0036944444444444446,1.0,0.015974096060442526,0.0,0.0,1.0,0.07631318136769079,0.0,0.0,1.0,0.01841595126003877,S_geminata,24,"Mac Arthur Hiway, Val."
0.0,0.0,1.0,0.023007590132827323,0.01,0.004263888888888888,1.0,0.018385521401896008,0.0,0.0,1.0,0.1294485725459523,0.0,0.0,1.0,0.023436632233699878,S_geminata,25,"Mac Arthur Hiway, Val."
0.0,0.0,1.0,0.017478289546004177,0.0,0.0006944444444444445,1.0,0.02760105706175981,0.0,0.0,0.0,0.0,0.0,0.0,1.0,0.01456953642384106,P_longicornis,26,"Mac Arthur Hiway, Val."
0.0,0.0,1.0,0.015293484114162629,0.0,1.388888888888889e-05,1.0,0.023579028083964344,0.0,0.0,1.0,0.13737461840383777,0.0,0.0,1.0,0.012177650429799427,P_longicornis,27,"Mac Arthur Hiway, Val."
0.0,0.0,1.0,0.01422070534698521,0.01,0.015431373025123027,1.0,0.015944242887149133,0.0,0.0,1.0,0.09299610894941635,0.0,0.0,1.0,0.013461538461538462,S_geminata,28,"Mac Arthur Hiway, Val."
0.0,0.0,1.0,0.012853143293458895,0.01,0.005144145206645207,1.0,0.02569036851727124,0.0,0.0,1.0,0.18602455146364494,0.0,0.0,1.0,0.016110986797941373,S_geminata,29,"Mac Arthur Hiway, Val."
0.0,0.0,1.0,0.013990267639902677,0.01,0.0011805555555555556,1.0,0.020326042096574494,0.0,0.0,1.0,0.1782246879334258,0.0,0.0,1.0,0.018843172331544426,S_geminata,30,"Mac Arthur Hiway, Val."
0.0,0.0,1.0,0.014310246136233544,0.0,0.000986111111111111,1.0,0.01612415600120931,0.0,0.0,1.0,0.10810810810810811,0.0,0.0,1.0,0.012124849939975991,P_longicornis,31,"Mac Arthur Hiway, Val."
0.0,0.0,1.0,0.024300616405879563,0.01,0.0032777777777777775,1.0,0.014083037763404966,0.0,0.0,1.0,0.17133333333333334,0.0,0.0,1.0,0.01816590063471219,S_geminata,32,"Mac Arthur Hiway, Val."
0.0,0.0,1.0,0.014107883817427386,0.0,0.0007222222222222223,1.0,0.02366801103799618,0.0,0.0,1.0,0.11680672268907563,0.0,0.0,1.0,0.012280279316156995,P_longicornis,33,"Mac Arthur Hiway, Val."
0.0,0.0,1.0,0.022719488526087454,0.02,0.0023194444444444443,1.0,0.01562662777372643,0.0,0.0,1.0,0.12737127371273713,0.0,0.0,1.0,0.016308040770101926,S_geminata,34,"Mac Arthur Hiway, Val."
0.0,0.0,1.0,0.01777477781527731,0.02,0.004666666666666666,1.0,0.019205761728518556,0.0,0.0,1.0,0.19324894514767932,0.0,0.0,1.0,0.015779330281859794,S_geminata,35,"Mac Arthur Hiway, Val."
0.0,0.0,1.0,0.0164257555847569,0.01,0.006444444444444445,1.0,0.016066961708678083,0.0,0.0,1.0,0.10208444681988242,0.0,0.0,1.0,0.012935203094777564,S_geminata,36,"Mac Arthur Hiway, Val."
0.0,0.0,1.0,0.012434475192002926,0.01,0.003569444444444445,1.0,0.028057119871279162,0.0,0.0,1.0,0.1415617128463476,0.0,0.0,1.0,0.023835583120515626,S_geminata,37,"Mac Arthur Hiway, Val."
0.0,0.0,1.0,0.013393845472658844,0.01,0.002861111111111111,1.0,0.013389441469013007,0.0,0.0,1.0,0.16656925774400935,0.0,0.0,1.0,0.013661934101259042,S_geminata,38,"Mac Arthur Hiway, Val."
0.0,0.0,1.0,0.018627112797516384,0.0,0.00011111111111111112,1.0,0.01675603217158177,0.0,0.0,1.0,0.11980108499095841,0.0,0.0,1.0,0.014462570866597246,P_longicornis,39,"Mac Arthur Hiway, Val."
0.0,0.0,1.0,0.020748226187916576,0.01,0.0032222222222222227,1.0,0.013713080168776372,0.0,0.0,0.0,0.0,0.0,0.0,1.0,0.015570934256055362,S_geminata,40,"Mac Arthur Hiway, Val."
0.0,0.0,1.0,0.01768234922639722,0.0,0.0010138888888888888,1.0,0.017699115044247787,0.0,0.0,1.0,0.16339491916859122,0.0,0.0,1.0,0.01221517500587268,P_longicornis,41,"Mac Arthur Hiway, Val."
0.0,0.0,1.0,0.02361946418808092,0.01,0.0018611111111111111,1.0,0.01537850977279492,0.0,0.0,1.0,0.15278688524590164,0.0,0.0,1.0,0.014501076812634602,S_geminata,42,"Mac Arthur Hiway, Val."
0.0,0.0,1.0,0.011924662877521454,0.01,0.008907606282606282,1.0,0.01500489289985865,0.0,0.0,1.0,0.12680577849117175,0.0,0.0,1.0,0.013905884970519524,S_geminata,43,"Mac Arthur Hiway, Val."
0.0,0.0,1.0,0.012141411736698013,0.01,0.004333333333333333,1.0,0.018048780487804877,0.0,0.0,1.0,0.11403853716083366,0.0,0.0,1.0,0.025140816046160187,S_geminata,44,"Mac Arthur Hiway, Val."
0.0,0.0,1.0,0.01618020304568528,0.0,0.0006388888888888889,1.0,0.012739502649816551,0.0,0.0,1.0,0.07838827838827839,0.0,0.0,1.0,0.013763968383755792,P_longicornis,45,"Mac Arthur Hiway, Val."
0.0,0.0,1.0,0.020831049227058435,0.02,0.006263888888888888,1.0,0.023971617604755968,0.0,0.0,1.0,0.1669805398618958,0.0,0.0,1.0,0.016916384726921217,S_geminata,46,"Mac Arthur Hiway, Val."
0.0,0.0,1.0,0.013656698846244408,0.01,0.001263888888888889,1.0,0.026679524268723883,0.0,0.0,1.0,0.16605166051660517,0.0,0.0,1.0,0.013649615690432017,S_geminata,47,"Mac Arthur Hiway, Val."
0.0,0.0,1.0,0.016945348445741217,0.0,0.0003888888888888889,1.0,0.028029504741833508,0.0,0.0,1.0,0.11710794297352342,0.0,0.0,1.0,0.01883739743441581,P_longicornis,48,"Mac Arthur Hiway, Val."
0.0,0.0,1.0,0.01531058617672791,0.01,0.004033038720538721,1.0,0.011314709121858417,0.0,0.0,1.0,0.2234513274336283,0.0,0.0,1.0,0.024529946457477275,S_geminata,49,"Mac Arthur Hiway, Val."
0.0,0.0,1.0,0.021318251033282574,0.01,0.005083333333333334,1.0,0.021793275217932753,0.0,0.0,1.0,0.16960093896713616,0.0,0.0,1.0,0.018542615484710475,S_geminata,50,"Mac Arthur Hiway, Val."
0.0,0.0,1.0,0.02515344806835961,0.0,0.0005138888888888889,1.0,0.012678288431061807,0.0,0.0,1.0,0.15211709357030842,0.0,0.0,1.0,0.01263783917730145,P_longicornis,51,"Mac Arthur Hiway, Val."
0.0,0.0,1.0,0.02383654937570942,0.0,0.0007777777777777778,1.0,0.025787965616045846,0.0,0.0,1.0,0.11026237130521421,0.0,0.0,1.0,0.02208835341365462,P_longicornis,52,"Mac Arthur Hiway, Val."
0.0,0.0,1.0,0.017782983707805344,0.01,0.0026527777777777778,1.0,0.022601610243476573,0.0,0.0,1.0,0.12441314553990611,0.0,0.0,1.0,0.023552847433794235,S_geminata,53,"Mac Arthur Hiway, Val."
0.0,0.0,1.0,0.020759493670886076,0.01,0.015695792633292634,1.0,0.022391615054787994,0.0,0.0,1.0,0.19170124481327802,0.0,0.0,1.0,0.019538188277087035,S_geminata,54,"Mac Arthur Hiway, Val."
0.0,0.0,1.0,0.017274243507267095,0.02,0.002777777777777778,1.0,0.011680855276182935,0.0,0.0,1.0,0.09127351218008017,0.0,0.0,1.0,0.013686131386861315,S_geminata,55,"Mac Arthur Hiway, Val."
0.0,0.0,1.0,0.012823347335839045,0.0,8.333333333333333e-05,1.0,0.02537219542881107,0.0,0.0,1.0,0.17110266159695817,0.0,0.0,1.0,0.019956117438094244,P_longicornis,56,"Mac Arthur Hiway, Val."
0.0,0.0,1.0,0.020088026182146484,0.01,0.0012222222222222222,1.0,0.021144278606965175,0.0,0.0,0.0,0.0,0.0,0.0,1.0,0.01200785128738021,S_geminata,57,"Mac Arthur Hiway, Val."
0.0,0.0,1.0,0.02030018356548969,0.0,0.007515768953268953,1.0,0.02297185430463576,0.0,0.0,1.0,0.1811320754716981,0.0,0.0,1.0,0.016342225426580148,P_longicornis,58,"Mac Arthur Hiway, Val."
0.0,0.0,1.0,0.012534664448141986,0.03,0.012419216585883252,1.0,0.015665545410860165,0.0,0.0,1.0,0.09535759096612297,0.0,0.0,1.0,0.014855125753787321,S_geminata,59,"Mac Arthur Hiway, Val."
0.0,0.0,1.0,0.027907564086374542,0.01,0.006747149455482789,1.0,0.010752688172043012,0.0,0.0,1.0,0.10710944808231992,0.0,0.0,1.0,0.013573444429512162,S_geminata,60,"Mac Arthur Hiway, Val."
0.0,0.0,1.0,0.013470258735662844,0.02,0.003472222222222222,1.0,0.025019171779141106,0.0,0.0,1.0,0.12017738359201774,0.0,0.0,1.0,0.015140379244450978,S_geminata,61,"Mac Arthur Hiway, Val."
0.0,0.0,1.0,0.013233399695514698,0.0,0.0005277777777777778,1.0,0.024678871245069282,0.0,0.0,1.0,0.13556985294117646,0.0,0.0,1.0,0.020321954561022947,P_longicornis,62,"Mac Arthur Hiway, Val."
0.0,0.0,1.0,0.015791320622295005,0.0,0.0,1.0,0.02706797293202707,0.0,0.0,1.0,0.11277831558567279,0.0,0.0,1.0,0.013089683773976154,P_longicornis,63,"Mac Arthur Hiway, Val."
0.0,0.0,1.0,0.018445988629185093,0.01,0.0031206910373577034,1.0,0.01209120221096269,0.0,0.0,1.0,0.1361043194784026,0.0,0.0,1.0,0.01896850979419787,S_geminata,64,"Mac Arthur Hiway, Val."
0.0,0.0,1.0,0.013759016831418648,0.01,0.0016771885521885525,1.0,0.01434404774369176,0.0,0.0,1.0,0.1440162271805274,0.0,0.0,1.0,0.02449804268215684,S_geminata,65,"Mac Arthur Hiway, Val."
0.0,0.0,1.0,0.01721170395869191,0.02,0.019143560665006745,1.0,0.02429233144621719,0.0,0.0,1.0,0.1191919191919192,0.0,0.0,1.0,0.011959234608985025,S_geminata,66,"Mac Arthur Hiway, Val."
0.0,0.0,1.0,0.021164021164021163,0.02,0.0030416666666666673,1.0,0.01891814811293849,0.0,0.0,1.0,0.22019635343618513,0.0,0.0,1.0,0.02423283000487092,S_geminata,67,"Mac Arthur Hiway, Val."
0.0,0.0,1.0,0.014891179839633447,0.0,6.944444444444444e-05,1.0,0.020672087782894092,0.0,0.0,1.0,0.16098144823459007,0.0,0.0,1.0,0.015645658880564125,P_longicornis,68,"Mac Arthur Hiway, Val."
0.0,0.0,1.0,0.017083380472904176,0.01,0.0024027777777777776,1.0,0.016211160760677544,0.0,0.0,1.0,0.1499074645280691,0.0,0.0,1.0,0.017032148179689163,S_geminata,69,"Mac Arthur Hiway, Val."
0.0,0.0,1.0,0.020473251028806583,0.01,0.0024027777777777776,1.0,0.013499261759122548,0.0,0.0,1.0,0.13356612832824094,0.0,0.0,1.0,0.014713094654242276,S_geminata,70,"Mac Arthur Hiway, Val."
0.0,0.0,1.0,0.01562841530054645,0.03,0.0033055555555555555,1.0,0.024850703140050088,0.0,0.0,1.0,0.1187689640225401,0.0,0.0,1.0,0.018400726942298953,S_geminata,71,"Mac Arthur Hiway, Val."
0.0,0.0,1.0,0.022395209580838325,0.02,0.004180555555555555,1.0,0.01873536299765808,0.0,0.0,0.0,0.0,0.0,0.0,1.0,0.017694440776442624,S_geminata,72,"Mac Arthur Hiway, Val."
0.0,0.0,1.0,0.025840359137194787,0.01,0.00225,1.0,0.01687010022824253,0.0,0.0,1.0,0.13944655453065655,0.0,0.0,1.0,0.015063857657460976,S_geminata,73,"Mac Arthur Hiway, Val."
0.0,0.0,1.0,0.013264274886306215,0.0,0.0006388888888888888,1.0,0.019079903147699757,0.0,0.0,1.0,0.18798955613577023,0.0,0.0,1.0,0.011954992967651195,P_longicornis,74,"Mac Arthur Hiway, Val."
0.0,0.0,1.0,0.018128430997063703,0.0,0.0013750000000000001,1.0,0.01814718267495488,0.0,0.0,1.0,0.16256410256410256,0.0,0.0,1.0,0.021031704509783405,P_longicornis,75,"Mac Arthur Hiway, Val."
0.0,0.0,1.0,0.02358695652173913,0.0,0.0,1.0,0.022089797595808074,0.0,0.0,1.0,0.14046822742474915,0.0,0.0,1.0,0.020181987867475503,P_longicornis,76,"Mac Arthur Hiway, Val."
0.0,0.0,1.0,0.015149749446451463,0.01,0.0009583333333333334,1.0,0.0110803324099723,0.0,0.0,1.0,0.1810344827586207,0.0,0.0,1.0,0.010810232259445574,S_geminata,77,"Mac Arthur Hiway, Val."
0.0,0.0,1.0,0.015527950310559006,0.02,0.003194444444444444,1.0,0.022995341460997125,0.0,0.0,1.0,0.18742138364779873,0.0,0.0,1.0,0.015761548064918852,S_geminata,78,"Mac Arthur Hiway, Val."
0.0,0.0,1.0,0.01407665505226481,0.03,0.004611111111111112,1.0,0.015313771685585778,0.0,0.0,1.0,0.15552927261975164,0.0,0.0,1.0,0.022920985947938264,S_geminata,79,"Mac Arthur Hiway, Val."
0.0,0.0,1.0,0.022733387140166803,0.02,0.0064755291005291005,1.0,0.025004883766360616,0.0,0.0,1.0,0.13280810354530106,0.0,0.0,1.0,0.018897461701889745,S_geminata,80,"Mac Arthur Hiway, Val."
0.0,0.0,1.0,0.01765272279875896,0.01,0.004222222222222223,1.0,0.013577943615257049,0.0,0.0,1.0,0.17941176470588235,0.0,0.0,1.0,0.01607062019013128,S_geminata,81,"Mac Arthur Hiway, Val."
0.0,0.0,1.0,0.019267822736030827,0.02,0.005013888888888889,1.0,0.01165365342034728,0.0,0.0,1.0,0.11420059582919563,0.0,0.0,1.0,0.02411521714859886,S_geminata,82,"Mac Arthur Hiway, Val."
0.0,0.0,1.0,0.018255168935955624,0.0,0.0004861111111111111,1.0,0.02234694938156117,0.0,0.0,1.0,0.15364167995746944,0.0,0.0,1.0,0.015803882528621204,P_longicornis,83,"Mac Arthur Hiway, Val."
0.0,0.0,1.0,0.026063511084481725,0.02,0.003958333333333334,1.0,0.011832919181161992,0.0,0.0,1.0,0.15823699421965318,0.0,0.0,1.0,0.014014566320900463,S_geminata,84,"Mac Arthur Hiway, Val."
0.0,0.0,1.0,0.021249857191819946,0.02,0.009909571093394624,1.0,0.020687673594483286,0.0,0.0,1.0,0.1193118756936737,0.0,0.0,1.0,0.020677966101694915,S_geminata,85,"Mac Arthur Hiway, Val."
0.0,0.0,1.0,0.023062139654067906,0.01,0.0019305555555555558,1.0,0.02458045409674235,0.0,0.0,1.0,0.10655327663831916,0.0,0.0,1.0,0.016434145187987702,S_geminata,86,"Mac Arthur Hiway, Val."
0.0,0.0,1.0,0.01658890616899948,0.02,0.0019444444444444446,1.0,0.014580440388811743,0.0,0.0,1.0,0.09848058525604952,0.0,0.0,1.0,0.021426180113826583,S_geminata,87,"Mac Arthur Hiway, Val."
0.0,0.0,1.0,0.012680367293397464,0.01,0.004058361391694725,1.0,0.01576872536136662,0.0,0.0,1.0,0.14425770308123248,0.0,0.0,1.0,0.0171990171990172,S_geminata,88,"Mac Arthur Hiway, Val."
0.0,0.0,1.0,0.0160286336756925,0.01,0.0016388888888888887,1.0,0.020323473079378592,0.0,0.0,1.0,0.1420875420875421,0.0,0.0,1.0,0.0124804992199688,S_geminata,89,"Mac Arthur Hiway, Val."
0.0,0.0,1.0,0.020502781784463218,0.0,0.0007777777777777778,1.0,0.026984283878620143,0.0,0.0,1.0,0.10673385249656436,0.0,0.0,1.0,0.01353305785123967,P_longicornis,90,"Mac Arthur Hiway, Val."
0.0,0.0,1.0,0.0213657310431504,0.03,0.008281436156436157,1.0,0.013466382484014727,0.0,0.0,1.0,0.31887755102040816,0.0,0.0,1.0,0.017079624729372144,S_geminata,91,"Mac Arthur Hiway, Val."
0.0,0.0,1.0,0.01755354382865975,0.0,0.0006111111111111112,1.0,0.013237963061812746,0.0,0.0,1.0,0.16807670614777215,0.0,0.0,1.0,0.014660575799426326,P_longicornis,92,"Mac Arthur Hiway, Val."
0.0,0.0,1.0,0.01721710882512182,0.0,0.0008333333333333335,1.0,0.017524644030668127,0.0,0.0,1.0,0.2266881028938907,0.0,0.0,1.0,0.022506515043828477,P_longicornis,93,"Mac Arthur Hiway, Val."
0.0,0.0,1.0,0.019675675675675675,0.0,0.0005251322751322751,1.0,0.016886858051057912,0.0,0.0,1.0,0.17435549525101765,0.0,0.0,1.0,0.01984997114829775,P_longicornis,94,"Mac Arthur Hiway, Val."
0.0,0.0,1.0,0.02008527827648115,0.0,0.0008611111111111111,1.0,0.011162891514034897,0.0,0.0,1.0,0.19672131147540983,0.0,0.0,1.0,0.010878661087866108,P_longicornis,95,"Mac Arthur Hiway, Val."
0.0,0.0,1.0,0.02133423636979343,0.0,1.388888888888889e-05,1.0,0.015093559392122402,0.0,0.0,1.0,0.18661257606490872,0.0,0.0,1.0,0.011620036101083033,P_longicornis,96,"Mac Arthur Hiway, Val."
0.0,0.0,1.0,0.017254990413894215,0.02,0.006597222222222222,1.0,0.025686172967374417,0.0,0.0,1.0,0.15492957746478872,0.0,0.0,1.0,0.02058407307345941,S_geminata,97,"Mac Arthur Hiway, Val."
0.0,0.0,1.0,0.023113267781892478,0.02,0.00525,1.0,0.012156823016918245,0.0,0.0,1.0,0.11895910780669144,0.0,0.0,1.0,0.015189133927267416,S_geminata,98,"Mac Arthur Hiway, Val."
0.0,0.0,1.0,0.016370907273181703,0.01,0.0012916666666666667,1.0,0.012520786461899637,0.0,0.0,1.0,0.1638608305274972,0.0,0.0,1.0,0.017764537128985985,S_geminata,99,"Mac Arthur Hiway, Val."
1.43,0.07492748947354858,0.6358560794044665,0.005417700578990901,0.78,0.07340518572946109,0.43661441415995855,0.007343595537353481,0.44,0.0640036869121869,0.4237164363554657,0.013256937422761487,0.05,0.05587365957916043,0.5981031416716064,0.005119361965834995,P_longicornis,0,"Bgy. 168, Deparo"
1.29,0.07268583021804739,0.6338784067085954,0.005408805031446541,0.82,0.08992262000763292,0.45884160115659167,0.009397307310020782,0.31,0.053905096198341,0.39299610894941633,0.0067209055535903785,0.09,0.0960694326723131,0.589689526118813,0.007485108850350535,P_longicornis,1,"Bgy. 168, Deparo"
1.31,0.05247327792376554,0.6112901030085764,0.0063075736261741615,0.74,0.06701043898747394,0.4406835205992509,0.007958801498127341,0.38,0.05758195314486198,0.4163375121644055,0.013223424351708741,0.04,0.013406004489337821,0.5990941746056536,0.009578843250559634,P_longicornis,2,"Bgy. 168, Deparo"
1.03,0.0532316468315242,0.6052427627080009,0.006245726008661956,0.58,0.053497922340718915,0.4067482201945252,0.00877368896019252,0.28,0.037014747233294065,0.39388574126534465,0.008321529745042492,0.06,0.015404985079476649,0.5940161104718067,0.007192174913693901,P_longicornis,3,"Bgy. 168, Deparo"
0.91,0.058458303038206795,0.6144096363881523,0.0065171468380601375,0.94,0.07608469498910675,0.4323154490106545,0.006944444444444444,0.6,0.08504758286352422,0.3799313377100524,0.006083237969041739,0.1,0.021130424770886422,0.6046825754164791,0.009054980239131523,S_geminata,4,"Bgy. 168, Deparo"
1.86,0.09042541905827155,0.6569720347155256,0.0041272902603664416,0.83,0.07130736290237813,0.4270476374342391,0.005067812153096192,0.41,0.054933405010885374,0.4049040262172285,0.007080992509363296,0.11,0.028237373737373738,0.5982170785111042,0.005161088520487958,P_longicornis,5,"Bgy. 168, Deparo"
1.02,0.05622651079458242,0.607967939651108,0.0049504950495049506,0.63,0.06814944723771875,0.4560792224463598,0.009077571978727305,0.64,0.08826858234523995,0.43692920794819284,0.011235955056179775,0.05,0.014863393603055256,0.5844388864723793,0.006633318834275772,P_longicornis,6,"Bgy. 168, Deparo"
0.93,0.04616784141513139,0.608841684822077,0.0073983297022512705,0.63,0.0671362538726563,0.43854303393962124,0.007359834989686855,0.25,0.03924175835443706,0.41231867103416003,0.012517547964436125,0.07,0.07103158104889055,0.6078296339460719,0.008264025003973089,P_longicornis,7,"Bgy. 168, Deparo"
1.11,0.06300875636947673,0.6189973614775726,0.006156552330694811,0.69,0.07578080468300616,0.45285102857931797,0.008652031846840628,0.29,0.0633558643908087,0.41976149914821126,0.008461101646791596,0.08,0.01658161246945731,0.5807733199037547,0.006546919590397851,P_longicornis,8,"Bgy. 168, Deparo"
1.16,0.06352861700149497,0.5819564263781255,0.005020227128722523,0.98,0.09278132375704386,0.46883601171979045,0.005504750066589718,0.2,0.019680555555555552,0.3952352941176471,0.008882352941176471,0.1,0.06621450230997537,0.5955490544352732,0.005433079093093721,P_longicornis,9,"Bgy. 168, Deparo"
1.41,0.08218488501321505,0.6548181388757676,0.004251299008030231,0.73,0.06342489131015701,0.4347950428979981,0.01005719733079123,0.39,0.05516211488382583,0.40992091183996276,0.009071877180739707,0.06,0.021575963718820857,0.6047592009497754,0.008568626438858204,P_longicornis,10,"Bgy. 168, Deparo"
1.44,0.06931546678883219,0.6280967402733965,0.0056782334384858045,0.8,0.09225129729302416,0.45112816506594366,0.006525435411975552,0.33,0.06424350563836861,0.41774267927138575,0.014814387825685959,0.04,0.008819144061583578,0.5877423319738533,0.00525169003854964,P_longicornis,11,"Bgy. 168, Deparo"
1.08,0.048593270031076406,0.59212980231257,0.008672137262215591,0.63,0.06816235788567379,0.4351504663013172,0.00826843572733391,0.54,0.07098406394520616,0.39698581560283686,0.012706855791962174,0.06,0.015700135263581192,0.6013489346482039,0.009606049767513157,P_longicornis,12,"Bgy. 168, Deparo"
1.33,0.06658931610291717,0.5989548374724326,0.005321699108255825,0.76,0.06485506897963965,0.44069001469124686,0.009004312591820293,0.29,0.04159483726150393,0.39941055113468904,0.014382552313586797,0.12,0.06352193104271008,0.581905668358714,0.009570642978003384,P_longicornis,13,"Bgy. 168, Deparo"
0.93,0.04539563359055901,0.6019839970052875,0.007720743063029339,0.56,0.04769968445121,0.41979135911819704,0.006101761637634091,0.26,0.03412940547102759,0.38581491962189174,0.006562706966102716,0.14,0.06247906732190987,0.5774670962809241,0.006280377914914532,P_longicornis,14,"Bgy. 168, Deparo"
1.35,0.0759032006530595,0.6327193019432618,0.005437760822830165,0.63,0.052436819471597694,0.4064775295003766,0.00492091388400703,0.56,0.08008343924052029,0.39961468853990306,0.00618833557125343,0.04,0.011730130080927477,0.5968100256337225,0.009285103958986045,P_longicornis,15,"Bgy. 168, Deparo"
1.52,0.0886766525183901,0.6302482314035749,0.005944158399263259,0.93,0.08731255000296798,0.4415663212918884,0.007934285447587043,0.48,0.043847222222222225,0.3795868772782503,0.006318347509113001,0.15,0.11005856696701505,0.6128918633321592,0.005686106778040557,P_longicornis,16,"Bgy. 168, Deparo"
1.28,0.06443450180925316,0.588416121791744,0.00522104030447936,0.87,0.08028977282846239,0.4645115326387034,0.005833110695520527,0.52,0.08516548369894017,0.42633476008109933,0.008954719531425997,0.05,0.011847222222222224,0.5884666489503056,0.005368057401009833,P_longicornis,17,"Bgy. 168, Deparo"
0.98,0.037418650793650796,0.5786960237269392,0.005429045392851757,0.73,0.08842692278823285,0.44780054581618023,0.008557287571117999,0.31,0.05994356837780776,0.4207717800370724,0.014435769252373196,0.1,0.07249041199711606,0.6079710514244941,0.005810101421945875,P_longicornis,18,"Bgy. 168, Deparo"
1.07,0.05077531185557671,0.6081451686625834,0.006307706371697596,0.72,0.06901155637088167,0.4660633484162896,0.00855696429371444,0.4,0.06119521485324767,0.39527937214478154,0.007028230057397212,0.03,0.004582608680894972,0.6093348033811099,0.006562713288181866,P_longicornis,19,"Bgy. 168, Deparo"
1.46,0.09026843804142458,0.6516474791583962,0.00444620881302104,0.25,0.025451456517903752,0.3787729563756445,0.006083077457852963,0.35,0.06070491250122963,0.4182529185117028,0.010236356317212031,0.07,0.016961379620191314,0.5998183663657247,0.004968214114001816,P_longicornis,20,"Bgy. 168, Deparo"
1.05,0.05446709582212801,0.5998590887740723,0.00732738374823861,0.71,0.07618559254811821,0.43738309016086796,0.008604564160119716,0.45,0.06146248670082462,0.41141709695926565,0.008548479632816982,0.06,0.04892631560382121,0.6048,0.006857142857142857,P_longicornis,21,"Bgy. 168, Deparo"
1.18,0.06121232151486022,0.6073580716777672,0.007339948348511621,0.74,0.062154173375111456,0.40368450193788696,0.006191171289072331,0.36,0.05285323708466232,0.41551039207783985,0.013299556681443952,0.06,0.014613570560903375,0.5774502668607472,0.008794274623968947,P_longicornis,22,"Bgy. 168, Deparo"
1.52,0.08324635383478723,0.6251112335268444,0.006017204118818594,0.65,0.0621616385742296,0.39988882150798466,0.007934101475641803,0.21,0.0317932841856414,0.39944529682520946,0.008084503717691491,0.06,0.009361313629122769,0.597079502433748,0.007950243374797187,P_longicornis,23,"Bgy. 168, Deparo"
1.33,0.0730704134903027,0.6132063046055232,0.006849014356587786,0.81,0.07899843706742397,0.45826327986549736,0.006407052301540419,0.49,0.06593570184042939,0.419020074855393,0.01185210389021209,0.05,0.037522222641223686,0.572553754168104,0.009601011843164309,P_longicornis,24,"Bgy. 168, Deparo"
1.17,0.05691375454685351,0.6215353676663461,0.006426510448544199,0.61,0.05210781524224293,0.3897881642637797,0.005204809243741217,0.49,0.08172924401913916,0.4213871856893739,0.012600551274118243,0.04,0.059238807170276304,0.6149837498599126,0.007284545556427211,P_longicornis,25,"Bgy. 168, Deparo"
1.13,0.05700336262523799,0.6071692535107169,0.004988913525498891,0.85,0.06874098493048442,0.4226626666010918,0.00772143805636158,0.37,0.04567385595305747,0.4074828348655883,0.009368090306063075,0.1,0.07029662369026156,0.6008010680907877,0.0050323508267433505,P_longicornis,26,"Bgy. 168, Deparo"
1.23,0.06095087823083686,0.6024429052789217,0.006785847997004867,0.82,0.06982407954965426,0.43485898775045106,0.00854619694236065,0.22,0.0443374184664588,0.4059353781315851,0.01264340903769609,0.06,0.05168594799657303,0.605373856346619,0.005415921758334209,P_longicornis,27,"Bgy. 168, Deparo"
1.32,0.06272002003867802,0.6151084041634471,0.005136130175901096,0.64,0.05273853900595997,0.3950401317143445,0.005505247993414283,0.44,0.0581928058875195,0.4155188246097337,0.008207070707070708,0.06,0.06557974227278819,0.583913421796824,0.0053839460517728956,P_longicornis,28,"Bgy. 168, Deparo"
1.26,0.05792682208480819,0.6018919427710844,0.00574171686746988,0.49,0.051544598251346545,0.4322009431238572,0.008228274468289866,0.53,0.0815777870799937,0.41189680985834387,0.00731314061960152,0.08,0.02680993593349958,0.6011615131062628,0.009313033014178832,P_longicornis,29,"Bgy. 168, Deparo"
1.11,0.06425568507266778,0.6069321533923304,0.0061762536873156346,0.85,0.08156488549131308,0.4637225391976279,0.007772137113077856,0.42,0.06105264616974271,0.40309713749413423,0.01179023932426091,0.05,0.05966313836286411,0.5936888705858129,0.00900854524863585,P_longicornis,30,"Bgy. 168, Deparo"
1.46,0.06623812681570554,0.5982918082295205,0.008540958852397132,0.84,0.08837298823827637,0.46479638009049773,0.008823529411764706,0.29,0.04656589066559384,0.4128737493493725,0.011508877450696894,0.03,0.006476381195467217,0.6016430501185422,0.005678998731874069,P_longicornis,31,"Bgy. 168, Deparo"
1.09,0.05369718498642554,0.5926121372031662,0.0052290717198368915,0.58,0.06064711766466153,0.44213566902720836,0.005078270592620201,0.26,0.03372222222222222,0.41103336610189095,0.013473659862372058,0.06,0.06764312536195165,0.6122490162445767,0.009080819291696095,P_longicornis,32,"Bgy. 168, Deparo"
1.08,0.06523765623508664,0.6006211747510734,0.007353612861971316,0.89,0.06792542252591272,0.4242379978576298,0.007693056772811374,0.28,0.05187193449890977,0.3740676280457484,0.009199403281949278,0.07,0.0517015468075192,0.5926098885062168,0.008697682563773276,P_longicornis,33,"Bgy. 168, Deparo"
1.31,0.05620793646438184,0.6087195205636122,0.006633423303902283,0.51,0.03474957912457913,0.39845771396682056,0.0059865049972096795,0.37,0.0745340066663606,0.4260202653529642,0.010300621396182052,0.02,0.016495488441268483,0.596874042292369,0.0069874348758810914,P_longicornis,34,"Bgy. 168, Deparo"
1.3,0.0714814158069395,0.6281363928801201,0.005189791979412396,0.79,0.06955953147773353,0.44096714898430506,0.0066456143658387146,0.42,0.06857079732342955,0.40088391278727165,0.009428403064230996,0.03,0.007441177348132235,0.5775087642418931,0.005203768624014023,P_longicornis,35,"Bgy. 168, Deparo"
1.59,0.0921761430327089,0.6488865872604868,0.0044616181332908416,0.83,0.07440553149115034,0.4341456476389152,0.007775459890005689,0.46,0.06960928439560857,0.4190969485418309,0.011372593176444094,0.1,0.07456442759403285,0.5942417831897219,0.009184252618543935,P_longicornis,36,"Bgy. 168, Deparo"
1.29,0.06258744544531006,0.6175904953203128,0.005897687935381854,0.53,0.05316265774781856,0.4310759225222678,0.0056081813469060745,0.23,0.04501527076197403,0.4080937536081284,0.01310472231843898,0.03,0.016939203067519774,0.5835695724072761,0.006732813607370659,P_longicornis,37,"Bgy. 168, Deparo"
1.14,0.07653507848439255,0.644540053267773,0.0049580004097521,0.37,0.03789429523291752,0.43841717848938067,0.009236251113507432,0.41,0.05457282763532764,0.35906608924872907,0.0064645703885018516,0.04,0.009553833586763694,0.5892707927134978,0.005180769873544649,P_longicornis,38,"Bgy. 168, Deparo"
1.61,0.09071413120421534,0.6291011047874121,0.00493806494810847,0.86,0.0994710476724487,0.4386005776576912,0.007593403521848505,0.28,0.05501235578846117,0.4173420232360442,0.011164635874185322,0.12,0.030698236460088416,0.606675392670157,0.007954087797019734,P_longicornis,39,"Bgy. 168, Deparo"
1.4,0.06843767086353203,0.6225868295510277,0.005706897320433367,0.6,0.05670394093627788,0.42755482403059497,0.00663213438543835,0.6,0.09565534132345176,0.42299690750632557,0.013944335113859995,0.09,0.014482070071816596,0.584084515128897,0.004937704541539875,P_longicornis,40,"Bgy. 168, Deparo"
1.07,0.05465377507269442,0.5992314647377939,0.0076853526220614825,0.97,0.08797203700879522,0.4633563462559745,0.008320056647194193,0.41,0.07138096593230975,0.40078435963474596,0.00649730742214938,0.11,0.0975992484089404,0.6112616681722373,0.007628224430392452,P_longicornis,41,"Bgy. 168, Deparo"
1.68,0.08852396210771053,0.6341082581540597,0.0044673837612768915,0.92,0.09963573601224254,0.469067569976823,0.007086824745944019,0.46,0.06354596480298594,0.40358639962738707,0.00844201210992082,0.02,0.013771539675128501,0.5758307801084138,0.005243931180768324,P_longicornis,42,"Bgy. 168, Deparo"
1.03,0.05204627644785857,0.6071263943947636,0.004701760855536093,0.53,0.06648916064040655,0.43836584676279333,0.005890114032607671,0.38,0.07069951904420081,0.3855523907641961,0.005939033997939519,0.08,0.04454485668536421,0.5924070247933885,0.005216942148760331,P_longicornis,43,"Bgy. 168, Deparo"
1.35,0.07977129033746537,0.6251216725210547,0.004612975580854035,0.6,0.06713578605683562,0.4353176874642244,0.006916618965846212,0.57,0.0635825518862692,0.41589808623472446,0.014122665436937975,0.02,0.005135457962238877,0.5869877388710925,0.006959019109687397,P_longicornis,44,"Bgy. 168, Deparo"
1.11,0.07532973743649131,0.6308225759284789,0.005389146509587667,0.79,0.06837369729036397,0.4354423131978242,0.008063746540700448,0.45,0.07461715874355679,0.4210825239961379,0.006588288748793094,0.05,0.01565965509010622,0.5863919295986263,0.008209916291049581,P_longicornis,45,"Bgy. 168, Deparo"
1.5,0.08171647490423771,0.6130923302393747,0.004885197850512946,0.87,0.08071284515940313,0.43477030468823696,0.00523535515517404,0.42,0.09315510953734112,0.41381438671305126,0.01279317697228145,0.07,0.015194650395835351,0.5862513306067567,0.0064989635273684804,P_longicornis,46,"Bgy. 168, Deparo"
1.61,0.08489937331174348,0.6457888688228534,0.0045969463142341155,0.83,0.08493204781392708,0.45405727923627687,0.00899577749219754,0.49,0.07477575953097602,0.40816801442783174,0.0063994415032869855,0.08,0.06978390254306036,0.6000507614213197,0.005177664974619289,P_longicornis,47,"Bgy. 168, Deparo"
0.91,0.03920425485008819,0.5844143129864409,0.008174653678594155,0.52,0.056661982152720766,0.453159645232816,0.008083887657058388,0.32,0.04823994478601342,0.42518660936439717,0.012723365754354218,0.06,0.014512170675830468,0.5779368695086234,0.006562533897385834,P_longicornis,48,"Bgy. 168, Deparo"
1.26,0.08068714899447828,0.6373056994818653,0.004487780996287381,0.66,0.05972636235480847,0.42813455657492355,0.009461009174311927,0.35,0.0606303569915803,0.42064303567371053,0.010395364689843218,0.07,0.018732673992731055,0.5860457444468881,0.0068726632944798765,P_longicornis,49,"Bgy. 168, Deparo"
1.14,0.056833093448254504,0.6026202887853486,0.005212898463809568,0.72,0.059753939611907156,0.42083251328478644,0.005363117496555796,0.38,0.056838723344803437,0.4063045248342445,0.01250436198673956,0.12,0.06756866296028577,0.581570913127949,0.008215376075492645,P_longicornis,50,"Bgy. 168, Deparo"
0.87,0.045762462107851905,0.618047417290183,0.005589110249707023,0.51,0.07765927442132939,0.45944840746967147,0.005906674542232723,0.47,0.07317916473408133,0.4318531545394592,0.009287755550670476,0.07,0.017802514412381655,0.586044808009279,0.008912764788474452,P_longicornis,51,"Bgy. 168, Deparo"
1.29,0.05929174582741136,0.5984425575831496,0.006051508185954872,0.53,0.046013829677366086,0.3974950560316414,0.00821459358044724,0.45,0.07578241695565138,0.42933139209317955,0.01019151080748124,0.05,0.011041666666666668,0.5927864733287965,0.005391823273831336,P_longicornis,52,"Bgy. 168, Deparo"
1.39,0.07641299009049898,0.6364440699389088,0.005055824731409311,0.82,0.06355619481218452,0.40742968867498874,0.0061162079510703364,0.42,0.05627592746134999,0.3764110073830008,0.006955885044847154,0.06,0.06277487325488254,0.6042610127624537,0.00514615067929189,P_longicornis,53,"Bgy. 168, Deparo"
0.94,0.05912476055141461,0.6375797233496231,0.005301085065849416,0.91,0.09069602757583503,0.45242403154720484,0.0071909069821387145,0.35,0.05064189850871521,0.3885060226523641,0.006412177143884461,0.07,0.01883117447646728,0.5615029257776409,0.005235602094240838,P_longicornis,54,"Bgy. 168, Deparo"
1.49,0.06998231461962104,0.6051191606747163,0.006421561977117533,0.92,0.08991176907786283,0.4524100475220638,0.008463453269970582,0.37,0.06734057392232456,0.40434960060637865,0.00746312168386683,0.13,0.025534217317556823,0.589630793401414,0.008064938465566902,P_longicornis,55,"Bgy. 168, Deparo"
1.36,0.09386336773359763,0.6398688104951604,0.004519638428925686,0.59,0.0528289081735635,0.3953922789539228,0.006330427563304275,0.44,0.06095058710900939,0.4123316302833256,0.011901997213190896,0.14,0.11035013823899206,0.6042237202443649,0.0067410996418790815,P_longicornis,56,"Bgy. 168, Deparo"
1.06,0.06198334019279476,0.6122834645669292,0.005489313835770528,1.13,0.11577940156962138,0.4790512465373961,0.00644909972299169,0.48,0.06458253323499245,0.4080122180451128,0.00792998120300752,0.05,0.017328523505622178,0.6091499870028594,0.007746295814920717,S_geminata,57,"Bgy. 168, Deparo"
1.77,0.10454191480818165,0.6563609854574003,0.0040375341134248005,0.84,0.07782799821454713,0.4452561494359164,0.008137599408174588,0.29,0.04513777504163693,0.3812628274779669,0.006579741639502596,0.02,0.010374870227811405,0.5926840743354505,0.006469066102093625,P_longicornis,58,"Bgy. 168, Deparo"
1.78,0.09699082939251442,0.6387436710163421,0.00481620219816408,0.81,0.07244783805254075,0.4470184671772943,0.006578638221888069,0.44,0.10033485384495364,0.41759918616480163,0.009607776647451114,0.09,0.05071869005777629,0.5970873786407767,0.00786196707471507,P_longicornis,59,"Bgy. 168, Deparo"
0.91,0.05196777567023466,0.626216077828981,0.004821641918416112,0.82,0.05787540244178322,0.4138764238867794,0.005621578973322156,0.46,0.07108411453268473,0.3805577400036295,0.008892384005807271,0.02,0.005392353191412331,0.5995695453322571,0.005972558514931396,P_longicornis,60,"Bgy. 168, Deparo"
1.05,0.06189534430771619,0.6156027112036504,0.006467904133256546,0.62,0.06590573812498807,0.40282235467930105,0.0075908095165316625,0.31,0.029597222222222226,0.40804195804195803,0.013927738927738928,0.15,0.07179992634114471,0.592376777504544,0.008179193841548166,P_longicornis,61,"Bgy. 168, Deparo"
1.31,0.0629221410289086,0.6115233522479266,0.0063727629855958095,1.0,0.09700158192431238,0.45892146217879115,0.005700325732899023,0.36,0.08972067909981674,0.4161043379642756,0.010660618089027503,0.07,0.056449089403969706,0.6091012750077744,0.007359800974396185,P_longicornis,62,"Bgy. 168, Deparo"
1.35,0.08341615110591258,0.6328042773544394,0.005262493158758893,0.54,0.06311056873918468,0.4284829131118631,0.009866069300795957,0.23,0.04423269525295891,0.4115616911130285,0.009836065573770493,0.07,0.024535569103312196,0.5719046543154089,0.0068346136466335295,P_longicornis,63,"Bgy. 168, Deparo"
1.1,0.0430210481391037,0.5976303317535545,0.008767772511848342,0.55,0.07811783757516136,0.4501897972409962,0.00768447365984631,0.44,0.07513070149048327,0.4067670464304116,0.012480677849659358,0.15,0.027167491032460377,0.571396944874917,0.009242860305512508,P_longicornis,64,"Bgy. 168, Deparo"
1.11,0.06669481514075047,0.6067477120611938,0.007512634885944543,0.83,0.06594067941028715,0.433188523416241,0.0064448369694944385,0.4,0.06942043814992639,0.42146005198327496,0.014747429088032546,0.03,0.004937739101275513,0.5903121760165879,0.005126137541757862,P_longicornis,65,"Bgy. 168, Deparo"
1.21,0.0734602501844861,0.6550899611932107,0.004311865469797342,0.83,0.08181434106058882,0.43455398171396087,0.006537495854848642,0.33,0.05539133307710683,0.4003530450132392,0.010414827890556045,0.1,0.060971434468081495,0.5958373154932569,0.007858128915790592,P_longicornis,66,"Bgy. 168, Deparo"
1.33,0.07529283131332994,0.6131014703873993,0.007056038603359585,0.75,0.05996803368347744,0.3955064194008559,0.010902791929896067,0.44,0.062301617497249,0.4215513817170743,0.01112182942745276,0.12,0.06447208231481955,0.6017235909908004,0.00830072961827218,P_longicornis,67,"Bgy. 168, Deparo"
1.08,0.05682809356047392,0.6027145157579941,0.006303197607545433,0.91,0.0770828683112219,0.4468055230517201,0.008003744441844138,0.51,0.09309344375346017,0.41773589190416716,0.011070739184739413,0.16,0.07715304872654498,0.622571110141978,0.008286088094199739,P_longicornis,68,"Bgy. 168, Deparo"
1.43,0.07905757953955611,0.6295427901524033,0.0059454027801038355,0.67,0.06233606987668493,0.4436662464397441,0.010692440584582342,0.57,0.075030309115696,0.4253576437587658,0.008078541374474054,0.12,0.05916861008139142,0.6055021509373838,0.004832970417972276,P_longicornis,69,"Bgy. 168, Deparo"
1.25,0.059309500897649255,0.636331862466687,0.005723273187994233,0.95,0.11110766206705606,0.4547093285263632,0.008337088778729157,0.48,0.08859046092379716,0.43425279716406334,0.009859310956020826,0.06,0.010477814134266907,0.5915193940784944,0.009983933899472114,P_longicornis,70,"Bgy. 168, Deparo"
1.43,0.08069366569228091,0.6485483177679653,0.004103004962682193,0.71,0.06043098236771679,0.4297334800708168,0.010096176850567013,0.39,0.055474945588414086,0.4076330612714105,0.008391769168869984,0.14,0.06444845422128717,0.5888561478703456,0.007447093490490222,P_longicornis,71,"Bgy. 168, Deparo"
1.17,0.06801004737027154,0.6452716629565504,0.004410915986478687,0.55,0.060108148336959794,0.43359262460386055,0.005089791606645539,0.22,0.05640179065639197,0.38322549139299233,0.010682456354535465,0.08,0.050885238937157656,0.5960302951162183,0.005797858448681118,P_longicornis,72,"Bgy. 168, Deparo"
1.28,0.07672449246479687,0.626998619338173,0.004631897741949851,0.68,0.05077231906849818,0.38440434736731033,0.007069747810488552,0.41,0.05558377849070118,0.409408070705896,0.011222235143621351,0.17,0.08470265475120857,0.6047040971168437,0.007941325240263026,P_longicornis,73,"Bgy. 168, Deparo"
1.34,0.07881361325966754,0.6505676120181315,0.00441253158971479,0.52,0.043858386969397985,0.399296707776985,0.009428192844766078,0.35,0.05075297828988268,0.41299862448418156,0.011061439706556625,0.06,0.05624128289172376,0.5984274400319071,0.00814768389265569,P_longicornis,74,"Bgy. 168, Deparo"
1.13,0.0658113958213354,0.6271164137205018,0.004956575138170015,0.58,0.06286434593209372,0.39466104310256145,0.004732023454377122,0.19,0.03351914667109969,0.4134059008879977,0.01031223145230593,0.08,0.051462070712960696,0.5859008984181227,0.008488122140770545,P_longicornis,75,"Bgy. 168, Deparo"
0.95,0.05306953259374636,0.6099357257632566,0.006427423674343867,0.74,0.07107725614780541,0.416735627707735,0.006912330234143017,0.51,0.05742840762176993,0.4147688453655204,0.007287633796401731,0.09,0.06673892537197293,0.6033695321221962,0.007814878717141987,P_longicornis,76,"Bgy. 168, Deparo"
1.28,0.06016952655742557,0.5935294396286296,0.004878973047226565,0.79,0.07810104033301865,0.4351163121239399,0.005969583550480883,0.4,0.0586532269713153,0.40405979177572265,0.01169080439713837,0.1,0.021257727652464493,0.6015795489971942,0.008209498077522602,P_longicornis,77,"Bgy. 168, Deparo"
1.5,0.07657299153129181,0.6140927510130572,0.0055830706888788835,0.64,0.058777595208543296,0.42470364408019906,0.007366212985999317,0.31,0.058184310059892615,0.40094451003541914,0.012868949232585596,0.1,0.07104478588411538,0.5865241437991917,0.005424377791959157,P_longicornis,78,"Bgy. 168, Deparo"
1.37,0.08397360146068164,0.6429002049756842,0.004863148587275431,0.86,0.07900729329599271,0.4411969704010037,0.009386180939547418,0.41,0.05950988233590686,0.4015614985725106,0.011769504165938355,0.01,0.003468726163234173,0.6154693813296951,0.009340399853072362,P_longicornis,79,"Bgy. 168, Deparo"
1.12,0.06141584016683766,0.6086122162415165,0.004914579920430611,0.84,0.05826131156930127,0.4092579715903447,0.005761398629184464,0.28,0.05236378012371622,0.41313657407407406,0.009143518518518518,0.07,0.054028933183298704,0.5877395066584256,0.009495982468955442,P_longicornis,80,"Bgy. 168, Deparo"
1.19,0.06324440920447866,0.5917241379310345,0.0051231527093596055,0.64,0.07307762393242448,0.4393572426641826,0.006893339543549138,0.37,0.06311447422050016,0.41148325358851673,0.01190337262224297,0.06,0.012027777777777778,0.6077328287219352,0.005216590804480131,P_longicornis,81,"Bgy. 168, Deparo"
0.95,0.049643036184583114,0.5874139626352016,0.006145526057030482,0.54,0.056917358162756,0.41426864482724285,0.008264462809917356,0.24,0.03642652456766947,0.3953638119768191,0.00614646139436867,0.15,0.08017919020682586,0.5991629267308759,0.005546871060460894,P_longicornis,82,"Bgy. 168, Deparo"
1.26,0.06485144811344312,0.6052828075415344,0.006673511293634497,0.71,0.080614639891513,0.4535796976438008,0.006128841875879603,0.48,0.06964769833951592,0.38244457759137207,0.006171360095865788,0.06,0.015416736812570145,0.6168125031611957,0.009154822720145669,P_longicornis,83,"Bgy. 168, Deparo"
1.06,0.04353006349793078,0.5906580094970443,0.004748522143618567,0.55,0.051124832055751704,0.4447136666511346,0.009132845626951214,0.48,0.05971326568666223,0.3901794825619785,0.011585329251455669,0.09,0.024674828682833702,0.5739326336611902,0.0064838727402604535,P_longicornis,84,"Bgy. 168, Deparo"
1.22,0.06628635747483266,0.6449032889904514,0.004407083979433608,1.4,0.13755576830274843,0.5152114570558215,0.004945207105273569,0.51,0.052867457344985436,0.4071695469406819,0.011676786548341896,0.25,0.11593483355542386,0.6178985177315728,0.007487226185055902,S_geminata,85,"Bgy. 168, Deparo"
1.35,0.06666976531987956,0.6063992580570369,0.005008115001159286,0.6,0.0434860238615593,0.4107,0.00545,0.42,0.05422722698548167,0.40609254647593673,0.009613714020964847,0.08,0.10367651853026566,0.6014380530973451,0.007853982300884957,P_longicornis,86,"Bgy. 168, Deparo"
1.29,0.05339168804446582,0.6057692307692307,0.005520794994479205,0.82,0.06387417779330574,0.43046007403490216,0.005143983462333542,0.45,0.08635486850229408,0.4248595114894564,0.010515773660490736,0.08,0.06954726628810295,0.5985809726034492,0.008597027292972188,P_longicornis,87,"Bgy. 168, Deparo"
1.67,0.08643109871555141,0.6650419916016796,0.003974205158968206,0.83,0.09043770235483704,0.4436019844612936,0.0048675465693157356,0.24,0.05368769066505086,0.40875912408759124,0.012628895840574673,0.08,0.02767473277313703,0.5796865679735372,0.00835095710644759,P_longicornis,88,"Bgy. 168, Deparo"
1.26,0.0767353885862689,0.644152978671243,0.0047805834763422405,1.09,0.10786358077967884,0.4647717638659587,0.006246932310026326,0.42,0.057972441972162496,0.41312829928850126,0.01595134266697269,0.07,0.017775720529563686,0.5895729339988908,0.008319467554076539,P_longicornis,89,"Bgy. 168, Deparo"
1.32,0.08141894046815218,0.6375944317120787,0.005262711145064086,0.66,0.07577420855061968,0.4347722621483985,0.00804340583503879,0.27,0.04597907105918898,0.4047339363326677,0.00927992482086221,0.07,0.01959722222222222,0.597187758478081,0.00858147229114971,P_longicornis,90,"Bgy. 168, Deparo"
1.39,0.06703174581672587,0.6267346850546885,0.006138947732480221,0.34,0.04184736318201078,0.4373959769841647,0.008749821674829997,0.51,0.0798840557017275,0.4087945063188874,0.0062323273125973805,0.11,0.06748469526096221,0.5901995763184301,0.007916155647229346,P_longicornis,91,"Bgy. 168, Deparo"
1.45,0.07304005981959005,0.6347297967278136,0.004709965294992563,0.62,0.05930559313287339,0.4345249566390441,0.009394873771439584,0.49,0.08972660978392644,0.39915819010873377,0.008418098912662224,0.06,0.011510823039493022,0.5869939707149009,0.007874984619170666,P_longicornis,92,"Bgy. 168, Deparo"
1.27,0.07694619737209211,0.6587566716584111,0.004146987674231079,0.61,0.07032614028661639,0.4475253835996904,0.005053954377817238,0.42,0.07206431770489104,0.41800733841377363,0.010330228619813718,0.07,0.07364635522957966,0.5882919005613473,0.00491847099705961,P_longicornis,93,"Bgy. 168, Deparo"
1.16,0.0630242956589033,0.6052261488908043,0.006396588486140725,0.86,0.08805022502854812,0.4565755706631849,0.008869479086938904,0.36,0.059181463028497035,0.4130384570966624,0.01120221734611387,0.08,0.01925458200192243,0.5677044794809039,0.005065740793442996,P_longicornis,94,"Bgy. 168, Deparo"
1.55,0.0837020151434693,0.6250496316230644,0.006088145762562315,0.63,0.06692189814714998,0.45054792620335693,0.007583113700467009,0.64,0.09652948126523356,0.41460070832857304,0.010110819147720782,0.18,0.11769638639653493,0.5918204116455156,0.007411752159539298,P_longicornis,95,"Bgy. 168, Deparo"
1.4,0.07371691307157684,0.6178854507187318,0.0046124221933634855,0.49,0.055466733657618485,0.42695597545063546,0.008263664040980041,0.41,0.0478938131865012,0.3909796716647899,0.006282226041604931,0.08,0.014307307279861568,0.5882160927044231,0.007997388607801534,P_longicornis,96,"Bgy. 168, Deparo"
1.31,0.07353407876418117,0.6308024926872695,0.004917546313959896,0.71,0.0823295813605033,0.44049567453822774,0.010147299509001636,0.48,0.07680830170088448,0.43017843289371605,0.012080239388230078,0.05,0.01172222222222222,0.6058603555145741,0.0052251421546027355,P_longicornis,97,"Bgy. 168, Deparo"
1.16,0.06280936133866155,0.5961705037611124,0.005333941189879189,0.81,0.08416408183100545,0.45487777016221154,0.009138679460817912,0.44,0.07190730496097314,0.38737970520160797,0.006395419661347302,0.19,0.04831544202742656,0.5650408796165773,0.005525796447702284,P_longicornis,98,"Bgy. 168, Deparo"
1.57,0.08524885176817998,0.648292366350288,0.004421189259349396,0.5,0.0494089141504555,0.4193421505482079,0.009194159004867496,0.38,0.07131267267145104,0.4152713044478969,0.01070257206973934,0.02,0.016714498597274356,0.6002160716123058,0.01064924374935693,P_longicornis,99,"Bgy. 168, Deparo"
1.14,0.06596139119106813,0.5743366681165725,0.005567638103523271,0.76,0.08075752578363851,0.4295862191440242,0.005549635943882082,0.42,0.053730076712709705,0.3914130434782609,0.008695652173913044,0.09,0.018688541752116816,0.5390674228103339,0.008926696072253729,P_longicornis,0,"North bay blvd, Navotas"
1.13,0.0703199819648373,0.5745708390042586,0.005224568643807349,0.49,0.055581170654753355,0.41909202009686325,0.006880007242112887,0.42,0.06660538419325028,0.356100949293818,0.007987960175966658,0.13,0.08761880571522968,0.5591575269339027,0.00485295544986897,P_longicornis,1,"North bay blvd, Navotas"
1.17,0.07178630210502529,0.5775026680896478,0.006189967982924227,0.79,0.07174805598613235,0.42270695027774013,0.00894187779433681,0.31,0.03956355397238529,0.38072396675776676,0.010039600646996487,0.0,0.0036953628547118722,0.5483666896710375,0.004945939728548425,P_longicornis,2,"North bay blvd, Navotas"
1.42,0.07113727487994816,0.5707837323538523,0.005443200424835155,0.63,0.05193098965435736,0.3854206500956023,0.006261950286806883,0.41,0.07502729795350101,0.38268141057380206,0.01419376134675689,0.13,0.07313869085108878,0.5487712570015643,0.005197557652520563,P_longicornis,3,"North bay blvd, Navotas"
1.56,0.08848590874212559,0.6267666884105241,0.004022613611654707,0.57,0.07373248224553992,0.43554470823163965,0.0059463057466163744,0.41,0.046892447671696404,0.37808539026017346,0.007949744273960418,0.13,0.06398782027664245,0.5271045918367347,0.005208333333333333,P_longicornis,4,"North bay blvd, Navotas"
1.26,0.057099682926071815,0.5644474637681159,0.006884057971014493,0.97,0.11162752972759367,0.4486659183144806,0.007253259649425784,0.22,0.027995748299319726,0.3614300329657838,0.009321359554393543,0.04,0.007191654732068267,0.5530093304624218,0.007895006664616016,P_longicornis,5,"North bay blvd, Navotas"
1.1,0.05892403476406313,0.5829776550338941,0.005272407732864675,0.49,0.06334212521048369,0.42768548277579105,0.010909420125843103,0.41,0.05804580209561308,0.36700298743024634,0.008905924130545065,0.02,0.00906709574454694,0.5384084514519297,0.00923713967192228,P_longicornis,6,"North bay blvd, Navotas"
1.42,0.0811747546544305,0.5822924164796545,0.00550450946352204,0.62,0.07654935320877997,0.42865489191497014,0.009213069075547167,0.39,0.06055368732949053,0.3499234303215927,0.006478972788314289,0.1,0.07753534067041051,0.5325938387130691,0.00462622226895174,P_longicornis,7,"North bay blvd, Navotas"
1.16,0.061916378975580964,0.5774430943008728,0.004492555194249529,0.74,0.07146341086777061,0.4033408408408408,0.006850600600600601,0.36,0.0673250911773919,0.39900168194889046,0.010851283164234171,0.06,0.017121026573983563,0.5456325062166023,0.008941325855774826,P_longicornis,8,"North bay blvd, Navotas"
1.09,0.05363845442244565,0.5600583489082372,0.007202443360532434,0.82,0.0840028216790036,0.4351687388987567,0.005239786856127886,0.45,0.07901368904707445,0.3873476936466493,0.010063098346388164,0.07,0.019622416990656096,0.5179870257519167,0.008715025227704606,P_longicornis,9,"North bay blvd, Navotas"
1.31,0.07932139320732318,0.594342762063228,0.005033277870216306,0.66,0.06369146818796939,0.4130535055350554,0.0056734317343173435,0.34,0.07487316320351062,0.3741561122579925,0.016068738492439883,0.09,0.06413932696398891,0.5341252585246858,0.004825794134804051,P_longicornis,10,"North bay blvd, Navotas"
1.38,0.0954231323111095,0.6000161056530843,0.004710903527138026,0.98,0.11177513064248772,0.45142929420693145,0.006914579644152121,0.32,0.06451985791065629,0.3936002607703591,0.008746672461563536,0.04,0.01490636750804298,0.5289002557544757,0.006592782040352373,P_longicornis,11,"North bay blvd, Navotas"
1.4,0.06223346931365138,0.529719589257504,0.0048380726698262246,0.66,0.06470158953576868,0.418937268036571,0.008961709061283607,0.37,0.04592831118424527,0.3651778093883357,0.012916073968705548,0.11,0.055744428606357914,0.5294025974025974,0.0053506493506493506,P_longicornis,12,"North bay blvd, Navotas"
1.44,0.07922813365370934,0.5880878790410158,0.005471556260963997,0.9,0.09318082937991501,0.4219388442369,0.010372232948677652,0.25,0.035569444444444445,0.379579413392363,0.013337022689540675,0.03,0.008835872029971409,0.5490134832630538,0.00484148055598938,P_longicornis,13,"North bay blvd, Navotas"
1.25,0.07508626953781938,0.5649734846824735,0.007801200859008634,0.97,0.1064061985002853,0.45056069585980474,0.008186585937833113,0.24,0.03013888888888889,0.3776792728088879,0.010155986982381326,0.07,0.058393329999230255,0.5446275406768207,0.004990383115870458,P_longicornis,14,"North bay blvd, Navotas"
1.31,0.09057009696318126,0.5953267586037566,0.0054016450464459635,0.78,0.09258000835340366,0.42449566428539337,0.007233679291908164,0.33,0.08056382622803036,0.3767400089806915,0.00982263134261338,0.05,0.07274982729231237,0.5472776221086754,0.008845667820449425,P_longicornis,15,"North bay blvd, Navotas"
1.22,0.07485275642209353,0.5933338746346216,0.004425138031828516,0.7,0.08475843681018437,0.4245909090909091,0.009272727272727273,0.47,0.043805555555555556,0.36880640217946536,0.00925137635507123,0.12,0.07968601388919389,0.5425200124753092,0.00499012371348373,P_longicornis,16,"North bay blvd, Navotas"
1.45,0.07337779896954234,0.5673800143266475,0.005282951289398281,0.76,0.08217659488607866,0.4206504434841938,0.009415510575392312,0.51,0.06851767230531652,0.3639355620994284,0.006409146024597263,0.03,0.009651629987147461,0.5573998659724728,0.006546729212846023,P_longicornis,17,"North bay blvd, Navotas"
1.31,0.06942163963412736,0.5823153743945824,0.006257768634006258,0.86,0.08170941000933968,0.42951973625590306,0.008732068074489887,0.49,0.06275843984732023,0.39259502683755065,0.007667871617920911,0.1,0.056853905734859614,0.5409296585767174,0.005090497737556561,P_longicornis,18,"North bay blvd, Navotas"
1.3,0.07560752393512382,0.5620252012919074,0.00468543874812355,0.8,0.06499117320200616,0.39813182099795075,0.004765762760329791,0.4,0.04966741090283211,0.38464093903992025,0.009744753889596367,0.12,0.027096772886899382,0.549385458314823,0.007700281356434177,P_longicornis,19,"North bay blvd, Navotas"
1.24,0.06617012488307468,0.5660189552949323,0.004457523694118665,0.77,0.0970265748910915,0.44946604015378044,0.007261853908586074,0.46,0.07474981986223393,0.3663489198488352,0.010547690225054994,0.06,0.04908163833488342,0.5405350730794518,0.005107975522176705,P_longicornis,20,"North bay blvd, Navotas"
1.54,0.07688009637029829,0.566520139947968,0.004709787386740827,0.65,0.06400653554574562,0.41279284264895777,0.010145729570190002,0.34,0.05809516171164082,0.37731196054254007,0.010761125434368345,0.04,0.01700054284203769,0.5216965209342843,0.005008983503021724,P_longicornis,21,"North bay blvd, Navotas"
1.33,0.06675970888835404,0.5743243243243243,0.005035290067137201,0.44,0.0451997642504639,0.3868291045134059,0.005851599597102979,0.34,0.04500614577637088,0.3511804629038807,0.006148848541098671,0.05,0.03868691888457655,0.5333333333333333,0.006419753086419753,P_longicornis,22,"North bay blvd, Navotas"
1.44,0.09121657765490047,0.6229612927470876,0.004021044720030064,0.71,0.0697124459658719,0.3908496107741535,0.009360523425187449,0.55,0.08439297965553473,0.3769788182831661,0.006243032329988852,0.06,0.055120734148772436,0.5595203132648067,0.00797846304454234,P_longicornis,23,"North bay blvd, Navotas"
1.59,0.0857462952606755,0.6116772239052602,0.004170437109021521,0.92,0.09411476768033168,0.4247631935047361,0.007307171853856563,0.21,0.04506539245463036,0.3709385259821125,0.0062266500622665,0.15,0.0680483612646705,0.5227424377224199,0.00761788256227758,P_longicornis,24,"North bay blvd, Navotas"
1.29,0.08113702291210265,0.6158559938720797,0.004136346227499042,0.68,0.059675463788208885,0.4269814806470509,0.00747983598431938,0.2,0.058468140777393734,0.37069884928431096,0.006567499298344092,0.12,0.022791526374859705,0.5427013930950939,0.0065112053301029675,P_longicornis,25,"North bay blvd, Navotas"
1.03,0.04660195953411795,0.559439923625949,0.008773923716870483,0.72,0.06750824925432412,0.40394366197183096,0.004882629107981221,0.29,0.04611330918543172,0.3694198957625198,0.0060049852707908455,0.04,0.010600211749541587,0.5480051797496455,0.005179749645433804,P_longicornis,26,"North bay blvd, Navotas"
1.55,0.08732361608785734,0.6204258278913405,0.0042891920089647975,0.65,0.08126229813967699,0.43055245908949036,0.012440362063584072,0.28,0.0417907093303223,0.37397414277684093,0.00893760539629005,0.17,0.07467781479554508,0.5305409183783203,0.005484460694698354,P_longicornis,27,"North bay blvd, Navotas"
1.35,0.08165407663396371,0.6144420295285917,0.004159484373828974,0.57,0.06852189785257916,0.4183206805085521,0.009512485136741973,0.33,0.052928196422167575,0.3728737690241719,0.008896598030438675,0.07,0.05090357986801933,0.5439773020376579,0.004952282692803714,P_longicornis,28,"North bay blvd, Navotas"
1.32,0.07917893140172537,0.6234517236233398,0.0040665572302641395,0.76,0.07743778602847877,0.3848107448107448,0.007716727716727717,0.43,0.055902278759439275,0.37799043062200954,0.010737732279959942,0.15,0.08585674538732202,0.5568102676350611,0.005173614565714854,P_longicornis,29,"North bay blvd, Navotas"
1.17,0.06013331191043116,0.5626479614204296,0.005217010083296799,0.52,0.0699785928214197,0.42114800887962667,0.008426584515018348,0.35,0.04732810841490243,0.37816764132553604,0.010693400167084378,0.14,0.032798092370841025,0.5443037974683544,0.006044949625419788,P_longicornis,30,"North bay blvd, Navotas"
1.05,0.04792594122536638,0.5675833295949038,0.006818895518370643,0.52,0.0693240406531654,0.4177499084584401,0.005172098132552178,0.47,0.07568216887753022,0.37882589061716004,0.012209399565144673,0.07,0.02501113021706474,0.5321472608772239,0.008396453525923317,P_longicornis,31,"North bay blvd, Navotas"
1.31,0.06988567523304504,0.5564016922734357,0.00503228679581385,0.71,0.0651300331085409,0.4370528373994578,0.007687863840376839,0.39,0.07364014281622532,0.37778766475724374,0.0071742394750013904,0.05,0.012682480929053644,0.5554705822371775,0.004792495156520853,P_longicornis,32,"North bay blvd, Navotas"
1.44,0.06953181396836744,0.5723424351708741,0.005967714236647776,0.61,0.05958799675879243,0.40905502670071975,0.009194334803807755,0.41,0.06916381047741155,0.38182527301092045,0.010530421216848674,0.08,0.028271447874719236,0.5525479288765273,0.008244760107281215,P_longicornis,33,"North bay blvd, Navotas"
1.28,0.07114370831837222,0.5604031478669059,0.007547517142988632,0.62,0.07247170898076695,0.41733797143903334,0.010847674844379348,0.16,0.0453320020519038,0.3833379616773119,0.012663149125242988,0.11,0.06207727049859918,0.5452300424115532,0.006495946743973802,P_longicornis,34,"North bay blvd, Navotas"
1.01,0.043819374298540964,0.5591266612422023,0.008317511979025404,0.68,0.08390361663189921,0.4467766757865937,0.00542920656634747,0.41,0.0702170782059258,0.39296536796536796,0.007305194805194805,0.14,0.09354055686222262,0.549434079280583,0.008269161196961083,P_longicornis,35,"North bay blvd, Navotas"
1.25,0.07767906175782578,0.5991511721907842,0.00481002425222312,0.65,0.07680339277098543,0.38991877687529863,0.008026755852842809,0.36,0.06140928829430802,0.37190361175082853,0.009380441498623828,0.08,0.033066443930891073,0.5438667749796913,0.005026401299756296,P_longicornis,36,"North bay blvd, Navotas"
1.24,0.07497448802607115,0.5925033685843779,0.0044506145114531865,0.71,0.08109423933463317,0.4221687403505585,0.006993006993006993,0.33,0.06735736613334904,0.3851488963505257,0.011779600374305059,0.14,0.08467866617129197,0.5499000946471764,0.008045009990535283,P_longicornis,37,"North bay blvd, Navotas"
1.14,0.06253296563969411,0.5359215910172234,0.004852983157293748,0.93,0.09293535518726874,0.43419607153842776,0.00628378081469438,0.3,0.04997993770292152,0.3589979315099977,0.006205470006894967,0.09,0.024658400878670963,0.5270733379026731,0.00669584014340697,P_longicornis,38,"North bay blvd, Navotas"
1.29,0.07225199654450119,0.5861427181591303,0.004526035277695529,0.5,0.04937048305817716,0.4202295486762083,0.008688097306689836,0.36,0.06481895196259231,0.33759696808195655,0.006158583525789068,0.1,0.0696979781451593,0.5357684067513194,0.004964205465851492,P_longicornis,39,"North bay blvd, Navotas"
0.78,0.03761432642506123,0.524601663493336,0.006864415272071349,0.6,0.06968339188120642,0.4345203778438068,0.008337398554259613,0.44,0.06754663040367925,0.3785738124374235,0.012348425853821338,0.08,0.029353029422738607,0.5650915646645792,0.007306196033779296,P_longicornis,40,"North bay blvd, Navotas"
2.03,0.11202208627226189,0.6217670031685211,0.00427381917323705,0.71,0.07748477763975334,0.42620320855614974,0.006595365418894831,0.3,0.04982326323222449,0.37607549264501805,0.012267554815431585,0.06,0.060452661579784864,0.5450038333759264,0.007615640173779708,P_longicornis,41,"North bay blvd, Navotas"
0.74,0.03575741560436712,0.5518336837187573,0.004905395935529082,0.84,0.09799309492983387,0.44235497088634895,0.005218891524692689,0.28,0.06122219256399878,0.3827044373132677,0.007911917671793736,0.04,0.011167087542087542,0.5283227848101266,0.00669831223628692,S_geminata,42,"North bay blvd, Navotas"
1.27,0.0838968343781357,0.6256660746003553,0.0038854351687388987,0.78,0.08690864746007707,0.42770816671109924,0.007331378299120235,0.35,0.05995574442017521,0.36622497885537075,0.006991824076684522,0.09,0.06311958496382651,0.5463703054856016,0.00459870798204314,P_longicornis,43,"North bay blvd, Navotas"
1.06,0.06134968113792627,0.5700044903457566,0.004804669959586888,0.58,0.08377293546217159,0.4341956767080476,0.007552738953034118,0.37,0.05949678052595713,0.37410396794039624,0.0117965795563583,0.07,0.02523611111111111,0.5578241284763024,0.004945162553858206,P_longicornis,44,"North bay blvd, Navotas"
1.15,0.06316334323362051,0.5959083403809754,0.005195119004470218,0.59,0.056158908597367004,0.42192117106878213,0.006546347229167614,0.21,0.0524547126682722,0.37627721012883164,0.005886272767658818,0.02,0.003284077892325315,0.5426218328699575,0.006662120337827204,P_longicornis,45,"North bay blvd, Navotas"
0.98,0.04912782332796227,0.5569174479762177,0.005351017608049394,0.68,0.07125498091853244,0.4249309736115512,0.009867378807767165,0.29,0.042487653227115084,0.3931386940683956,0.010601859403033763,0.07,0.06333876360543367,0.5320516403062651,0.005085787738221651,P_longicornis,46,"North bay blvd, Navotas"
1.12,0.05780846224909845,0.557832820182896,0.005836128854372501,0.75,0.07105344655344656,0.41786042240587695,0.005463728191000918,0.34,0.03338888888888889,0.35795095618216277,0.007523114914144605,0.06,0.017055031315727488,0.539468085106383,0.004893617021276595,P_longicornis,47,"North bay blvd, Navotas"
1.27,0.07664465523388908,0.6003904978848031,0.005287992190042304,0.76,0.08132511429554794,0.4008667388949079,0.005511328842620943,0.38,0.08880376693379398,0.3891906721536351,0.011083676268861455,0.17,0.03183008492429299,0.5450672415563084,0.006262190740170414,P_longicornis,48,"North bay blvd, Navotas"
1.07,0.06323824171826961,0.5769379761546076,0.004648560237593078,0.71,0.07009969854001127,0.3868316689760619,0.0049691815184671985,0.28,0.04450170411633494,0.34895802930360165,0.0058957445566516845,0.11,0.05668313195523459,0.538433871133491,0.004932689343335731,P_longicornis,49,"North bay blvd, Navotas"
1.1,0.06860377515209974,0.5793296089385475,0.006360120326600774,0.72,0.06415290541167734,0.39894469047394704,0.007632149250918685,0.39,0.06291666125389807,0.36895832158366704,0.008967345327392701,0.09,0.05728571601027396,0.5360141866165963,0.005580764616909195,P_longicornis,50,"North bay blvd, Navotas"
0.95,0.04497879102484365,0.5683870396600567,0.0056657223796034,0.68,0.07405857658615703,0.40736596736596736,0.005174825174825175,0.27,0.04148611111111111,0.33817415236868303,0.006031504362592961,0.06,0.07908778923312358,0.5605509754723744,0.006144707870346664,P_longicornis,51,"North bay blvd, Navotas"
1.34,0.07723347074683139,0.5780212197015441,0.0061243854049857676,0.36,0.04456201220570504,0.3939306774054365,0.010403183278201255,0.49,0.06745907691970857,0.3772953061338394,0.010771892615951332,0.06,0.012729410200703247,0.5475473889856909,0.006441733988066952,P_longicornis,52,"North bay blvd, Navotas"
1.19,0.08514739641721596,0.5712645708230307,0.008124337689862239,0.83,0.0753571343534062,0.40499371127777517,0.006381888479992547,0.28,0.0583354384982269,0.375374542226168,0.0063810897791588056,0.07,0.014638888888888887,0.5433038679679117,0.008226457513668182,P_longicornis,53,"North bay blvd, Navotas"
1.23,0.05541144914756026,0.5493700419972002,0.006252916472235184,0.45,0.0444591368467465,0.42486110483761685,0.005826821446316455,0.32,0.05022171650918791,0.33640087870331886,0.006352787508163629,0.03,0.014034493245600308,0.5415743144829334,0.00987904502564752,P_longicornis,54,"North bay blvd, Navotas"
1.3,0.06533745899561792,0.54808143353035,0.004831597710854677,0.7,0.06155464131801266,0.38160784887977744,0.009469419631961731,0.39,0.06194598031043089,0.38011404528594367,0.01179206111941538,0.05,0.018944328803097172,0.5358885395207633,0.004879106581372655,P_longicornis,55,"North bay blvd, Navotas"
1.1,0.059800930248642664,0.5773850377487989,0.0051904598490048045,0.73,0.06810929102336968,0.42268602540834843,0.008484573502722323,0.43,0.08534607249109565,0.37233387448916755,0.008229300789341096,0.11,0.03388910844661489,0.5376101660176266,0.007942201270752203,P_longicornis,56,"North bay blvd, Navotas"
1.03,0.062936334189566,0.5652061411074694,0.0047007072623770916,0.58,0.0713135042303717,0.4200894672631151,0.00786227463738647,0.52,0.09125543760655275,0.37533274179236914,0.011923247559893522,0.05,0.014130659730523526,0.5448456772897249,0.006418485237483954,P_longicornis,57,"North bay blvd, Navotas"
0.94,0.05275412022172783,0.5756205712298396,0.004477676824761988,0.99,0.10507518476126848,0.45800785373474645,0.006038086391082211,0.41,0.05444915347964959,0.36618598841830363,0.011752015442261838,0.11,0.06450691678791863,0.5556592650815484,0.008989978384751424,S_geminata,58,"North bay blvd, Navotas"
1.37,0.07072831064286404,0.581865350014645,0.0051885016109460644,0.66,0.06714272374169446,0.3753937007874016,0.008710629921259842,0.32,0.04942875064913339,0.38008321775312065,0.013092926490984744,0.07,0.03946137286237755,0.5456560523328108,0.005784721846785966,P_longicornis,59,"North bay blvd, Navotas"
1.3,0.05593508150178177,0.56003285720805,0.004791676173960663,0.56,0.06012490595942434,0.4194282592862345,0.009240713765477058,0.59,0.11936571153507111,0.40511239836318225,0.006802359568475315,0.03,0.010603826984475153,0.5555498773507768,0.004803761242845462,P_longicornis,60,"North bay blvd, Navotas"
1.39,0.08272925669445345,0.5843714145222094,0.0048352729060809705,0.35,0.04614826888746288,0.40372670807453415,0.004763461448652688,0.42,0.0722550723023551,0.36470722781335774,0.007376486733760293,0.01,0.0024473484231666938,0.540165572366543,0.005081358835284043,P_longicornis,61,"North bay blvd, Navotas"
1.15,0.0560007141037024,0.5628491620111732,0.004730582086862498,0.48,0.05475246561938515,0.40848880597014925,0.0070895522388059705,0.5,0.06461800955109037,0.37490963687927487,0.009508980703998221,0.06,0.014402590393569777,0.534298944647857,0.006838251130734439,P_longicornis,62,"North bay blvd, Navotas"
1.37,0.08286309998521332,0.6013153647514525,0.0044786959328599095,0.79,0.0880957914393504,0.4330794817927171,0.0047706582633053225,0.5,0.06070504628821358,0.3503679476696648,0.006249269945099872,0.15,0.08902046603781512,0.567376563842995,0.007687899914048324,P_longicornis,63,"North bay blvd, Navotas"
1.18,0.06412368221726877,0.5752269224182223,0.005009419421133756,0.45,0.04273304679915068,0.38464935957206653,0.008539039112725131,0.44,0.08418911501972376,0.4005148557331331,0.009707175801780543,0.07,0.04354137232150803,0.5394158981115503,0.005434782608695652,P_longicornis,64,"North bay blvd, Navotas"
1.04,0.04781225926939528,0.5474490275298318,0.009160950859720005,1.0,0.08660878293517181,0.43466318443804036,0.008150216138328531,0.37,0.057556457290845464,0.3895856052344602,0.011177753544165758,0.02,0.008531300777407378,0.5574190177638454,0.005015673981191223,P_longicornis,65,"North bay blvd, Navotas"
1.26,0.06539201254048445,0.5649545494660665,0.006927896919954108,0.57,0.06288552641949922,0.414662243111234,0.009400055294442908,0.21,0.0386000375747938,0.3807349543404115,0.01034217185608978,0.08,0.03102265712682379,0.5469029184038118,0.0062040897359539405,P_longicornis,66,"North bay blvd, Navotas"
1.26,0.06320269887706086,0.5744513421351753,0.004546646847949637,0.56,0.0478667743568716,0.37498763233402593,0.004947066389630949,0.39,0.06459057012967725,0.37698278771515353,0.009224884688941387,0.15,0.08407579794727942,0.5452852635390265,0.0078622045207676,P_longicornis,67,"North bay blvd, Navotas"
1.26,0.06196614501579478,0.559442795158712,0.004749942909340032,0.41,0.05454472236312251,0.41224871435250116,0.006778868630201029,0.25,0.03644180343810433,0.3578214059531349,0.007311877482871783,0.07,0.05403621157498068,0.5316337719298245,0.005098684210526316,P_longicornis,68,"North bay blvd, Navotas"
1.31,0.06707211560094017,0.5542677938369239,0.0046813926006726665,0.61,0.06065810044571729,0.41340344080070107,0.008763433420967668,0.25,0.05875944462995198,0.38111734301110745,0.009897723523589575,0.15,0.07179583886610542,0.5519836913909362,0.006952067325283571,P_longicornis,69,"North bay blvd, Navotas"
1.19,0.06349717733349382,0.56489836842585,0.004830917874396135,0.65,0.06415775425679333,0.41348262188010265,0.01040354560298577,0.42,0.08330817104809426,0.38112602906237913,0.012542129399414332,0.07,0.020353754446616173,0.5411636164982245,0.006009287080032778,P_longicornis,70,"North bay blvd, Navotas"
1.68,0.08817588295650367,0.5798699341056893,0.005857272061673629,0.6,0.0809531916623628,0.42934685887168533,0.005339028296849973,0.3,0.05421599533008419,0.37603947222530215,0.012196474110211774,0.11,0.078074769992573,0.5474096779056329,0.004974624390734134,P_longicornis,71,"North bay blvd, Navotas"
1.32,0.05906588198320457,0.550953803723282,0.004688577338542864,0.61,0.060925499126060274,0.40252309712517,0.006940861980021573,0.34,0.03716666666666667,0.3659008189262966,0.006369426751592357,0.08,0.01766260393046107,0.5493820958504974,0.005073847081282026,P_longicornis,72,"North bay blvd, Navotas"
1.0,0.06599184804866462,0.5675828723265235,0.005706320512262055,0.76,0.08116121798045817,0.4146763901549681,0.004968094804010939,0.4,0.05594057928118439,0.37049810595352517,0.014360829988126872,0.0,0.0005772005772005772,0.5506815365551425,0.008116480793060718,P_longicornis,73,"North bay blvd, Navotas"
1.46,0.09090223549018697,0.606028157842554,0.0044814594487408285,0.92,0.09507540394016856,0.42733470889028435,0.007670225172692204,0.43,0.06511764980208608,0.3231391000120642,0.006092411629870913,0.08,0.019220402195966102,0.5473171721269906,0.008266558474490314,P_longicornis,74,"North bay blvd, Navotas"
1.07,0.0736066471636996,0.5794498948843728,0.005387175893482831,0.89,0.08927013622441152,0.4219893395970729,0.0046978046797362,0.31,0.06129113558984686,0.3918845018046593,0.013070108279558132,0.07,0.029213069482682676,0.5528662420382165,0.004840764331210191,P_longicornis,75,"North bay blvd, Navotas"
1.0,0.05677654250886227,0.5782722072678331,0.00614064602960969,0.81,0.0895455826337063,0.44136367599616355,0.0059726218502049,0.33,0.041111812570145914,0.3807522123893805,0.010176991150442478,0.06,0.015290824915824916,0.5459497629375567,0.005195198224553617,P_longicornis,76,"North bay blvd, Navotas"
1.1,0.06506891052040882,0.5920638085742772,0.0047457627118644066,0.67,0.07345330817512188,0.4115569823434992,0.00921806925017198,0.42,0.0825733579738394,0.3927171169235727,0.012621515656050271,0.03,0.06006502425801312,0.5643442403470251,0.007711669255074171,P_longicornis,77,"North bay blvd, Navotas"
1.33,0.07582905887651296,0.5940128237155466,0.004704804729785994,0.62,0.05679563492063491,0.40837257004335464,0.00601370565474803,0.28,0.03230555555555556,0.36371897540750836,0.012381439200318055,0.13,0.03481628433711818,0.5192194663218526,0.006759139532149994,P_longicornis,78,"North bay blvd, Navotas"
0.97,0.05830916325666047,0.5784652609747667,0.005487383339094366,0.67,0.07450782782626628,0.4115158204562178,0.005794701986754967,0.42,0.06801407639225189,0.3732512590934527,0.007554560716284275,0.15,0.07794704678038011,0.5396646325829445,0.0051792215783805955,P_longicornis,79,"North bay blvd, Navotas"
1.05,0.0455180035318452,0.5327423225743253,0.005926433854141157,0.79,0.07662473804524843,0.3957053754225587,0.008713040994143694,0.29,0.04271128012859854,0.35417638824078396,0.0061829211385907605,0.03,0.017348920139318037,0.5548181576851606,0.006742766126891425,P_longicornis,80,"North bay blvd, Navotas"
1.6,0.08752076010522904,0.6136032512844107,0.004255808603634691,0.93,0.09300316882387977,0.43307051539044056,0.005300904271905207,0.21,0.048579064161756204,0.3901316145805124,0.009803390564913611,0.1,0.0644686885654694,0.5290603810138844,0.00699601765149069,P_longicornis,81,"North bay blvd, Navotas"
1.39,0.08698490288093047,0.6196326288761603,0.004384752123247087,0.68,0.07829097784804563,0.42793442032249346,0.006936312043960003,0.49,0.07706361259967855,0.3979712959965469,0.00712204596956944,0.08,0.08070907520783153,0.5517297828222198,0.0074211502782931356,P_longicornis,82,"North bay blvd, Navotas"
1.39,0.06770575633778197,0.5664053850582348,0.0069084628670120895,0.91,0.10309759362241516,0.40339328759503057,0.008205080660114964,0.4,0.07243485280577422,0.38994810161158155,0.009177820267686425,0.15,0.07183162532882008,0.5294565631289778,0.008703693629984225,P_longicornis,83,"North bay blvd, Navotas"
1.35,0.0766691839697684,0.5938039280138055,0.0047662092201495605,0.65,0.06323291559846543,0.412422644969058,0.01031400412560165,0.3,0.059410450653173484,0.39528710725893823,0.014842903575297942,0.05,0.06781276476917776,0.529754062362758,0.008454106280193236,P_longicornis,84,"North bay blvd, Navotas"
1.34,0.07402528265712224,0.5929340118461667,0.00454659214148661,0.71,0.0901986038782381,0.4272137845279332,0.005151434408029132,0.4,0.07827833840238471,0.3856948599401686,0.012945335871634484,0.08,0.03415791603406674,0.551613404464702,0.009737400942663283,P_longicornis,85,"North bay blvd, Navotas"
1.28,0.05306015134109941,0.5288771339264247,0.004905025246453474,0.71,0.07468914922344352,0.4222709769857616,0.00904450613414525,0.22,0.04572883253155749,0.359606194945017,0.00921181415164949,0.08,0.015036033263983301,0.5409056522209014,0.006214200799740625,P_longicornis,86,"North bay blvd, Navotas"
1.27,0.06687865316901975,0.5710029791459782,0.004360778895557187,0.6,0.058890636562018706,0.420919175911252,0.00968983472945438,0.41,0.06723726223171825,0.3831883106222295,0.01045258030974662,0.09,0.07676559221464183,0.5493199044751323,0.005658810092409926,P_longicornis,87,"North bay blvd, Navotas"
1.12,0.06514073064483274,0.5870249842536217,0.004492966617677934,0.76,0.08347215075174527,0.422102596580114,0.008233058898036731,0.33,0.07311729760626065,0.3880891127045815,0.01302753297936395,0.03,0.007400678755087617,0.5731670822942644,0.007780548628428928,P_longicornis,88,"North bay blvd, Navotas"
0.93,0.056360423438721614,0.5503598771374868,0.005638839224315775,0.46,0.04674056889261341,0.3953131739109599,0.00800306704365745,0.33,0.04657922915873763,0.35919556647431866,0.0058847054790607325,0.05,0.022903948838297526,0.5346567229655627,0.008883527089273964,P_longicornis,89,"North bay blvd, Navotas"
1.46,0.09442272868050851,0.5849120576393304,0.005170586988768807,0.63,0.07043586474806281,0.40525607094767147,0.005711101824766681,0.43,0.0801222780295685,0.3714813363926353,0.007387094968940623,0.08,0.04239759483266011,0.5354786371011357,0.008274743104380746,P_longicornis,90,"North bay blvd, Navotas"
1.24,0.065762131434339,0.5831416021752771,0.005940179878686468,0.79,0.07163164341105518,0.4170267537004689,0.010205019766479728,0.44,0.0673871662335704,0.37838886732826965,0.012308033486721739,0.13,0.026011354253119442,0.5485280246239388,0.0073474656208112,P_longicornis,91,"North bay blvd, Navotas"
1.13,0.05856180991307224,0.572167455019672,0.005260598558861235,0.57,0.0557269653231663,0.39825100449066414,0.005956038761522099,0.22,0.019736111111111114,0.3879310344827586,0.009773775532615858,0.08,0.023852723812637183,0.5658536585365853,0.007637349100763735,P_longicornis,92,"North bay blvd, Navotas"
1.69,0.09849188843213937,0.6106229252099199,0.004100761570005858,0.55,0.060179437693552454,0.39542342859878404,0.006271243238067882,0.6,0.08550528134686372,0.3835247568280486,0.012144859042699347,0.03,0.008800125313283207,0.5617764471057884,0.00908183632734531,P_longicornis,93,"North bay blvd, Navotas"
1.49,0.07654359273371443,0.5758995010067408,0.004552219206863346,0.78,0.08488537917810376,0.41955406203169704,0.004541119840152582,0.35,0.058798696932518824,0.37316703185572225,0.010506208213944603,0.05,0.01963496071829405,0.5677937241547069,0.008027243979567016,P_longicornis,94,"North bay blvd, Navotas"
1.12,0.04935937862173416,0.5465592765296029,0.004945598417408506,0.72,0.07810103573582548,0.4269572235673931,0.006591337099811676,0.35,0.04724301210434127,0.3599769319492503,0.00657439446366782,0.04,0.009518514207549478,0.545444679581095,0.007271148732975202,P_longicornis,95,"North bay blvd, Navotas"
1.16,0.06307528908064104,0.5485540623961251,0.004843534830713709,0.77,0.0835966663477294,0.43152362713223175,0.00734868391751659,0.42,0.07249944039535715,0.39162172468268236,0.010404750231519311,0.1,0.09019636182013417,0.5586938691818741,0.008355546442485134,P_longicornis,96,"North bay blvd, Navotas"
1.28,0.06663939564984958,0.5622063606794362,0.006550415612576798,0.86,0.08324729115161411,0.4199226745508301,0.005094382533545599,0.43,0.05063514186263434,0.38264024560424226,0.012056935528886408,0.08,0.049972750502462165,0.5431212041193557,0.004805914972273568,P_longicornis,97,"North bay blvd, Navotas"
1.14,0.0674876022042637,0.5887329842931938,0.00431413612565445,0.54,0.05080166235647278,0.40288007554296507,0.009537299338999055,0.27,0.04094403469069792,0.35475788124235186,0.00611852456150574,0.05,0.02137393883853286,0.5534351145038168,0.0076838087585375655,P_longicornis,98,"North bay blvd, Navotas"
1.4,0.0857749104467869,0.5995568340849012,0.0045871559633027525,0.69,0.06822461249672644,0.4183181818181818,0.008636363636363636,0.33,0.06257352461005096,0.36312785388127855,0.011015981735159818,0.09,0.08349432773035927,0.5452702017641691,0.005272229544763257,P_longicornis,99,"North bay blvd, Navotas"
1.21,0.0672906882962013,0.7630582183773673,0.00579845686228665,0.9,0.0917854960587455,0.5307552927713142,0.008821285523555216,0.48,0.07421438554428568,0.5301112877583466,0.012655007949125597,0.05,0.11000617845782376,0.7748323554065382,0.006391450125733445,P_longicornis,0,"Arroceros Park, Manila"
1.2,0.053266071915926166,0.7527784638182268,0.007014077550012349,0.95,0.05911974161196942,0.4782935740382549,0.0055340640447023425,0.41,0.07228140692098597,0.5326324744773943,0.013429752066115703,0.1,0.052388340334352,0.7859510317545173,0.008606864107772907,P_longicornis,1,"Arroceros Park, Manila"
0.97,0.05072815115745056,0.7583793738489871,0.006215469613259668,1.06,0.08568627547970187,0.5035653824449803,0.009952290565844148,0.24,0.02272222222222222,0.5065806619755017,0.014594735470419598,0.06,0.009361111111111112,0.7671263222019161,0.008362407930442487,S_geminata,2,"Arroceros Park, Manila"
0.85,0.042639714032790016,0.7354075463831561,0.005420054200542005,0.84,0.09719556644352806,0.5404466966966966,0.006615990990990991,0.46,0.05711220658629775,0.5209645606667939,0.011388941910033722,0.04,0.06399606624881544,0.7731476444347731,0.009683385921009683,P_longicornis,3,"Arroceros Park, Manila"
1.04,0.040355762352769324,0.7461377657676032,0.008106867893743945,0.89,0.08306964209412816,0.5343656486011494,0.007457369496033819,0.22,0.03662825421361738,0.5235014272121788,0.016048208055819854,0.06,0.021282842320143915,0.7898807254506836,0.008931975382604432,P_longicornis,4,"Arroceros Park, Manila"
1.03,0.04649494932071772,0.746541309431021,0.00808651597817615,0.73,0.06964020987540724,0.513894422310757,0.009810756972111553,0.48,0.06403251887714198,0.52034901838579,0.011966344655655967,0.04,0.00919733858455663,0.7621127651014427,0.010575320420713834,P_longicornis,5,"Arroceros Park, Manila"
1.13,0.05196824125884013,0.7602604292259465,0.005015673981191223,0.95,0.07894130462487951,0.5091921152078439,0.009498519048105404,0.39,0.06957897242841653,0.5112323898971951,0.015611118162203326,0.02,0.007094381313131313,0.7617763497618911,0.006712949681565207,P_longicornis,6,"Arroceros Park, Manila"
1.09,0.05759310251878934,0.7526971361318164,0.00612985484503727,0.93,0.0764495574030552,0.5235294117647059,0.007414730598121601,0.46,0.07285981267615729,0.5270751473477406,0.009454813359528488,0.01,0.008816580878856261,0.7640360766629087,0.011104847801578353,P_longicornis,7,"Arroceros Park, Manila"
1.22,0.05825033028287497,0.7467806841046277,0.00528169014084507,0.83,0.07425823266690323,0.49467449472645086,0.005507351795084948,0.22,0.03980527407731634,0.5168481742472774,0.012876361306854581,0.02,0.009083333333333334,0.7683277707446197,0.005754402117619979,P_longicornis,8,"Arroceros Park, Manila"
1.09,0.045689970219142714,0.7466282251759186,0.008356137607505865,0.9,0.07746639306899475,0.525175301908843,0.009495520062329567,0.16,0.01576666985401925,0.5101175563692426,0.013747028971542365,0.08,0.07359824774859053,0.77036274450433,0.008054260279779568,P_longicornis,9,"Arroceros Park, Manila"
1.21,0.064778123438492,0.7567238355096473,0.005213408692262717,0.78,0.0716624997564481,0.5094339622641509,0.010049756145622937,0.43,0.07040341723408411,0.5148739973473125,0.008021221499399987,0.06,0.07117877100319434,0.76578652385104,0.008967492838460581,P_longicornis,10,"Arroceros Park, Manila"
0.94,0.04161828481792206,0.7319465081723625,0.007578008915304606,0.5,0.047035640929471975,0.48645948361991903,0.006257559026134511,0.36,0.05447530291079017,0.5045437334343051,0.00858260759813202,0.01,0.0021944444444444446,0.7577963159957449,0.008510161805050109,P_longicornis,11,"Arroceros Park, Manila"
1.19,0.06228240149258632,0.7542397240586375,0.0075213183865095335,0.74,0.08390398091316824,0.5422709748485405,0.005232237929135304,0.3,0.06658721477619636,0.5203455615374984,0.0071365969700763745,0.04,0.010472222222222223,0.7573024785888491,0.008280868924054222,P_longicornis,12,"Arroceros Park, Manila"
1.22,0.06399870034394253,0.7617778623774626,0.004949081564671172,0.86,0.0703852184297357,0.4805941542884523,0.005749880210828941,0.29,0.04989760410172274,0.521223470661673,0.011548064918851436,0.03,0.06453324265692183,0.7862995739101933,0.00983284169124877,P_longicornis,13,"Arroceros Park, Manila"
0.93,0.05386839918076976,0.7552763087671631,0.005336955994371937,1.14,0.09290011551041749,0.51188034615577,0.007403331499174629,0.33,0.05143918175854826,0.5163349131121643,0.015671406003159558,0.05,0.012570286195286193,0.7611659346300839,0.00969710798014945,S_geminata,14,"Arroceros Park, Manila"
0.79,0.0432355518653148,0.736169769018197,0.008446738620366025,0.75,0.05442432012012566,0.4774172148819725,0.009674387749460998,0.48,0.0907717063120455,0.5241835724888669,0.013174171202375061,0.04,0.05512268299537643,0.783375850340136,0.009513180272108844,P_longicornis,15,"Arroceros Park, Manila"
1.17,0.07045748797975344,0.7648985819422007,0.005968407826243045,0.6,0.054030202518405665,0.5058513602512792,0.008865697350423021,0.46,0.0682994041561835,0.5238302097554921,0.0090604443341194,0.07,0.015344235891076129,0.7520772946859904,0.005668276972624798,P_longicornis,16,"Arroceros Park, Manila"
1.21,0.05072280904196555,0.7493838069106636,0.006929265683858066,0.64,0.04525616261461849,0.48524064171122994,0.012032085561497326,0.58,0.0891340659377627,0.5336512667660208,0.00894187779433681,0.03,0.04836748171174078,0.7580559017269005,0.008130081300813009,P_longicornis,17,"Arroceros Park, Manila"
0.77,0.036363904797293255,0.7366525423728814,0.009798728813559322,0.98,0.09423278648236201,0.5268483604601213,0.007684597393919144,0.31,0.06422639697262646,0.5309145690791538,0.016320381645847717,0.07,0.02066976470742744,0.7595459913397192,0.00898832174255347,S_geminata,18,"Arroceros Park, Manila"
1.26,0.05919269704451329,0.7539254407089876,0.006743088334457181,0.97,0.08465924727191823,0.511123331500275,0.007998800179973004,0.38,0.05246001460918481,0.5193265653572104,0.012611135632763731,0.07,0.025558535605706804,0.7656293032222529,0.007380886808041861,P_longicornis,19,"Arroceros Park, Manila"
1.12,0.04740965951378878,0.7503586114564407,0.006741895381084441,0.9,0.07661893549710093,0.5198093535895144,0.009780558037930692,0.48,0.07269616191940655,0.5208554149261176,0.013965957977430015,0.03,0.007916666666666667,0.7773572303239452,0.0093509963263943,P_longicornis,20,"Arroceros Park, Manila"
0.83,0.035413690476190474,0.719272288892542,0.005644144884651214,0.85,0.0666169835649525,0.5228354181996566,0.008731910718665685,0.23,0.06256668929831243,0.5227187382651145,0.014895481286769308,0.06,0.061680387497291475,0.766373576823357,0.008116334122421373,S_geminata,21,"Arroceros Park, Manila"
1.18,0.05750184688990687,0.7740349599417334,0.005872177713037145,0.59,0.059777710050698554,0.5162744612335893,0.011097349516968046,0.35,0.06083527854785383,0.5226678569151311,0.011349869285213289,0.1,0.03332819745994767,0.7646921913185151,0.008204352379844059,P_longicornis,22,"Arroceros Park, Manila"
1.1,0.06066262453934714,0.7544448834452785,0.006815487949427104,0.44,0.04755722598657381,0.5144529082379055,0.011905362457751097,0.28,0.037200862442869985,0.5111268786686448,0.0098690576017545,0.04,0.03841649046419718,0.7662344983089064,0.008850056369785794,P_longicornis,23,"Arroceros Park, Manila"
1.07,0.056935137790371126,0.741149521032903,0.0074448146605581005,0.84,0.0741169651912256,0.4887112679711424,0.00539783048736181,0.42,0.07328483512217597,0.5170259293970634,0.008497344579818806,0.03,0.004748171778989941,0.7739773919123645,0.008915044866565669,P_longicornis,24,"Arroceros Park, Manila"
1.19,0.05615323724555473,0.7406565523074483,0.005286250462546916,0.64,0.0585890774640985,0.5039692701664533,0.007170294494238156,0.43,0.05974812393496871,0.5119882668027037,0.013901288101007525,0.06,0.05866051331934766,0.7724385366427479,0.009234207740265852,P_longicornis,25,"Arroceros Park, Manila"
0.89,0.043229073138795364,0.7376093294460642,0.00933932895191975,0.74,0.054378417107583774,0.49418178006080304,0.00828179054408219,0.32,0.042970383159643806,0.5079344347939659,0.01266897407431594,0.04,0.023682761906912396,0.764038847593728,0.007758667462427432,P_longicornis,26,"Arroceros Park, Manila"
0.99,0.04932690805461439,0.7562650024003841,0.007633221315410466,0.86,0.06485277652821514,0.5120448179271708,0.011662846956964604,0.27,0.021766937669376693,0.504720641489912,0.01351526125193999,0.01,0.002423185941043084,0.7650452488687782,0.0057692307692307696,P_longicornis,27,"Arroceros Park, Manila"
0.98,0.048718300535702495,0.7309471365638767,0.005837004405286343,0.85,0.07619643628830193,0.514196675900277,0.009052235852789869,0.56,0.07963603679704255,0.5378570993482366,0.007857708472924408,0.06,0.017563998214484795,0.7611664114344053,0.007401735579377233,P_longicornis,28,"Arroceros Park, Manila"
0.96,0.057038214277095475,0.7517434436695806,0.008299774088989294,0.65,0.06384150152695349,0.5189536031589339,0.008588351431391906,0.46,0.07382811584931616,0.5236511919698871,0.010727728983688832,0.1,0.07672397953193542,0.7669022916429141,0.006612700946300308,P_longicornis,29,"Arroceros Park, Manila"
0.91,0.058587456636524614,0.7429761188039333,0.008027292795504716,0.72,0.0666818724272597,0.5267661788301649,0.006418048329848787,0.5,0.08639912068299734,0.526487777289009,0.013510965876955949,0.01,0.0022440349979283955,0.7670810931899642,0.009968637992831542,P_longicornis,30,"Arroceros Park, Manila"
0.83,0.04568886835859318,0.7432872253864931,0.0052379983726607,0.54,0.048047643439124176,0.5045421699184474,0.00712294828120161,0.27,0.04400523834958202,0.5196970661235919,0.010946350155921849,0.03,0.01589533552369574,0.785427164128404,0.005435090301760743,P_longicornis,31,"Arroceros Park, Manila"
1.15,0.046892588304102645,0.7431413773652633,0.006409927696015589,0.94,0.08178955482955999,0.5193441323624115,0.008668945360875811,0.43,0.06107890609183831,0.5195977968489817,0.007557320353528884,0.06,0.023292660802692527,0.7610535661438296,0.005800532701982835,P_longicornis,32,"Arroceros Park, Manila"
1.09,0.06556305027359047,0.7604146760940187,0.006115039174469711,0.85,0.08079500089036341,0.506520071592943,0.0077218102787010995,0.53,0.0943506650552518,0.5262228946041352,0.012165910237014623,0.07,0.04874795897568444,0.7585534018472746,0.005593859763236633,P_longicornis,33,"Arroceros Park, Manila"
1.47,0.07170155570183631,0.7543560790421493,0.00496446996982381,0.63,0.06261981049959273,0.5188800157744257,0.007344966972296165,0.37,0.0520176678053748,0.5126938904716682,0.012535612535612535,0.11,0.020642731076005543,0.769273433166944,0.00776483638380477,P_longicornis,34,"Arroceros Park, Manila"
1.02,0.051819667750166595,0.7458510422991297,0.006931795183161303,0.67,0.07323528244463204,0.5286296583850931,0.009607919254658386,0.47,0.07775647662074706,0.4993803404865958,0.008740460504859436,0.08,0.05478231228707138,0.7715721040189125,0.009929078014184398,P_longicornis,35,"Arroceros Park, Manila"
1.09,0.06142416801032877,0.7409211914209654,0.00527399668491637,0.65,0.06818601552749542,0.4955141834776746,0.0070009853238603955,0.19,0.03695307089056686,0.5095842507447221,0.0075119803134309025,0.03,0.049629037574525886,0.7704260960720232,0.008324597644447184,P_longicornis,36,"Arroceros Park, Manila"
1.28,0.052919241353118165,0.7512769727926614,0.0060460752632127595,0.77,0.0543266699890208,0.5105474508209221,0.00843796065673766,0.39,0.07891566563792556,0.5184620273276136,0.013473149030823006,0.05,0.042655318952237724,0.7532300496930722,0.006021631102016954,P_longicornis,37,"Arroceros Park, Manila"
1.45,0.07605242217691664,0.7573263558515699,0.005566127497621313,1.09,0.10340943090106458,0.5293038524669306,0.008013903640050208,0.56,0.07659259389818909,0.5314919821962075,0.011523687580025609,0.07,0.07278493497923698,0.7794613695989719,0.006853349038924881,P_longicornis,38,"Arroceros Park, Manila"
1.02,0.053599817234843486,0.7499238501370697,0.009544116153924257,0.89,0.0711573896407128,0.5234935881566569,0.006436599494974501,0.38,0.0573494590208015,0.525417439703154,0.010760667903525046,0.09,0.05002789748664685,0.7732893652102226,0.008189062929376201,P_longicornis,39,"Arroceros Park, Manila"
1.02,0.04913676640218084,0.7398692137377066,0.006642294423562124,0.81,0.08644365371526644,0.5337182338744025,0.00686195636742227,0.29,0.03906406378263478,0.500065496463191,0.010086455331412104,0.03,0.008583333333333333,0.7480794232360242,0.006027656305401253,P_longicornis,40,"Arroceros Park, Manila"
0.93,0.03928139127085487,0.7393041963416509,0.008607880309473792,0.89,0.06593806656306656,0.48709321276483886,0.009883812628147836,0.36,0.05839859882204248,0.5158512720156556,0.017482061317677756,0.05,0.024295837645453223,0.7682825254039647,0.007107557332444889,P_longicornis,41,"Arroceros Park, Manila"
0.99,0.05064770909079414,0.7498158605450528,0.005155904738521974,0.86,0.08237476883449595,0.5360722857546237,0.008141559602804839,0.41,0.06154784524023849,0.5148552808127276,0.014567759248610312,0.01,0.004763888888888889,0.76733708769107,0.008956824886028426,P_longicornis,42,"Arroceros Park, Manila"
1.24,0.06256468223316948,0.7527877339705297,0.005127439267224213,0.95,0.0769539083673751,0.518135230608488,0.009303945469923877,0.41,0.06547282102385903,0.5184952189229995,0.008178158027176648,0.04,0.009958333333333333,0.7745597284107787,0.009070655633354551,P_longicornis,43,"Arroceros Park, Manila"
1.2,0.05738992178886815,0.7333868378812199,0.0056179775280898875,0.93,0.06342544639688234,0.5009288884301786,0.010630612034265663,0.53,0.08066029100575048,0.5228988424760946,0.016482133870156013,0.06,0.011451460166177907,0.7745325022261799,0.010032650638171565,P_longicornis,44,"Arroceros Park, Manila"
0.8,0.03365522931375421,0.7410260441230414,0.0053974741916889375,0.87,0.07432997828720964,0.5291902071563088,0.007243227582210633,0.26,0.05492461001099216,0.5238155241935484,0.015246975806451613,0.06,0.08678975165087541,0.7816091954022989,0.007770762506070908,S_geminata,45,"Arroceros Park, Manila"
1.19,0.05663008923551084,0.7473912187438472,0.006349675132900177,0.82,0.06269793531120081,0.495689429959768,0.008934636083389937,0.38,0.046766771208877136,0.5282636248415716,0.010456273764258554,0.02,0.04557780715308508,0.7740787801778908,0.005527318932655655,P_longicornis,46,"Arroceros Park, Manila"
1.13,0.07323165532471587,0.7528806195693237,0.007177937287495277,0.68,0.05530204222776687,0.4991224447656411,0.008930415032004955,0.38,0.053185318620134855,0.506755470980019,0.008119251506501744,0.03,0.010884800841813263,0.7654594727765459,0.009793052475979305,P_longicornis,47,"Arroceros Park, Manila"
1.06,0.05426669189060141,0.7514483274154363,0.007148196598766586,1.02,0.08788504910213432,0.5121901973651002,0.008480137297461006,0.43,0.08462371706833678,0.5298151095873638,0.00789763683114975,0.12,0.05456818903451542,0.7728484710954785,0.006637544675781472,P_longicornis,48,"Arroceros Park, Manila"
1.29,0.07232581403726387,0.7690461907618477,0.004927585911389151,0.43,0.0447556503130226,0.49948707427164546,0.009643003693065245,0.27,0.04289323019252707,0.49498305084745764,0.007728813559322034,0.04,0.015852249690851222,0.7679187682505972,0.009025749933634192,P_longicornis,49,"Arroceros Park, Manila"
1.33,0.07040442427734928,0.7638730823507989,0.005417216734192197,0.77,0.069201370498823,0.4972773945962765,0.0071565627755017375,0.52,0.089901379162306,0.5363253012048192,0.009578313253012049,0.09,0.07556842705304721,0.7612445045654379,0.009130875887724045,P_longicornis,50,"Arroceros Park, Manila"
1.13,0.053405766256132595,0.7462880207582528,0.007111623660564124,1.01,0.08929574901560328,0.523864790367039,0.010445379370375743,0.43,0.06370099919879695,0.5096949327817993,0.00859617373319545,0.01,0.0034949536279323514,0.7671721138162266,0.008518093396967318,P_longicornis,51,"Arroceros Park, Manila"
0.79,0.04896961103232093,0.7473799780417207,0.006537578600658748,0.85,0.07248800059498535,0.5186350673615892,0.007916215950437604,0.53,0.056394171022943605,0.5037454382482873,0.01402138421153723,0.09,0.06431601871622329,0.7802668691690171,0.0054241701019743975,S_geminata,52,"Arroceros Park, Manila"
0.91,0.04215671627537917,0.7200109499041883,0.006405693950177936,0.97,0.07588639017046442,0.4994195144111857,0.00948967745192065,0.47,0.06969572829252191,0.5185371055768145,0.014930054576249921,0.05,0.037267030742755246,0.7527602751604139,0.007052430776345453,S_geminata,53,"Arroceros Park, Manila"
1.07,0.054880384039528114,0.7471873593679684,0.005400270013500675,1.05,0.08560588821287136,0.5075128609993379,0.010492538073651506,0.41,0.05802716244425699,0.5060295643153527,0.007974585062240663,0.03,0.026189353352972587,0.7792894486692015,0.008852186311787072,P_longicornis,54,"Arroceros Park, Manila"
1.39,0.06747810408732781,0.7500950028500855,0.006602698080942429,0.8,0.0747197093416104,0.5078010603382984,0.00651350669022974,0.52,0.06510176935981259,0.516613621896881,0.008402291534054742,0.03,0.008027777777777776,0.7703415717856151,0.005665093029713969,P_longicornis,55,"Arroceros Park, Manila"
1.38,0.06870355495540796,0.7519943356148218,0.006183620486193061,0.81,0.051346047278338955,0.48765822784810126,0.010073839662447258,0.37,0.05702982400814786,0.509323116219668,0.013984674329501916,0.05,0.011786054994388328,0.7612266636766273,0.005550260694062903,P_longicornis,56,"Arroceros Park, Manila"
0.78,0.045626204047772546,0.7454285422412913,0.005209929512718358,0.77,0.07040150613918086,0.48579280306958417,0.00839987555739915,0.46,0.05746234459657699,0.5077723494702113,0.009834401370471417,0.06,0.013072344170230754,0.7735453928005434,0.007357935250169798,P_longicornis,57,"Arroceros Park, Manila"
1.1,0.06010121578184048,0.7475227903289734,0.005202140309155767,0.95,0.08643598838992958,0.5235217328240585,0.009234637141613886,0.36,0.045174862537607635,0.4681971356360573,0.007160909856781803,0.05,0.009592971606748489,0.7711606236186608,0.008362702347530017,P_longicornis,58,"Arroceros Park, Manila"
1.08,0.0629473538897668,0.7581353610730648,0.006753884664431115,0.71,0.04894271763286211,0.49910048830634796,0.00858391159085068,0.63,0.07974361190067246,0.5212253829321662,0.009753047827446078,0.04,0.01616791683292033,0.7689045147608684,0.007478095875885931,P_longicornis,59,"Arroceros Park, Manila"
0.83,0.047036794766969654,0.7593725916859332,0.006074618069722109,0.64,0.048472273779807326,0.49859154929577465,0.011841418883672405,0.66,0.07643742905081494,0.5230125523012552,0.011157601115760111,0.12,0.05410715114681061,0.7701648841354723,0.008689839572192513,P_longicornis,60,"Arroceros Park, Manila"
1.05,0.04654043976198448,0.7467215097991774,0.007790950883135737,0.9,0.08678050178789327,0.5155958803334968,0.008337420304070623,0.26,0.04505734590894618,0.5108667695473251,0.011895576131687242,0.07,0.04748660434065432,0.7638265149184866,0.007751461088895724,P_longicornis,61,"Arroceros Park, Manila"
0.95,0.04920749152528048,0.7337853332668628,0.008026322349070242,0.65,0.0547649080580967,0.49416442883701717,0.008779177855814915,0.44,0.05852190993831658,0.5123929985946084,0.01475661172863166,0.1,0.022178667107026477,0.7523006134969326,0.009143463898065125,P_longicornis,62,"Arroceros Park, Manila"
1.47,0.08103547541246449,0.7567886658795749,0.005131232403959677,0.82,0.06469223011233581,0.5231599607458293,0.010107948969578017,0.47,0.09771830187730587,0.5025906735751295,0.01247361350988294,0.1,0.014166666666666666,0.7717607973421927,0.00874861572535991,P_longicornis,63,"Arroceros Park, Manila"
1.13,0.053408667007256966,0.7591118357951275,0.0060425858430845966,1.22,0.10337682764926014,0.5239431074363896,0.005708942369211083,0.41,0.050917043608742676,0.5129766100608779,0.010445370073694329,0.07,0.022675466860555035,0.7628474420210624,0.009495309892386488,S_geminata,64,"Arroceros Park, Manila"
1.15,0.06541061341421292,0.7519945181342078,0.005090303949880084,0.53,0.05491235075679857,0.5016959605303731,0.011049439819097543,0.37,0.05874317552089303,0.4999022737637631,0.006580233239950485,0.1,0.07281381798622386,0.759957064572623,0.005479916388904582,P_longicornis,65,"Arroceros Park, Manila"
1.17,0.04430976947109456,0.7346419853539463,0.008034987794955248,0.63,0.05412790401248218,0.4888043937473595,0.008291085762568652,0.33,0.06107235097012113,0.5007846214201648,0.011246240355695044,0.05,0.012576158409491747,0.7668017561634582,0.008724530001125747,P_longicornis,66,"Arroceros Park, Manila"
1.16,0.04918761159499384,0.732498310898602,0.005353152123070527,0.52,0.059594651853230284,0.5227205079869035,0.00883024109534676,0.42,0.06406698656124368,0.5303514376996805,0.014220384639478795,0.02,0.00677255916832978,0.767241924268285,0.008028320374233516,P_longicornis,67,"Arroceros Park, Manila"
1.31,0.06042742530147878,0.755930898416823,0.00832491217939464,1.02,0.10570002735041777,0.5525105922653926,0.005183449021905706,0.34,0.08131922438800478,0.5384799378102015,0.012258566046761945,0.08,0.02048611111111111,0.7683020104895105,0.0078125,P_longicornis,68,"Arroceros Park, Manila"
1.05,0.05190565540887689,0.7551484230055658,0.005983302411873841,1.05,0.09781056024726355,0.5353179328411527,0.0057156465825196475,0.28,0.044307284613709294,0.5043799883200312,0.009992862241256246,0.09,0.06959487807410125,0.769235321969697,0.00810842803030303,P_longicornis,69,"Arroceros Park, Manila"
1.04,0.06292871279606506,0.7610921501706485,0.00481555939969143,0.89,0.09479664441164491,0.5330797067829637,0.006402523893476849,0.53,0.07262689681574497,0.5275407779171895,0.011417816813048933,0.05,0.06627453730115884,0.7733960835226658,0.008114248620577734,P_longicornis,70,"Arroceros Park, Manila"
0.87,0.04323876171922878,0.7318652189427537,0.007493500535250038,0.82,0.06328177645702156,0.49706003713637303,0.006498865277491232,0.37,0.03571885497978988,0.519067528189535,0.017420499176485492,0.04,0.014951041806857064,0.755436808748602,0.010127998011681372,P_longicornis,71,"Arroceros Park, Manila"
1.55,0.07599900668715465,0.7470960430635565,0.00528850694116536,0.56,0.04667319563152896,0.48870959291664484,0.008382668832189449,0.69,0.09570326275434632,0.5316493850976609,0.010851217747769471,0.02,0.006333333333333334,0.7596720924746403,0.005956593536211371,P_longicornis,72,"Arroceros Park, Manila"
0.93,0.04629308448611348,0.7384001244232464,0.005391674011094406,0.68,0.06964869620971045,0.5311349990315708,0.005229517722254503,0.36,0.07167291899834789,0.5179775280898876,0.01441947565543071,0.02,0.006986841643874046,0.7597635154340288,0.00568472514353931,P_longicornis,73,"Arroceros Park, Manila"
1.16,0.07974498964221008,0.7670697172652492,0.005393985705937879,0.78,0.09595665787295754,0.513279559315365,0.008115286248278576,0.24,0.045274421282831726,0.5081091643327037,0.014720250113984238,0.01,0.007753385105535643,0.7770073418016549,0.00792448432583615,P_longicornis,74,"Arroceros Park, Manila"
1.13,0.06438408617522626,0.7636414513571496,0.005409943102322545,0.9,0.08482672486857457,0.516127416608234,0.005609536211559652,0.43,0.032625,0.4963657988634862,0.009184617417734901,0.03,0.0050416666666666665,0.7565577542567878,0.005982512655315232,P_longicornis,75,"Arroceros Park, Manila"
1.2,0.04690246379135268,0.7355316285329744,0.008696552438140595,0.61,0.046303298149883335,0.4736127701161907,0.006081007709849061,0.32,0.028486111111111108,0.5109305474946798,0.013993680273424906,0.09,0.05085812505843789,0.7594139797599435,0.008531419157448811,P_longicornis,76,"Arroceros Park, Manila"
1.16,0.06632144375589968,0.7629996787369774,0.007343154802882188,0.58,0.056456831434874746,0.5171078114912847,0.005561900978298655,0.36,0.07651946516388243,0.525909932140654,0.008266502159161011,0.1,0.06140113947418583,0.7814082404989073,0.009061350674271095,P_longicornis,77,"Arroceros Park, Manila"
1.17,0.056463292646304,0.7501911680367043,0.006738673293825272,0.76,0.05854722153396488,0.49620840856332216,0.011039463502708279,0.25,0.030924819827522567,0.5231224798387096,0.014616935483870967,0.11,0.015930555555555555,0.7739120580235721,0.005723028105167724,P_longicornis,78,"Arroceros Park, Manila"
1.2,0.054506148110092884,0.7570393821652995,0.005324507123327098,0.68,0.06787968883509819,0.49976757398894683,0.006766179432880533,0.34,0.058913162074015216,0.5316376393935597,0.015348953765192332,0.07,0.06142682028500799,0.7700681064089877,0.006403166656964899,P_longicornis,79,"Arroceros Park, Manila"
0.85,0.03569711905079638,0.7261084804132587,0.005972879896685321,0.58,0.047361158534165775,0.504474101344787,0.008283479061205707,0.57,0.08795263919281796,0.5298021383802384,0.014440211380115522,0.04,0.048458997816787246,0.7699099920246097,0.005639740230146975,P_longicornis,80,"Arroceros Park, Manila"
1.02,0.05540240943516358,0.7585569817191754,0.005202255931544146,0.8,0.0846948507606266,0.5156141223272004,0.007757334659373446,0.5,0.06153974185558014,0.5116596297499189,0.008898993179603767,0.02,0.0038621983726150394,0.768897729932132,0.00918558389890007,P_longicornis,81,"Arroceros Park, Manila"
1.08,0.04725071979789302,0.7336701367626046,0.006634006940191876,0.49,0.04436580824958018,0.48303414478240025,0.01129281414797848,0.48,0.07237983545478129,0.5121935566679502,0.015979976896418946,0.04,0.011680555555555555,0.7649483402945703,0.009287755550670476,P_longicornis,82,"Arroceros Park, Manila"
0.99,0.05997747146562542,0.7622827425756125,0.0062040965284430455,0.78,0.07580114523966741,0.49969375255206205,0.008728052266231115,0.39,0.04526316546070896,0.5019592476489029,0.006922675026123302,0.01,0.003840702947845805,0.7727529040261645,0.010093605503552499,P_longicornis,83,"Arroceros Park, Manila"
0.96,0.05604617898004517,0.7666869928233031,0.006754538205356724,0.95,0.0823815337656712,0.5291173117906527,0.01100262675323388,0.23,0.043656041023728054,0.4954503494659106,0.007253066068838191,0.07,0.0520921492711553,0.7869863748524837,0.007670850767085077,P_longicornis,84,"Arroceros Park, Manila"
1.3,0.06867154573802804,0.7476968658858386,0.006157122355446507,0.47,0.049544049045754726,0.49408360460910455,0.005838888027695965,0.39,0.06156678735884397,0.5299568021035498,0.01164465034746134,0.06,0.06259489175774345,0.775320076273495,0.008662489784799781,P_longicornis,85,"Arroceros Park, Manila"
0.87,0.05124679902971084,0.7443443251533742,0.008004217791411044,0.9,0.08755260141210752,0.511218980633018,0.010154044281539452,0.42,0.06073696211721761,0.4907788244659679,0.006965636194772456,0.13,0.03301265043777438,0.7613030819095753,0.006372575949019393,S_geminata,86,"Arroceros Park, Manila"
1.39,0.07106880144657514,0.7703850771077662,0.005032782343706714,1.03,0.10050640312515109,0.5282419222805412,0.00794529782828526,0.28,0.03030555555555556,0.5280639320721733,0.014734344758693887,0.07,0.024847196894965836,0.7643020594965675,0.008625242034853018,P_longicornis,87,"Arroceros Park, Manila"
1.04,0.04469756763901906,0.7417618352870151,0.008150123258036927,1.26,0.10927704962798555,0.564864156547567,0.0052415480038438015,0.48,0.04063888888888889,0.5006389991255802,0.007264411111858478,0.08,0.0182048217074778,0.7598468271334792,0.01112326768781911,S_geminata,88,"Arroceros Park, Manila"
1.07,0.0663986451982147,0.7394672878266153,0.008659104719465262,0.64,0.05844439338506368,0.5116024844720497,0.008745341614906832,0.36,0.04938482411166696,0.5135168961201502,0.01357947434292866,0.05,0.028590895003466663,0.7610887096774194,0.005656362007168458,P_longicornis,89,"Arroceros Park, Manila"
1.12,0.05309464182876499,0.7447362824330073,0.005476393024245002,0.97,0.07159266940871688,0.49870923555134083,0.00948316737790422,0.41,0.05528040817381356,0.49450474435115027,0.007304252850023892,0.05,0.058739666625532344,0.7854053143081849,0.007190607269254536,P_longicornis,90,"Arroceros Park, Manila"
1.01,0.04129408877325544,0.7469091652191683,0.005466435066925513,0.71,0.053142508026602454,0.4852244289441457,0.005856983121239551,0.18,0.026010261335527748,0.4833355913832814,0.014361197669692453,0.03,0.009444444444444445,0.7528892502468204,0.0058656135664091995,P_longicornis,91,"Arroceros Park, Manila"
1.04,0.0621645231267748,0.7459758551307847,0.007394366197183098,1.03,0.09551498372439816,0.49545078577336643,0.00532464846980976,0.25,0.048155276074737734,0.5100873811359548,0.01400668208686713,0.05,0.05924919901668328,0.7671952003428326,0.0068566530962074134,P_longicornis,92,"Arroceros Park, Manila"
0.96,0.03917275317275317,0.7477386451116244,0.005340646651270208,0.7,0.057876639990126835,0.5024980685037342,0.010816379088333763,0.34,0.05534262066588709,0.5151244985034706,0.015984206839457428,0.02,0.004819444444444444,0.7746820109024833,0.0062771873795495845,P_longicornis,93,"Arroceros Park, Manila"
1.1,0.053804225481541464,0.7433067843776989,0.005517704634871893,0.59,0.05309423315711828,0.4870379134458642,0.0072040805594993955,0.36,0.07698709811653254,0.5215909090909091,0.011174242424242425,0.07,0.059451295241560516,0.7772012410399058,0.009521771691451802,P_longicornis,94,"Arroceros Park, Manila"
1.0,0.04929874825100094,0.7657185628742516,0.006736526946107785,0.63,0.06413211253322372,0.5166569257744009,0.009497369959088252,0.37,0.059755437393248755,0.5235260226618014,0.009858523782088215,0.04,0.012123582766439909,0.7701856407962424,0.010735853276671885,P_longicornis,95,"Arroceros Park, Manila"
1.17,0.0564544259309585,0.7299110708770435,0.00559135204217477,0.56,0.05616777829233026,0.49945756057240276,0.00924730071808648,0.45,0.06821154336686991,0.5311901081916538,0.012302936630602782,0.0,0.0019186712485681557,0.7717566943674977,0.005886426592797784,P_longicornis,96,"Arroceros Park, Manila"
1.18,0.0630660710653776,0.768046804680468,0.005445544554455445,0.97,0.08828546663947799,0.5250854075158614,0.007125427037579307,0.43,0.07550596771151795,0.524306202272304,0.012292791953808902,0.07,0.012083333333333333,0.7663265894287855,0.007839068534209464,P_longicornis,97,"Arroceros Park, Manila"
1.1,0.05648482480807836,0.7507474728299559,0.005078069384462057,1.06,0.0907128085444279,0.5192250372578241,0.00819672131147541,0.29,0.03992640022459826,0.5105064827233825,0.010602286517212749,0.14,0.06492077203428238,0.7709324967546517,0.009303331890956296,P_longicornis,98,"Arroceros Park, Manila"
1.18,0.06449832760346125,0.7694797687861271,0.004855491329479769,1.02,0.09643302682212848,0.5259647451167222,0.006383992377322534,0.36,0.07024040532916466,0.5154185022026432,0.014705882352941176,0.03,0.011402777777777779,0.7519024106883532,0.005866976474005228,P_longicornis,99,"Arroceros Park, Manila"
0.35,0.021401304713804716,0.9972905101771081,0.00859106529209622,0.3,0.03789013751100814,0.8251491233355426,0.01150810387419413,0.14,0.014023965322999514,0.9388537154281906,0.02590803065644785,0.01,0.003833333333333333,0.9993186154265468,0.011310983919324067,P_longicornis,0,Mindanao Av. QC
0.29,0.035892167394296785,0.995482952787575,0.007672792525215024,0.91,0.08672226271921744,0.8290423415743109,0.009491332764990054,0.23,0.0346963334661641,0.9433466203036214,0.01645322703757103,0.01,0.019481309101654846,0.9987834549878345,0.012165450121654502,S_geminata,1,Mindanao Av. QC
0.33,0.023374500381283112,0.996497484557091,0.009106540151563395,0.59,0.042641082396371356,0.8162275044530434,0.009827406178981635,0.17,0.03882010039550349,0.9412421613263465,0.018125590585001287,0.0,0.0,0.9980350972288096,0.008943695372315198,S_geminata,2,Mindanao Av. QC
0.48,0.03997250454859151,0.9962273641851107,0.009871730382293763,0.44,0.037942300855344335,0.8144694337782654,0.013957457182909734,0.16,0.014527777777777778,0.9427921339184138,0.016496018202502846,0.0,0.0,0.999124343257443,0.011855045130001346,P_longicornis,3,Mindanao Av. QC
0.52,0.04617109134379665,0.9970078940667176,0.009549274255156608,0.47,0.03482283497500889,0.7981261795632246,0.007279590186033971,0.16,0.04853811679615373,0.9456188478295949,0.0204131031144102,0.0,8.333333333333334e-05,0.9976389638424177,0.006813275769023206,P_longicornis,4,Mindanao Av. QC
0.36,0.023536965796710923,0.9957927951617145,0.006902445437812254,0.36,0.03925894622921048,0.807528498058374,0.0080170362019291,0.15,0.0430374341256956,0.9405639218199295,0.02050624799743672,0.0,1.4775413711583924e-05,0.9991493584745162,0.008789962429999292,P_longicornis,5,Mindanao Av. QC
0.2,0.014840798861632195,0.9958593493263227,0.013407821229050279,0.64,0.05118232527828649,0.8110294571728525,0.014327178410424258,0.13,0.011708333333333333,0.9447883553622218,0.012297139032959679,0.0,0.0,0.9998627598984423,0.012488849241748439,S_geminata,6,Mindanao Av. QC
0.5,0.029151723073872197,0.9952174756026627,0.011503910036838363,0.5,0.05553146277083925,0.8215674362089915,0.009842041312272174,0.1,0.011194444444444444,0.94271699368141,0.010475557033588294,0.0,0.0,0.9974214230956862,0.012892884521569448,P_longicornis,7,Mindanao Av. QC
0.31,0.039733668641713876,0.9965757934940076,0.007111813512445673,0.6,0.040854767917267915,0.8198507283014326,0.01113518719152522,0.11,0.023021197969518167,0.9484254897098934,0.02024960740557071,0.0,0.0,0.9998641950159571,0.012018741087797923,S_geminata,8,Mindanao Av. QC
0.29,0.03096751628001628,0.9943779027132731,0.007638719139574676,0.64,0.05339321851613386,0.8175070386485794,0.0067187100076785255,0.23,0.03608006966585877,0.9325054907923636,0.009883426254434871,0.0,4.1666666666666665e-05,0.9989905787348586,0.006729475100942127,S_geminata,9,Mindanao Av. QC
0.21,0.013570326278659612,0.996612296110414,0.01041405269761606,0.42,0.028505628177196804,0.8168481742472774,0.006662395900064061,0.22,0.04382769576713574,0.9494410569105691,0.01007791327913279,0.0,0.01115485732061819,0.9976542017386505,0.009245204912377536,S_geminata,10,Mindanao Av. QC
0.2,0.01049261463844797,0.9957240038872692,0.008616780045351474,0.41,0.043069045266134184,0.8132780082987552,0.008047277756821325,0.1,0.018813345493236055,0.9478661294301456,0.019652989063399393,0.0,0.0005,0.9991965182457315,0.009039169735520589,S_geminata,11,Mindanao Av. QC
0.36,0.04090882279068272,0.9960128112948559,0.006797829923524413,0.41,0.047619792686400715,0.8330977620730271,0.011366313309776208,0.08,0.019291817112535456,0.9379191589632047,0.009606670291825267,0.0,0.0,0.999183895538629,0.007072905331882481,S_geminata,12,Mindanao Av. QC
0.35,0.017655864197530867,0.9954873646209387,0.00908973697782362,0.63,0.054887783847119564,0.826899841017488,0.008330683624801272,0.12,0.01498611111111111,0.9499236122899338,0.018842301816329995,0.0,0.0,0.9995150675441635,0.011915483200554208,S_geminata,13,Mindanao Av. QC
0.44,0.027298901198721817,0.9969053934571176,0.011746873815839333,0.58,0.04117211440814761,0.8073804507437911,0.012194343356955883,0.09,0.010444444444444447,0.9391503046716316,0.020226811103588354,0.01,0.01845023283210954,0.9979082321187585,0.010256410256410256,S_geminata,14,Mindanao Av. QC
0.51,0.03823652283706632,0.9967878710008994,0.012013362456636258,0.55,0.04272109073830089,0.8253879577901925,0.009745499689633768,0.06,0.019618516368284024,0.9458315700380872,0.01049513330512061,0.0,0.0,0.9983404784953672,0.010579449592034296,S_geminata,15,Mindanao Av. QC
0.4,0.02448319591707273,0.9968670452320345,0.012401279289863586,0.59,0.04640200961892139,0.8119684268494156,0.011809337330967387,0.14,0.03262127907461183,0.9369798890429958,0.009448682385575589,0.0,0.0,0.9991231028667791,0.009376053962900506,S_geminata,16,Mindanao Av. QC
0.16,0.008313913642130015,0.9923428430282821,0.010312461405458813,0.59,0.0529543988910604,0.8077214231642695,0.011922785768357305,0.12,0.03153947775829443,0.9444535743631882,0.017830731306491373,0.0,0.00040277777777777783,0.9987881236113917,0.008415808254224735,S_geminata,17,Mindanao Av. QC
0.38,0.021305335097001762,0.9954611235363768,0.006643862649651362,0.66,0.06323805938101915,0.8113634972142288,0.00863282924141309,0.14,0.013274133053894958,0.9353915532044055,0.018992281675483478,0.0,0.0,0.9986778929789158,0.0070280425857629945,S_geminata,18,Mindanao Av. QC
0.36,0.029075017943186187,0.9970636814094329,0.009114822291551966,0.39,0.047116416248360694,0.8234324439831492,0.009829659930398681,0.14,0.01648611111111111,0.9370306181398036,0.01361723198811587,0.0,0.0005138888888888889,0.9981400292281122,0.009034143749169657,S_geminata,19,Mindanao Av. QC
0.37,0.020758267195767195,0.9968427835051547,0.008247422680412371,0.56,0.04742276327120912,0.8199169610212556,0.007994050938836214,0.1,0.025718951292545367,0.9514696382428941,0.020268087855297157,0.0,0.000986111111111111,0.9990203121938476,0.010515315786036183,S_geminata,20,Mindanao Av. QC
0.33,0.03187173050714717,0.9962026131170754,0.011649610606938277,0.53,0.043241110858411584,0.8244189649829563,0.010660055779361636,0.08,0.01978314151567944,0.9431689571544059,0.019725141471301538,0.01,0.004055555555555555,0.9982614742698191,0.007927677329624478,S_geminata,21,Mindanao Av. QC
0.37,0.01850617283950617,0.9959302325581395,0.006589147286821705,0.65,0.057849610846192376,0.8044979285855198,0.006838955744065233,0.15,0.014833762886597938,0.935943702634428,0.009743774810537712,0.0,0.0,0.9979963935083149,0.008348360382020971,S_geminata,22,Mindanao Av. QC
0.23,0.01686461313215699,0.9950922654102866,0.00831043057191467,0.53,0.04344346039533397,0.8274552360282149,0.00892265026828239,0.1,0.013694444444444443,0.945862335653519,0.020709804932542753,0.0,0.0,0.99951992318771,0.009944448254577876,S_geminata,23,Mindanao Av. QC
0.4,0.03316480590665373,0.99763109033869,0.008387220692746014,0.48,0.038867051871342484,0.8220374977246526,0.01383411200776652,0.08,0.018599038974803063,0.9335063540361553,0.009396814032575623,0.0,0.0,0.9986589497459063,0.007058159232072276,S_geminata,24,Mindanao Av. QC
0.32,0.02564924601699964,0.9945918432270789,0.009798307565056945,0.6,0.04713016150516151,0.8329533551050589,0.013432743853595415,0.06,0.005194444444444445,0.939936047014087,0.017543859649122806,0.0,0.000625,0.9987987186332088,0.012346502936465564,S_geminata,25,Mindanao Av. QC
0.37,0.025006947929955173,0.9969407504526441,0.006930136729724668,0.32,0.03180623787022136,0.8078484438430311,0.014176171145048006,0.14,0.03927010906586408,0.9477884935151314,0.023445294313269038,0.0,0.0,0.9985731450886152,0.0068338840492640435,P_longicornis,26,Mindanao Av. QC
0.23,0.023935510834665424,0.9941123188405797,0.012422360248447204,0.46,0.03435029862113195,0.807217967025834,0.0074646241724003635,0.11,0.022667235087293815,0.9377133816304438,0.015238571071696228,0.0,0.0006537713613683177,0.9992723038858973,0.007422500363848057,S_geminata,27,Mindanao Av. QC
0.3,0.01479651675485009,0.9960848959406553,0.013462463081255581,0.61,0.05649099858116886,0.8080019369287573,0.012529507899037588,0.07,0.006361111111111111,0.9444866920152091,0.020701309674693705,0.01,0.004277777777777778,0.9979676272047615,0.0073310590113958045,S_geminata,28,Mindanao Av. QC
0.52,0.038102677273982526,0.9958890746934225,0.007037346711259755,0.6,0.052612699423550485,0.8294701986754967,0.011712043168996811,0.17,0.029422980477753737,0.93439293598234,0.012097130242825608,0.0,0.0006388888888888889,0.9998613133624575,0.013591290479162332,S_geminata,29,Mindanao Av. QC
0.37,0.023623150301233378,0.9963775023832221,0.008388941849380362,0.73,0.07252720820046175,0.8200390291498963,0.013782168557141115,0.09,0.0076527777777777774,0.9408455506307535,0.015939311285373337,0.01,0.0071111111111111115,0.9983737633825721,0.00901206125491259,S_geminata,30,Mindanao Av. QC
0.37,0.021469135802469133,0.996365318530267,0.010243193232883955,0.42,0.030066466686471182,0.7905176899063475,0.01125130072840791,0.12,0.026731285076319337,0.9420467549452346,0.012015693967631191,0.0,2.8344671201814057e-05,0.9991911021233569,0.011526794742163803,S_geminata,31,Mindanao Av. QC
0.49,0.031232708290042786,0.9975526771324539,0.01032650868501164,0.48,0.04382141988985197,0.8352238805970149,0.01080597014925373,0.18,0.02025,0.9338591734450744,0.01971900419028839,0.0,0.0010833333333333333,0.9989173827728534,0.01116449015494959,P_longicornis,32,Mindanao Av. QC
0.41,0.020302028218694885,0.9971264367816092,0.007148864592094197,0.47,0.05917346398533249,0.8247768525729348,0.011142395015874917,0.13,0.03761596925044167,0.9522224071916098,0.01822873314466456,0.0,0.00040277777777777783,0.9996007984031936,0.007385229540918164,S_geminata,33,Mindanao Av. QC
0.42,0.02086111111111111,0.9952410511069729,0.011587006000413822,0.47,0.05014669294741759,0.8172844105047495,0.011237350220401067,0.19,0.036192529465813784,0.9308070957555493,0.010495031113587815,0.0,0.00015277777777777777,0.9991936025804717,0.0072575767757543175,S_geminata,34,Mindanao Av. QC
0.46,0.04109935521222668,0.9965775129927747,0.008936493852199264,0.42,0.059389061543751176,0.8209604385128694,0.011916110581506196,0.19,0.03616586678934327,0.944643303088321,0.01798052110213935,0.0,0.0,0.99779382270357,0.011632571199358203,P_longicornis,35,Mindanao Av. QC
0.35,0.02827954071179382,0.9938271604938271,0.008317089018843404,0.63,0.06008613272833949,0.8268674343076469,0.00968408621198701,0.34,0.04671614664381385,0.9331338939197931,0.020132600258732213,0.01,0.0063166386083052745,0.9976994383923135,0.006834021246363083,S_geminata,36,Mindanao Av. QC
0.38,0.017582451499118162,0.9967707212055974,0.010696986006458558,0.41,0.031603351038271055,0.8174403630342798,0.011283497884344146,0.13,0.018117795952098278,0.9408815903197926,0.020916162489196196,0.0,0.0,0.998187432867884,0.012083780880773363,S_geminata,37,Mindanao Av. QC
0.38,0.01799845679012346,0.9967581872312272,0.010651670525967582,0.71,0.06345803949491689,0.8173854447439353,0.007412398921832884,0.06,0.009986111111111112,0.9458387235877533,0.01802501078050884,0.0,0.001644358582310712,0.9996479616982328,0.00971625712877561,S_geminata,38,Mindanao Av. QC
0.39,0.040772587073275676,0.9972537760579203,0.008425914367744352,0.6,0.05442466031445971,0.8262000472925042,0.007744147552612911,0.13,0.02573906183350987,0.9434067244257214,0.016294412208886416,0.01,0.005333333333333333,0.9992893138648404,0.007106861351595813,S_geminata,39,Mindanao Av. QC
0.47,0.035485700490052355,0.9962116347759086,0.011236676512135611,0.53,0.04232312444702795,0.8137836604290278,0.007759014148790507,0.11,0.013855590568808281,0.9522503214744964,0.012858979854264894,0.0,0.0,0.9992068737607402,0.009253139458030404,S_geminata,40,Mindanao Av. QC
0.31,0.028368079995530975,0.9953555308432,0.010989729835808202,0.49,0.05051305845210504,0.7953589187810787,0.008032640571209997,0.2,0.04053796625983044,0.9415660630449363,0.01601274312541918,0.01,0.005469853302979017,0.9990261005064277,0.01142708739124789,S_geminata,41,Mindanao Av. QC
0.52,0.04740341579233934,0.9975229130542482,0.008669804310131285,0.41,0.033824642625081225,0.8178186429930248,0.008053265694356373,0.19,0.018055555555555554,0.9434090138935954,0.018298881735005084,0.01,0.00576388888888889,0.9979460677135096,0.008083217385542968,P_longicornis,42,Mindanao Av. QC
0.16,0.014705026455026455,0.9964084841092363,0.006844209527681778,0.5,0.043532278914166334,0.8236410381978453,0.010100391772771793,0.11,0.03493379409065138,0.9457581150944996,0.018052377320111872,0.01,0.0017916666666666667,0.9985138147672769,0.00695804904411268,S_geminata,43,Mindanao Av. QC
0.33,0.017046809732664998,0.9967144355120587,0.007130373995106606,0.63,0.05404473316769239,0.8431281813975011,0.01006478482184174,0.11,0.02555139138981203,0.9422031944673144,0.014161040671826115,0.01,0.0019722222222222224,0.9980078358456737,0.007371007371007371,S_geminata,44,Mindanao Av. QC
0.26,0.013305996472663138,0.9952795031055901,0.008944099378881987,0.62,0.051421639785033106,0.8157384987893462,0.010108958837772398,0.08,0.022253043627296354,0.9427753934191703,0.015147689977278465,0.0,0.0,0.9995972073039742,0.009197099892588614,S_geminata,45,Mindanao Av. QC
0.2,0.017100709955496375,0.994881762228701,0.006673145448655653,0.67,0.052805263595229905,0.8234479284724846,0.007744616547034379,0.07,0.0352194021009087,0.9457202505219207,0.0162839248434238,0.0,0.0,0.9978130125751777,0.01319026790595954,S_geminata,46,Mindanao Av. QC
0.32,0.020529651675485008,0.9971438523162661,0.012887495646116336,0.79,0.07009491527465353,0.8218421842184218,0.013441344134413441,0.17,0.04716300217614418,0.9394301313768981,0.010066541545811295,0.01,0.006263888888888888,0.9998699609882965,0.009232769830949285,S_geminata,47,Mindanao Av. QC
0.32,0.019561449921099042,0.9971764101905923,0.011101841750625683,0.67,0.039701916767061245,0.839248955149398,0.014596718857214147,0.14,0.023842449121381795,0.9403162727427308,0.017769086889984697,0.01,0.0021111111111111113,0.9995958779551425,0.011921600323297636,S_geminata,48,Mindanao Av. QC
0.27,0.03795351966361131,0.9955205646803312,0.012488122709379667,0.48,0.0327783934475111,0.8171203834572605,0.012536102746881337,0.12,0.03891472809015687,0.9327922077922078,0.020292207792207792,0.01,0.014421988963111016,0.9977595220313666,0.007264580080114061,S_geminata,49,Mindanao Av. QC
0.48,0.036482798557349205,0.9961730557177142,0.009275475124862166,0.55,0.06284593544315767,0.8191639555582837,0.013872690442575655,0.15,0.01391666666666667,0.9526455252585692,0.01769381998461407,0.01,0.0024027777777777776,0.9971315394071848,0.011951919136729956,S_geminata,50,Mindanao Av. QC
0.35,0.026861429141034402,0.9962934998970416,0.011737250326034732,0.35,0.029745684031835994,0.8222847358121331,0.010151663405088062,0.12,0.0403002559088923,0.9527184789859907,0.015260173448965977,0.0,0.0,0.9981411310502609,0.014870951597912347,P_longicornis,51,Mindanao Av. QC
0.36,0.02821223377558629,0.9957616234266632,0.009953763164654508,0.44,0.03731195474822925,0.8140337896164755,0.01159205820693057,0.23,0.022236818296342106,0.9382319910155623,0.016284293277715387,0.0,0.0011805555555555558,0.9966489400451665,0.007503460333649013,S_geminata,52,Mindanao Av. QC
0.36,0.017449074074074075,0.9937943873681307,0.010411638971247328,0.47,0.04628077952749005,0.8281154457625046,0.011434511434511435,0.08,0.014335855846169884,0.9510778706555213,0.014518257809062912,0.0,0.0,0.9984812922822035,0.010285793179621704,S_geminata,53,Mindanao Av. QC
0.3,0.01999514991181658,0.9959904287654401,0.00970057556748367,0.45,0.036758586503652296,0.820495228591031,0.011476330069232208,0.12,0.03188776134264096,0.9453500343170899,0.015785861358956762,0.01,0.005540123456790123,0.9957941959904668,0.006308706014299734,S_geminata,54,Mindanao Av. QC
0.26,0.01072222222222222,0.9962426194310252,0.008521202361782072,0.47,0.043820693709582595,0.8201152243196862,0.012380485413091445,0.12,0.028610962743614746,0.9393098664817062,0.013438529564765043,0.01,0.047399531065814786,0.9994007191370355,0.012318551072046878,S_geminata,55,Mindanao Av. QC
0.26,0.04057317150533472,0.9963694267515923,0.006942675159235669,0.37,0.03650193560034254,0.8175610345661107,0.014140681653372008,0.17,0.04401823722709828,0.9399339933993399,0.017161716171617162,0.0,0.0,0.9990967831584798,0.012228166469811714,S_geminata,56,Mindanao Av. QC
0.24,0.013152251683501683,0.9962457337883959,0.009078498293515359,0.6,0.042034915658625674,0.8152858377577479,0.011359427089764168,0.12,0.04341424037657538,0.9438653451811346,0.016233766233766232,0.02,0.005833333333333334,0.9992097984986171,0.011918872645858027,S_geminata,57,Mindanao Av. QC
0.56,0.05373757094320251,0.9958450446046682,0.00928754735427105,0.59,0.05308877848075026,0.814388489208633,0.012636847044103847,0.1,0.031828818382925575,0.938569401552458,0.013020615975294216,0.0,0.005287466590301642,0.9997249914059815,0.009762805087658989,S_geminata,58,Mindanao Av. QC
0.35,0.02023252772312482,0.9956679620309613,0.007326240682933045,0.46,0.02478835978835979,0.8104333538714314,0.007119874032997878,0.08,0.013445324532271236,0.9491055456171735,0.011717352415026834,0.0,0.0,0.9995879120879121,0.007417582417582417,S_geminata,59,Mindanao Av. QC
0.33,0.01791512345679012,0.9968723529028475,0.01127256141265394,0.71,0.05531787795872941,0.8039253048780488,0.007939532520325204,0.15,0.03002570485715625,0.9383353304452023,0.009401788183242695,0.01,0.003007202608266438,0.9979915197500558,0.009298519675667635,S_geminata,60,Mindanao Av. QC
0.48,0.031367272547588636,0.9971329100962523,0.007031196668714588,0.62,0.07127997166915045,0.8233163484560133,0.006507459021425502,0.1,0.024581251306049948,0.9459660122092064,0.0211186272892262,0.02,0.007513888888888889,0.9989324960753532,0.01249607535321821,S_geminata,61,Mindanao Av. QC
0.35,0.0239811140505585,0.9973373165346149,0.00805299389531108,0.59,0.05076988774155377,0.8279511038131728,0.010642826734780758,0.15,0.025997508734284365,0.9472511144130757,0.017087667161961365,0.0,0.00047222222222222224,0.998858754027927,0.01268796992481203,S_geminata,62,Mindanao Av. QC
0.28,0.015583112874779542,0.9959572248304642,0.00671622326551904,0.49,0.03311196727287058,0.8102458768803238,0.014136410318371291,0.12,0.043806938217788034,0.9385779368695086,0.019199479336153596,0.01,0.005930555555555555,0.9970307968512636,0.008838558210191963,S_geminata,63,Mindanao Av. QC
0.41,0.03130752070329164,0.994824331729891,0.007002374718382756,0.31,0.03044533046738742,0.8106615285806037,0.012074502247912653,0.26,0.05089755237337047,0.9368877469086238,0.01686205235265778,0.0,0.00011820330969267139,0.9998588866153955,0.012135751075989557,P_longicornis,64,Mindanao Av. QC
0.46,0.02997825638946163,0.9956578094620868,0.011211924821775762,0.36,0.02814742193173566,0.8125773706362961,0.012564991334488735,0.16,0.01538888888888889,0.9419360213262246,0.02032655781406198,0.0,0.0005416666666666666,0.9962381631858866,0.012712414061486575,P_longicornis,65,Mindanao Av. QC
0.38,0.020639790764790767,0.9959974984365229,0.011882426516572859,0.73,0.06664640576078484,0.8204849800941006,0.008565568826155145,0.08,0.019221514093850027,0.9451354574884989,0.010308400068154712,0.0,0.0022500000000000003,0.9979822135864285,0.007622748673492265,S_geminata,66,Mindanao Av. QC
0.31,0.022171142900309564,0.9948390601656933,0.00794513106070895,0.61,0.0583670682475292,0.8239540910773787,0.010428236455633715,0.27,0.021324185752632476,0.9352149872080548,0.018156309317487827,0.0,0.0,0.9977652162481925,0.01071381622190088,S_geminata,67,Mindanao Av. QC
0.3,0.017691358024691357,0.9913798649083306,0.011900932775812159,0.56,0.05097425927981484,0.8194762582801957,0.006747972512845911,0.19,0.02120765371584591,0.9466068708749366,0.01607717041800643,0.0,0.0,0.9985913689332822,0.010244589576130106,S_geminata,68,Mindanao Av. QC
0.26,0.017349461617005475,0.9953217216064488,0.008852742190873758,0.57,0.05019429295287138,0.8146788990825689,0.006999660210669385,0.19,0.04178239393641713,0.9523848549418128,0.019586952958531387,0.0,0.0005416666666666666,0.9981714607215697,0.009705323862437583,S_geminata,69,Mindanao Av. QC
0.21,0.01212830687830688,0.9960952026775753,0.007747613734969629,0.7,0.07714245523711194,0.823685139428168,0.01200141193081539,0.14,0.03830117053863039,0.9382643658904339,0.018177249120455687,0.0,0.0002361111111111111,0.9966344131257888,0.008764549151591642,S_geminata,70,Mindanao Av. QC
0.3,0.016847222222222222,0.9956784238957738,0.012774070543374642,0.49,0.03077777777777778,0.8103087554682051,0.008685728777024029,0.22,0.04132760692783097,0.9509197460524174,0.018801888328178414,0.0,0.00029166666666666664,0.998260287721646,0.007494145199063232,S_geminata,71,Mindanao Av. QC
0.44,0.04160853357381135,0.996542520926847,0.01031177969185976,0.52,0.06195562120188994,0.8204023836214526,0.010738096642869786,0.2,0.06371743712099978,0.9332701911486138,0.021181332874117446,0.0,0.0,0.9992458521870287,0.0071301247771836,S_geminata,72,Mindanao Av. QC
0.37,0.018544312169312172,0.9979903536977492,0.007703644158628081,0.55,0.05378197085835974,0.8323367907260525,0.008541793776693106,0.06,0.010180555555555556,0.937865559040434,0.018564041705518352,0.01,0.005125,0.99961307796479,0.01309086219126846,S_geminata,73,Mindanao Av. QC
0.32,0.019618097381684338,0.9966762252346194,0.012643378519290928,0.49,0.042007028554733865,0.8098540586177783,0.01242310939573031,0.08,0.022023731680275684,0.9493639311549015,0.017211274632077826,0.0,9.722222222222223e-05,0.9973689980267485,0.0073083388145874445,S_geminata,74,Mindanao Av. QC
0.37,0.032867710193239086,0.9960397284385215,0.009177772190093036,0.59,0.0471375865143981,0.8060591603053435,0.0144918893129771,0.15,0.03313715929001461,0.940521408839779,0.011740331491712707,0.0,8.333333333333333e-05,0.9990542457609944,0.009660204012700128,S_geminata,75,Mindanao Av. QC
0.24,0.017600387073968233,0.996044152363938,0.008358323231034262,0.58,0.045802591691947434,0.7910530531764126,0.0159590855875285,0.17,0.017347222222222222,0.9304182810152606,0.024907092591128333,0.0,0.0,0.9992906795290112,0.01170378777131508,S_geminata,76,Mindanao Av. QC
0.32,0.025076161895002475,0.9941337504888541,0.009777082518576457,0.4,0.04337970283002421,0.816162366190211,0.007796547243363653,0.08,0.03586555944912892,0.9451552440713878,0.013853801646157607,0.01,0.0017500203549910436,0.9986046853198208,0.007123448630388485,S_geminata,77,Mindanao Av. QC
0.32,0.01676168430335097,0.9970332028784245,0.010415351597020579,0.35,0.0345990678560123,0.8286723938341558,0.007859623469201243,0.2,0.0479103431146147,0.9395259234441745,0.022028645615210653,0.0,5.555555555555556e-05,0.999593165174939,0.012476267968538107,S_geminata,78,Mindanao Av. QC
0.3,0.019110449735449734,0.996366177498253,0.007197763801537386,0.35,0.022845465112055503,0.8011210444160636,0.006669504753795941,0.21,0.021652777777777778,0.947206297595619,0.02276033199281253,0.0,0.00011111111111111112,0.9987138263665595,0.008931761343336906,S_geminata,79,Mindanao Av. QC
0.41,0.023227733686067023,0.9966494672652951,0.006768076124103732,0.78,0.05610679262738619,0.8174918684495844,0.015299361522708107,0.11,0.02592477934440731,0.9449109842122942,0.015703728585824656,0.0,0.0009567901234567902,0.9979733642154024,0.012304574406485235,S_geminata,80,Mindanao Av. QC
0.41,0.04720763445607274,0.9951957880881869,0.007041790062520566,0.35,0.038542216447982704,0.8290230793550427,0.010116977552956055,0.1,0.01377777777777778,0.9402370345465243,0.02269479700764899,0.0,0.0016111111111111113,0.9992196137087859,0.011965923131950315,P_longicornis,81,Mindanao Av. QC
0.32,0.020032186948853614,0.9891801378244348,0.013074000128807883,0.53,0.04605723877086107,0.8180395593390085,0.006634952428642964,0.18,0.03803565488657595,0.9425608953258723,0.012672811059907835,0.0,0.0,0.9986172384276025,0.00849410680187002,S_geminata,82,Mindanao Av. QC
0.34,0.01669753086419753,0.9950428979980934,0.00877025738798856,0.42,0.03251451607579059,0.7968958717638827,0.010813561478277464,0.22,0.026652878905502823,0.939230367403796,0.02281037785129723,0.0,0.01390520136729085,0.9989066821017428,0.010032799536947714,S_geminata,83,Mindanao Av. QC
0.48,0.03716493119127219,0.9942241547147771,0.01070802777597508,0.57,0.04442896695715323,0.8159486016628874,0.006802721088435374,0.12,0.018819444444444444,0.9450137465633591,0.010497375656085979,0.0,0.0,0.9985525227460711,0.01282051282051282,S_geminata,84,Mindanao Av. QC
0.33,0.022555305905849383,0.9965066100417836,0.011233646140146585,0.56,0.05744732760493328,0.833313693141645,0.011371670987508837,0.14,0.01702777777777778,0.9449657621100684,0.020796347958407305,0.0,0.0,0.9995819106682461,0.01351822172670894,S_geminata,85,Mindanao Av. QC
0.35,0.02432208994708995,0.9961146187469645,0.007978907930340664,0.42,0.03956400841137039,0.8037776104417671,0.009098895582329318,0.13,0.052105748736494935,0.9444398443322017,0.010598658607270018,0.02,0.0036805555555555554,0.9987074829931972,0.012040816326530613,S_geminata,86,Mindanao Av. QC
0.2,0.02097426688169797,0.9956913183279743,0.008167202572347267,0.57,0.04626009414896154,0.8275035347636319,0.009897338169299809,0.06,0.03699216689901521,0.9420383712458512,0.028414150408807577,0.01,0.002680555555555556,0.9978466838931955,0.007321274763135229,S_geminata,87,Mindanao Av. QC
0.33,0.032057718259107144,0.9930891946005296,0.01207776270748563,0.48,0.039747578379318575,0.8135844396418648,0.011608521148502624,0.02,0.003361111111111111,0.9447334754797442,0.018678038379530918,0.01,0.00677384960718294,0.9994447529150472,0.01096612992781788,S_geminata,88,Mindanao Av. QC
0.42,0.02732725503830576,0.9957688747851382,0.006875578474150469,0.83,0.07779826446378829,0.8382285452042221,0.011415787058283616,0.15,0.02752522075503127,0.9391558712912662,0.02072712076890932,0.0,0.0,0.9990935577856912,0.007381029459371965,S_geminata,89,Mindanao Av. QC
0.14,0.012062313497523765,0.9957003694994961,0.008330534094726234,0.62,0.043648678844757274,0.8247887323943662,0.00863849765258216,0.13,0.026180906253950663,0.9447475534770936,0.015415259374729366,0.01,0.006888888888888889,0.9988621151271754,0.01325301204819277,S_geminata,90,Mindanao Av. QC
0.36,0.016712962962962964,0.9959063150124152,0.011274411113348098,0.51,0.05361433079679516,0.8038248370789939,0.008831232109141848,0.1,0.02725611364722009,0.9321288595736545,0.009750501864066534,0.0,0.00040277777777777783,0.9982320141438868,0.006867945056439549,S_geminata,91,Mindanao Av. QC
0.26,0.029721115173019123,0.9965590590590591,0.007695195195195195,0.73,0.06600976812253721,0.8340067148466397,0.009673931599613043,0.15,0.033167400982999896,0.9341574384067302,0.01828483131599279,0.0,0.0,0.9997229725050211,0.009765219198005402,S_geminata,92,Mindanao Av. QC
0.25,0.015504629629629629,0.9969818253395446,0.00774227412899416,0.57,0.06482971356308063,0.8127470656206288,0.01289302438727726,0.12,0.026254308427015007,0.9336166595835104,0.016064598385040374,0.0,0.0,0.9975936748023376,0.011000343760742524,S_geminata,93,Mindanao Av. QC
0.36,0.02951936262004631,0.9968983039662113,0.008249191579225237,0.52,0.04371230047042741,0.8257480679040887,0.008388929255565097,0.05,0.022369744770511377,0.9457816273840259,0.015490963604564005,0.0,0.0,0.9984795079134702,0.012855069458843044,S_geminata,94,Mindanao Av. QC
0.35,0.016111111111111114,0.9950167202150678,0.006819224968854501,0.65,0.04671633582753294,0.8269169175581321,0.008839920568829672,0.13,0.03239207999841268,0.9417633222483576,0.01954740854894963,0.0,0.0,0.9984485666104553,0.01254637436762226,S_geminata,95,Mindanao Av. QC
0.42,0.03127186736855659,0.9951690821256038,0.009210950080515298,0.5,0.03729025784386673,0.8137296704635439,0.010964244380824755,0.05,0.005611111111111111,0.9446133618210206,0.018571780754375874,0.0,0.0,0.9987891737891738,0.010683760683760684,S_geminata,96,Mindanao Av. QC
0.26,0.014740460157126822,0.996549300274778,0.00964917886126909,0.42,0.0407670116471523,0.8290898094950105,0.008769277290595706,0.08,0.01830647474347722,0.9429356881039653,0.014911696101299566,0.0,0.0,0.9990414241698049,0.007257788428620336,S_geminata,97,Mindanao Av. QC
0.37,0.017540343915343915,0.9948122689838532,0.011413008235522989,0.72,0.059110116818486366,0.823542870216782,0.011382485843390723,0.14,0.05228887172382072,0.942536390448102,0.010179811625915707,0.0,0.0,0.9994055482166446,0.009709379128137385,S_geminata,98,Mindanao Av. QC
0.23,0.016402777777777777,0.9969186524239935,0.00691591344837031,0.67,0.06790254470715297,0.8151704003144125,0.010723710066812643,0.18,0.04744176581762557,0.9404120443740095,0.024088748019017434,0.01,0.006402143070489845,0.9986872106681407,0.0113314447592068,S_geminata,99,Mindanao Av. QC
0.94,0.04201414157133111,0.872034470227898,0.006644863209261278,0.67,0.057424162095214726,0.5610486061076317,0.011361746937870643,0.38,0.06793905655261284,0.6374152919433226,0.011636662331439524,0.03,0.003934851088201604,0.8943979394719896,0.007844055493765732,P_longicornis,0,"La Mesa Ecopark, QC"
0.62,0.0440672195938497,0.8797379276874545,0.006357680174714875,0.56,0.040999636891793756,0.5727493660185968,0.01162299239222316,0.4,0.053203229162022324,0.6275534441805226,0.010926365795724466,0.03,0.013458333333333334,0.9014312234265525,0.006048266363255284,P_longicornis,1,"La Mesa Ecopark, QC"
1.05,0.05672700039724137,0.8767043524673687,0.007035761075258383,0.75,0.0677796274473878,0.56795780275987,0.009430443816932175,0.47,0.061613655774425465,0.6247958628198149,0.010955362003266194,0.01,0.004588314498303291,0.8948126801152738,0.006340057636887608,P_longicornis,2,"La Mesa Ecopark, QC"
0.98,0.05124399481101045,0.8638788244766505,0.006692834138486313,0.87,0.07021834155519992,0.5518042948859863,0.005756032765109586,0.24,0.034835057284082975,0.6107835476308873,0.01868295801662286,0.04,0.05698861005460681,0.9129562775772162,0.005787633946478712,P_longicornis,3,"La Mesa Ecopark, QC"
0.75,0.030839169832225392,0.8621621621621621,0.008659680088251517,1.0,0.09904360935498026,0.6025790754257907,0.007445255474452555,0.37,0.06923560298843277,0.6296517017613561,0.00834326579261025,0.01,0.005847222222222222,0.896200356024799,0.006629427291142348,S_geminata,4,"La Mesa Ecopark, QC"
0.88,0.05708689586326591,0.8666666666666667,0.005461102524471921,0.6,0.05258550060978466,0.553927509088906,0.006334692078880688,0.23,0.04140646188031924,0.6344442144483544,0.015386738425446767,0.0,0.0020555555555555557,0.9060532972527796,0.011118301076533913,P_longicornis,5,"La Mesa Ecopark, QC"
0.89,0.03794339271392412,0.862528685389575,0.007485520708119331,0.81,0.06768412219800779,0.5796060730406237,0.011027903159622487,0.23,0.023548760882094212,0.6120439249025859,0.014311016648955012,0.01,0.006458333333333334,0.8961976959350564,0.008834238643824986,P_longicornis,6,"La Mesa Ecopark, QC"
1.25,0.06245725671014927,0.8689902124612079,0.006970637383623777,0.74,0.06887925223195691,0.5703338513477305,0.008681206794919887,0.3,0.05804260587070181,0.6289351691690307,0.014944994118868056,0.05,0.06576237131663074,0.8970341354224958,0.00957532798607225,P_longicornis,7,"La Mesa Ecopark, QC"
0.58,0.03180028599685858,0.8641118759824381,0.007209062821833162,0.55,0.03897681796124015,0.5472980627619803,0.007816925342698539,0.29,0.04418708537006675,0.6182583888058688,0.017049313951908708,0.01,0.0053379632891668765,0.8926121048762559,0.010230335702033815,P_longicornis,8,"La Mesa Ecopark, QC"
0.81,0.03777695992683244,0.8544354622838481,0.009047593554258793,0.71,0.05337616227142353,0.5713688173167416,0.01061382411377183,0.35,0.0477472365409443,0.6102884949600278,0.01167883211678832,0.04,0.01346308739107756,0.8991062437059416,0.008874622356495469,P_longicornis,9,"La Mesa Ecopark, QC"
0.83,0.036741351813422606,0.8695427002951991,0.008752395256098193,0.71,0.07490865736745621,0.6036665851869959,0.007333170373991689,0.22,0.03533435268339271,0.6183029453015427,0.01332398316970547,0.02,0.0028750000000000004,0.8881578947368421,0.006148548942449582,P_longicornis,10,"La Mesa Ecopark, QC"
1.01,0.06669633614701424,0.8791066902587155,0.006169001960690546,0.96,0.08714378628752659,0.5916293576135621,0.005684390562905579,0.29,0.054107585962232,0.6203575388026608,0.01309589800443459,0.01,0.002708193041526375,0.9052186821970994,0.008792965627498001,P_longicornis,11,"La Mesa Ecopark, QC"
0.67,0.03201425945604867,0.8659147869674185,0.005980861244019139,1.03,0.10332346953592207,0.591652367013223,0.009134955082265065,0.46,0.06810413298780817,0.6364062709366206,0.014136406270936621,0.03,0.008666666666666666,0.8839504580054186,0.006450780544445878,S_geminata,12,"La Mesa Ecopark, QC"
1.02,0.04997780078406315,0.8626296607793664,0.009027193720213064,1.0,0.09414491150971617,0.6017392975544131,0.0052371114207466485,0.22,0.023652777777777776,0.6195675444230357,0.014343823592378506,0.01,0.03962271841022989,0.904558910597987,0.006039076376554174,P_longicornis,13,"La Mesa Ecopark, QC"
0.87,0.040354013013735236,0.8542340527069304,0.007529561482581261,0.83,0.06483583536579338,0.5847137014314928,0.008077709611451944,0.27,0.05128989543910626,0.6160065780457722,0.012813484993833082,0.04,0.07907380679703085,0.891299108218848,0.0072306579898770785,P_longicornis,14,"La Mesa Ecopark, QC"
0.84,0.03206345589893764,0.8604934996020165,0.008278057840275936,1.04,0.1009662894217657,0.607668364459536,0.006130918694585927,0.27,0.04488543982821774,0.6005201184714296,0.008018493101206385,0.02,0.006666666666666668,0.9021864912601255,0.008222181618856203,S_geminata,15,"La Mesa Ecopark, QC"
0.85,0.03533768984378765,0.8600642398286938,0.00556745182012848,0.48,0.03794487976609906,0.5757798937345467,0.007101899100426114,0.38,0.07345682836842596,0.6362364230025987,0.00866262410874925,0.06,0.05876713044170714,0.8924824166954918,0.009858180560359737,P_longicornis,16,"La Mesa Ecopark, QC"
0.74,0.03428689387780182,0.864986301369863,0.0063561643835616435,0.85,0.08993520457142562,0.593092716229105,0.006425380251995382,0.36,0.04889190285321973,0.635526953152031,0.012871081586049408,0.03,0.013699029880725664,0.8962699200280194,0.01114937832000467,S_geminata,17,"La Mesa Ecopark, QC"
1.33,0.06598301257637613,0.88473316933581,0.005170942316381344,0.68,0.05359484756426359,0.5690937720584243,0.0084161372644839,0.17,0.04448349030744342,0.6244766955065587,0.013047725369801842,0.04,0.01440277777777778,0.9117952865064695,0.007162661737523105,P_longicornis,18,"La Mesa Ecopark, QC"
0.63,0.041809055214861925,0.8732176867246616,0.007257939980439595,0.63,0.05633914154091556,0.5682257026389187,0.009171851534005578,0.28,0.04761026346854579,0.6053782717820008,0.010397992111868053,0.05,0.06326781835861973,0.8880095650193578,0.010077431109086769,P_longicornis,19,"La Mesa Ecopark, QC"
0.9,0.03922997058297886,0.8693140035718038,0.007931505410232168,1.0,0.0901720615852623,0.6076855639976622,0.006623806740697448,0.38,0.05735511807591229,0.6397117694155324,0.011542567387243128,0.07,0.06065931922657176,0.9043698543381887,0.010305717082157868,S_geminata,20,"La Mesa Ecopark, QC"
0.98,0.04223032317062335,0.8586506842049433,0.00901665429086666,0.89,0.0724984279036836,0.5675545054236925,0.012243582858983998,0.57,0.09679819156311442,0.6544485813326486,0.009500577737835409,0.06,0.056109767414376066,0.8936633783211281,0.006052169702838468,P_longicornis,21,"La Mesa Ecopark, QC"
0.8,0.03934179699798361,0.8665237938234971,0.007088691064952192,0.64,0.05200227473144139,0.5702007260303225,0.0085949177877429,0.35,0.04539896508260958,0.6352645188343001,0.008246558110280243,0.02,0.009427651854567178,0.9023511450381679,0.01050381679389313,P_longicornis,22,"La Mesa Ecopark, QC"
0.83,0.05074062901798207,0.8710120592275988,0.007632422530911311,0.75,0.08616430489442287,0.5828498074454429,0.01042362002567394,0.32,0.049720947073066984,0.6203017832647463,0.010356652949245542,0.03,0.0271529572256664,0.891949551358474,0.011545460249733325,P_longicornis,23,"La Mesa Ecopark, QC"
1.02,0.053203239026053416,0.86883706370324,0.00526947357437262,0.6,0.04927838639448452,0.5704981047461427,0.00656665420959906,0.4,0.0633128131131857,0.6349370225067107,0.013421432996076812,0.01,0.0016944444444444444,0.8981121115306419,0.007783909381353471,P_longicornis,24,"La Mesa Ecopark, QC"
0.89,0.04217380924332321,0.874034902168165,0.005552617662612375,0.72,0.054242193173565725,0.5173199089056695,0.006112909025530385,0.48,0.06394501589169405,0.635596625150663,0.015200214276148385,0.02,0.008402777777777778,0.8954941085913909,0.005980223814317011,P_longicornis,25,"La Mesa Ecopark, QC"
0.92,0.044179917059383005,0.8613775065387969,0.007737576285963383,0.63,0.05654809990633746,0.5793371500604023,0.00971689689584537,0.3,0.050195231383969405,0.6513263665594855,0.015541264737406217,0.01,0.05621043444704673,0.8986214468708064,0.006831767719897523,P_longicornis,26,"La Mesa Ecopark, QC"
1.12,0.05879732249319842,0.8678155093765839,0.007704004054738976,0.6,0.05222820096447114,0.5554868798112041,0.011462606057200652,0.3,0.049264691408669924,0.6280675370838745,0.016405769362225715,0.04,0.00925,0.906740431297279,0.009653381506153325,P_longicornis,27,"La Mesa Ecopark, QC"
0.76,0.03437386301969635,0.8662652599016738,0.0061868198641109205,0.72,0.060402348102000875,0.5742013962343981,0.010048656653268458,0.49,0.06906956612233796,0.6466220247961281,0.013061062122919843,0.02,0.004757086167800454,0.8930336549776418,0.01070840197693575,P_longicornis,28,"La Mesa Ecopark, QC"
0.45,0.022780759133728484,0.8579868211770052,0.007498295841854124,0.67,0.056026359151978906,0.5622922697544762,0.007076230299131554,0.29,0.041611853649827515,0.6336192109777016,0.014957118353344769,0.05,0.012263888888888887,0.891413838589759,0.007494903465643362,S_geminata,29,"La Mesa Ecopark, QC"
1.03,0.04763163210548831,0.8638991356053516,0.006937179981280625,0.83,0.07904799124182853,0.5706071635807354,0.009389671361502348,0.47,0.06811366627136677,0.6263352506162695,0.018008764721993975,0.07,0.022208333333333333,0.8969472710453285,0.007955596669750232,P_longicornis,30,"La Mesa Ecopark, QC"
0.72,0.03396252269351685,0.8647713357823564,0.005536921684501943,0.63,0.03565510878010878,0.548878520433976,0.010006183596604643,0.34,0.04540807408601526,0.6141815121335391,0.007504558844157666,0.02,0.003148773238658991,0.9048371414681575,0.011302868254739912,P_longicornis,31,"La Mesa Ecopark, QC"
0.87,0.041400416509534535,0.8634843581445523,0.0056634304207119745,0.52,0.05526856223263228,0.5556276705067879,0.012493915300989778,0.34,0.045404776801159404,0.6236353711790393,0.010166484716157205,0.02,0.012916666666666668,0.9030182498830136,0.006083294337856809,P_longicornis,32,"La Mesa Ecopark, QC"
0.71,0.033138693550215384,0.8606360712644852,0.008678339884629129,0.71,0.0876938494343596,0.5896741854636591,0.008471177944862155,0.32,0.03867181333469786,0.6146958304853042,0.014969241285030759,0.06,0.010976851851851852,0.8970525154727618,0.008027452662540596,P_longicornis,33,"La Mesa Ecopark, QC"
0.98,0.05042053257438686,0.8741555783009212,0.0063971340839304,0.77,0.05172346645428351,0.568946855720316,0.01104015586102392,0.28,0.02267055677908767,0.6363143998375195,0.0138108455757904,0.02,0.004527777777777778,0.8964944540008304,0.009490479862388043,P_longicornis,34,"La Mesa Ecopark, QC"
0.9,0.042523321708825244,0.8621341397559131,0.006804190517334485,0.87,0.08471411603178311,0.6133813353282215,0.006171685057041331,0.39,0.046456179257314496,0.6305408838670856,0.015444273584274922,0.02,0.0037664662084765173,0.8933067431135485,0.006107441106817898,P_longicornis,35,"La Mesa Ecopark, QC"
0.68,0.03917911846058327,0.8666449121662044,0.007777233915266221,0.69,0.057080036796903696,0.5745205185899497,0.007071681131468981,0.34,0.04593884027852404,0.649620045183816,0.012733620866707743,0.02,0.004413779476841552,0.9044017839829358,0.007885721672807188,S_geminata,36,"La Mesa Ecopark, QC"
0.72,0.030626885940005694,0.8566367762648068,0.008911767961917415,0.52,0.04788368504154753,0.5660835762876579,0.01355145232696253,0.34,0.06258450085800885,0.639645596403068,0.018447500661200742,0.04,0.008611111111111111,0.8948898319865124,0.007964653217836173,P_longicornis,37,"La Mesa Ecopark, QC"
0.87,0.03874335966240905,0.8636889122438255,0.009879138202837624,0.81,0.07346626290536909,0.5791834446200113,0.007390794637851063,0.28,0.02441666666666667,0.6271464732845317,0.014845727577478278,0.02,0.005729717813051147,0.89094663079522,0.006381780641932053,P_longicornis,38,"La Mesa Ecopark, QC"
0.68,0.04671327124240733,0.8775249948990002,0.0065292797388288104,0.76,0.0476106638483547,0.5427144235681444,0.006300732247261168,0.59,0.07150795938722053,0.6459209419680404,0.0159798149705635,0.02,0.007439432989690722,0.8958218295600957,0.006073992269464384,S_geminata,39,"La Mesa Ecopark, QC"
0.92,0.04750837368426212,0.8733790195044807,0.005535055350553505,0.93,0.08431290986972084,0.5576206140350877,0.007565789473684211,0.59,0.09090936202762333,0.6355409836065574,0.012655737704918032,0.02,0.012402891963629727,0.8898051473033185,0.010972933430870519,S_geminata,40,"La Mesa Ecopark, QC"
0.9,0.05106442252360244,0.8655247095885017,0.006398897420752117,0.84,0.08216491135452487,0.5744613266980783,0.009952882630102177,0.43,0.06312066797073351,0.6352442470730723,0.012515139281388777,0.03,0.004583333333333333,0.8870858688302907,0.01008052123670785,P_longicornis,41,"La Mesa Ecopark, QC"
0.86,0.03919481925914674,0.8641794541407989,0.005915426964975987,0.89,0.06846312054506792,0.5693929441678144,0.00990571035067274,0.29,0.05372270467082992,0.639727689404152,0.011256403343219196,0.04,0.011583333333333333,0.8987761637881734,0.009150177284684891,S_geminata,42,"La Mesa Ecopark, QC"
1.17,0.05706177574393156,0.8553940719904152,0.008178361202271188,0.59,0.06594301761618712,0.5629645944606575,0.005836683002037333,0.37,0.07297814814551695,0.6263879369431117,0.012063056888279643,0.07,0.09000239337131397,0.8986398780969581,0.0064902082510299676,P_longicornis,43,"La Mesa Ecopark, QC"
1.0,0.04484493556672681,0.8688901975480486,0.00872637721505434,0.55,0.040101334800324115,0.5602393255371226,0.0056023932553712266,0.38,0.058837401042812314,0.6248724403020613,0.01537519559153684,0.01,0.003236111111111111,0.8911998001374055,0.006370620198613453,P_longicornis,44,"La Mesa Ecopark, QC"
1.04,0.046593432220259696,0.8675046803958277,0.005509494517250602,0.84,0.06492230069986413,0.5615708424361912,0.008738743539191133,0.24,0.044985605146676884,0.6351067434767875,0.015452389020670958,0.04,0.014236686013805268,0.901762894029753,0.009830264106428992,P_longicornis,45,"La Mesa Ecopark, QC"
0.78,0.03651969805398974,0.8653742595584276,0.007592891760904685,0.58,0.060491987156815585,0.5660942598833788,0.012464558925801101,0.2,0.02669137131117128,0.6175836405369688,0.01043333101481533,0.0,0.0016666666666666666,0.9007794643380413,0.00937701459297896,P_longicornis,46,"La Mesa Ecopark, QC"
0.56,0.04262979591753747,0.8681012793747658,0.007976018414431775,0.49,0.03981181858265192,0.5640189202413962,0.010764964932311206,0.39,0.05153588036863516,0.6304141208418195,0.020366598778004074,0.02,0.004069444444444445,0.8954232283464567,0.0062746062992125986,P_longicornis,47,"La Mesa Ecopark, QC"
0.85,0.03737672274998664,0.8753736122971819,0.00715200683176772,0.81,0.06055664618350545,0.5633260206538606,0.006367381882390711,0.31,0.06247828160884689,0.6413028413028413,0.011088011088011088,0.02,0.006748079786643616,0.909299442033478,0.009361438313701178,P_longicornis,48,"La Mesa Ecopark, QC"
1.18,0.05610322074456043,0.8629414584776008,0.00745751877696692,0.97,0.07363903052054889,0.5869531127489415,0.007265694422664785,0.31,0.049199511323518505,0.6394852692177446,0.012665086352861496,0.01,0.0055563069736022,0.897172236503856,0.007519280205655527,P_longicornis,49,"La Mesa Ecopark, QC"
0.78,0.043830344072296835,0.8720641790257033,0.0074945901725866895,0.8,0.0779628474285337,0.5858502701312066,0.01095960895291999,0.25,0.041008157928452346,0.627908531692966,0.013640010698047607,0.02,0.008778625254815733,0.9014434180138569,0.010969976905311778,S_geminata,50,"La Mesa Ecopark, QC"
0.93,0.045445386276943,0.8692099538388073,0.006207884543959251,0.83,0.07251027265313327,0.5805636933023538,0.011415294474189312,0.5,0.08293340726968342,0.6314281907807088,0.010191846522781775,0.03,0.008930555555555554,0.8977936026149895,0.008405323371468596,P_longicornis,51,"La Mesa Ecopark, QC"
0.89,0.05389997107554437,0.8664883145727121,0.005451516834082076,0.78,0.07402332974825453,0.583997955010225,0.010173824130879345,0.24,0.035457168797883534,0.6314783202458177,0.013246841925571868,0.01,0.0024444444444444444,0.8947432837647635,0.012789914937886298,P_longicornis,52,"La Mesa Ecopark, QC"
0.77,0.04047393710334241,0.8659946786737618,0.0052189930413426115,0.76,0.06027172920126351,0.5550262812089356,0.006187034603591765,0.46,0.06109749567899468,0.6263945578231292,0.012653061224489797,0.07,0.07068484478173215,0.8890829202343398,0.009069400630914827,P_longicornis,53,"La Mesa Ecopark, QC"
0.83,0.0449256565131373,0.8520671834625323,0.009313092161929371,0.69,0.062268092761148315,0.572980879740884,0.010187023299550726,0.24,0.03738804838967118,0.6286675639300134,0.014737550471063256,0.05,0.08175222287582035,0.8949438852250376,0.010470901307416406,P_longicornis,54,"La Mesa Ecopark, QC"
0.83,0.046902544649927276,0.8651399491094147,0.00773960983884648,0.89,0.09037267766565288,0.5872172460907849,0.006730428622033298,0.2,0.03959847892204722,0.6259052348437824,0.013104352024277536,0.01,0.007417867611138251,0.8976628233094422,0.010408226861950764,S_geminata,55,"La Mesa Ecopark, QC"
0.89,0.04867733529882493,0.8519320101351351,0.008604307432432432,0.98,0.08915511933725373,0.5894382474123203,0.005929052356547081,0.37,0.05566127587915689,0.6264286197335497,0.011158449989855955,0.06,0.06498942877392185,0.9077104874446086,0.00880354505169867,S_geminata,56,"La Mesa Ecopark, QC"
1.07,0.057999905543689736,0.8724895397489539,0.006956066945606695,0.75,0.07018878589931477,0.5606769699608185,0.007890727035263388,0.45,0.08256037099221078,0.6323436954243801,0.012644079636744673,0.0,0.004674666910734952,0.8966580256428222,0.006095424928186086,P_longicornis,57,"La Mesa Ecopark, QC"
0.76,0.038345609940401995,0.8612655546730209,0.008895949166004766,0.58,0.06656096172775679,0.5782834653615218,0.005852969372824058,0.42,0.04876346323994527,0.6260940362304092,0.01261958070425402,0.02,0.0017777777777777779,0.9096019272685557,0.010554089709762533,P_longicornis,58,"La Mesa Ecopark, QC"
1.07,0.06174916096740089,0.8718526100307062,0.007011258955987717,0.8,0.06662720980434426,0.5783126293995859,0.010455486542443064,0.36,0.057131652213634906,0.6444399677679291,0.016451786193929625,0.04,0.014724027413536704,0.8969609261939219,0.010188133140376266,P_longicornis,59,"La Mesa Ecopark, QC"
0.81,0.03918633343724718,0.8570445644119826,0.009103419074838573,0.7,0.08207607032623157,0.5831873002783218,0.009432017317802289,0.27,0.0535369501051064,0.6147748240278822,0.01469281760404565,0.04,0.00820991097896508,0.8841723413733851,0.007191497486157958,P_longicornis,60,"La Mesa Ecopark, QC"
0.7,0.04316555419793006,0.8564155901029122,0.009415371140792644,0.83,0.07874883659295988,0.5664799051826311,0.006033832561146428,0.3,0.03653569933214161,0.6133626186764914,0.010769448774266686,0.06,0.020837199312714775,0.8837539152532357,0.008332840848649607,S_geminata,61,"La Mesa Ecopark, QC"
0.65,0.03739882762746543,0.8631887143997871,0.008091562416821933,0.59,0.051221051028936516,0.5506038917468128,0.009841198836949228,0.31,0.03165277777777778,0.6114780879323816,0.012500887847148236,0.02,0.004069444444444444,0.9067224546722454,0.00797768479776848,P_longicornis,62,"La Mesa Ecopark, QC"
1.04,0.05731672782883054,0.8790371417036738,0.00772103350827614,0.87,0.06752046192476525,0.553529477570198,0.010627586978409218,0.25,0.040881311461332163,0.6037160906726124,0.00839836492010405,0.03,0.061668563958844104,0.9061822744382343,0.005760237253336375,P_longicornis,63,"La Mesa Ecopark, QC"
0.76,0.049212742276079975,0.8829000955301926,0.0063351601387701744,0.42,0.037428277029035034,0.5492143658810326,0.0063411896745230074,0.34,0.024069444444444442,0.6335231123763048,0.012674528941304053,0.02,0.004958333333333334,0.9085870960214677,0.010092171275230427,P_longicornis,64,"La Mesa Ecopark, QC"
0.92,0.05497373109250974,0.8567008217510399,0.008471137262858882,0.54,0.050564993238474416,0.5671472541713916,0.01042172903504509,0.52,0.0659658417099971,0.6315173221296233,0.007507404091190853,0.02,0.012435210487126954,0.8991328435505239,0.007948934120197518,P_longicornis,65,"La Mesa Ecopark, QC"
0.94,0.04735660094457239,0.8682493850925035,0.005614372794353545,0.79,0.06769522016675751,0.5759526261585994,0.008856848609680742,0.25,0.05057408413671049,0.6354636675870429,0.013670954273015018,0.04,0.06996019151946792,0.8983871920600225,0.008684350446032964,P_longicornis,66,"La Mesa Ecopark, QC"
0.97,0.045675720505733555,0.8648380355276907,0.008881922675026124,0.89,0.06880441721758503,0.5449890270665692,0.007259017500422036,0.28,0.050621308521506356,0.6178059983788166,0.014117805998378816,0.05,0.015064165965207632,0.8887102331457448,0.007407832778224417,P_longicornis,67,"La Mesa Ecopark, QC"
1.08,0.06682335483323462,0.8769697270964856,0.005517721330218223,0.76,0.07085626636422676,0.56262236097148,0.008995184930419599,0.38,0.05187048038969851,0.6267256035362122,0.013260795647738865,0.03,0.006958333333333333,0.9007088176920895,0.00793875815140346,P_longicornis,68,"La Mesa Ecopark, QC"
0.98,0.05547396558959008,0.8772201931255316,0.005953870015510082,0.91,0.07649550821566227,0.5851821903269824,0.00869257593369384,0.47,0.07123948448229092,0.6368793379604912,0.012146289375333689,0.0,0.0,0.9001292824822237,0.010084033613445379,P_longicornis,69,"La Mesa Ecopark, QC"
0.7,0.025444444444444443,0.8526241385403781,0.009777934853036461,0.68,0.04601563914231925,0.5531302876480542,0.010434292160180485,0.25,0.0372410027584494,0.6214125641581725,0.009397816814863008,0.06,0.08881747573414239,0.8958626168795453,0.0061724622624213165,P_longicornis,70,"La Mesa Ecopark, QC"
0.93,0.06107993431445841,0.8640377901006366,0.005339905524748409,0.84,0.0721961964351811,0.5684522235735815,0.009941304002961239,0.44,0.05333380705767678,0.6287189240592311,0.015147398451297377,0.03,0.10135202512089737,0.8886384404508072,0.007797745964057265,P_longicornis,71,"La Mesa Ecopark, QC"
0.82,0.032674970605526155,0.8489074586415222,0.005815594828072949,0.57,0.03934029723000311,0.5668552950687147,0.011371597952034492,0.29,0.03689672104320055,0.6232387034080655,0.010758658985215521,0.03,0.00835698144330502,0.8954738518715158,0.009556676400318556,P_longicornis,72,"La Mesa Ecopark, QC"
0.77,0.044044941641281324,0.8721503868723062,0.006283429402295269,1.09,0.10747640536802151,0.5916256402605798,0.008056094286140535,0.34,0.05988507523609057,0.6351116459419709,0.008824709185720016,0.01,0.0018055555555555553,0.899013921113689,0.007946635730858468,S_geminata,73,"La Mesa Ecopark, QC"
0.75,0.03768845180179352,0.8646431501230517,0.005578342904019688,0.81,0.061539059968225604,0.5454545454545454,0.010325334563913244,0.4,0.055636238060001175,0.6425078114386632,0.01555495177285695,0.04,0.055055450285541215,0.889528122896138,0.008507252585837566,S_geminata,74,"La Mesa Ecopark, QC"
0.89,0.04438335138588507,0.8631287944492628,0.008347788378143973,0.63,0.03773948431933468,0.552109112907661,0.0111092778969367,0.32,0.03000054656672304,0.6171180931744312,0.017262549656915854,0.06,0.027438049956576623,0.8942319011183049,0.007533843437316068,P_longicornis,75,"La Mesa Ecopark, QC"
0.66,0.027451171082911282,0.849266732826111,0.010089315249751903,0.81,0.06915750041804312,0.5764025209215828,0.009608430622998244,0.41,0.05956477987925056,0.6336929235361964,0.01336589999321528,0.02,0.011520420893948141,0.8991596638655462,0.006411453470277,S_geminata,76,"La Mesa Ecopark, QC"
0.59,0.032821465914396095,0.86703146374829,0.007277701778385773,0.65,0.05877926684896406,0.5889048400328137,0.006562756357670222,0.49,0.06672812174608225,0.6434197239986537,0.012117132278694043,0.04,0.018667831949542423,0.9021557918942225,0.010750215579189423,S_geminata,77,"La Mesa Ecopark, QC"
0.81,0.03836196288279621,0.8637723736467003,0.008487024645013873,0.85,0.06316856354122755,0.5793930468626729,0.011991795087571661,0.25,0.030808046599253642,0.6214855224506924,0.017834662190516156,0.04,0.015523148148148147,0.8959398496240601,0.008601503759398495,S_geminata,78,"La Mesa Ecopark, QC"
0.63,0.0411848172809986,0.8644165660595244,0.007821111752663902,0.95,0.07706525426883709,0.5896190620731522,0.00961197956189609,0.39,0.08196139872873183,0.639454873405037,0.01309372703587414,0.03,0.01455577152145518,0.9000806730436787,0.009738388844070531,S_geminata,79,"La Mesa Ecopark, QC"
0.9,0.05652516131921074,0.8668556728093663,0.007507744001680055,0.46,0.03791447015283781,0.5408801455537867,0.007220832385717535,0.38,0.07709381241966878,0.6409509304019602,0.013840143036884975,0.06,0.01525014029180696,0.903573998560806,0.006056608299352363,P_longicornis,80,"La Mesa Ecopark, QC"
1.03,0.047767492748794854,0.8726216703384738,0.005507710795113158,0.58,0.04518812486008048,0.5631991353688193,0.007241286138881383,0.26,0.02375,0.6334812935954344,0.009793560205735222,0.07,0.0911001768322651,0.9016949152542373,0.006053268765133172,P_longicornis,81,"La Mesa Ecopark, QC"
0.75,0.037430546962157085,0.868143843080276,0.006175081729022884,0.73,0.042839660606965715,0.5308807264683625,0.01303917573781943,0.28,0.029023911416418417,0.6002734731084777,0.007900334244910361,0.09,0.056525366131245196,0.9009231492914682,0.009525489504321749,P_longicornis,82,"La Mesa Ecopark, QC"
1.25,0.06580732709911136,0.8788354898336415,0.004898336414048059,1.16,0.10132853495020697,0.611514838951662,0.006188757091284167,0.35,0.028694444444444446,0.6161978990172823,0.012199254490003388,0.03,0.00830527497194164,0.8982235161309489,0.009684510724258808,P_longicornis,83,"La Mesa Ecopark, QC"
0.81,0.03477420875129885,0.856345069673439,0.009573449633017764,0.8,0.06657838662342613,0.5730188878337027,0.0072807850585628366,0.49,0.05578006032626279,0.6256819421713039,0.013979814511729406,0.0,0.0005331088664421998,0.906094022054556,0.008473592571096924,P_longicornis,84,"La Mesa Ecopark, QC"
0.86,0.04078400799086718,0.8604508767047035,0.0057890342332312834,0.71,0.06455985186588635,0.5677398788651578,0.011794708320051004,0.18,0.031371300552298705,0.6205530850472485,0.011186770428015564,0.01,0.004775200458190149,0.8910524429578306,0.005913272010512484,P_longicornis,85,"La Mesa Ecopark, QC"
0.87,0.04256050896208942,0.8524258760107817,0.009827044025157232,1.17,0.0983477994429103,0.5908954176275945,0.008723553594705705,0.44,0.060255116490262384,0.6243156629723594,0.017959674188810254,0.03,0.0071517057899786384,0.9004724208375894,0.010789070480081715,S_geminata,86,"La Mesa Ecopark, QC"
1.12,0.06635515206228983,0.8677512463920231,0.005405405405405406,0.79,0.05002300943619314,0.5502357836338418,0.006047156726768377,0.29,0.04514875290216798,0.639273474982865,0.013159698423577794,0.05,0.02214328738003053,0.8936131607596468,0.007378734728438369,P_longicornis,87,"La Mesa Ecopark, QC"
0.95,0.04672326148309347,0.8804276564627566,0.005547430531040396,0.58,0.07106656458325315,0.5660535995796111,0.00977404098791382,0.54,0.07769242206482516,0.6388055722188896,0.010864493767913083,0.05,0.021915782127202375,0.9056198058929505,0.01069332248503516,P_longicornis,88,"La Mesa Ecopark, QC"
1.09,0.05625951091249194,0.8664594518225487,0.006612037298671942,0.68,0.06150792797775984,0.5500751544842175,0.009797917942437232,0.28,0.04224212905061777,0.6435203875656036,0.010361997039429418,0.02,0.012144640852974188,0.9004986938969366,0.010033246259795773,P_longicornis,89,"La Mesa Ecopark, QC"
0.99,0.059060372051775306,0.8764090380629833,0.0056108780265884855,0.65,0.045909548013714684,0.548226790151344,0.010616670431443416,0.41,0.05510652488695186,0.636619907376334,0.015974226458151553,0.02,0.009507484956241503,0.9061911339947256,0.008351123948260706,P_longicornis,90,"La Mesa Ecopark, QC"
0.69,0.039609717611803444,0.8712930658525948,0.007577409507195813,0.65,0.07165325670479304,0.5911591058182368,0.009335419084624312,0.49,0.0657248607978515,0.6293735306320011,0.01770156271608353,0.07,0.09954653026795875,0.8941020383548426,0.006151248341575202,P_longicornis,91,"La Mesa Ecopark, QC"
1.12,0.060290198467300646,0.8699382808971851,0.007727432384966632,0.75,0.06821891751322866,0.5563445676517179,0.006718741465013383,0.25,0.05223073475965343,0.6198347107438017,0.013796871798374428,0.04,0.0067083333333333335,0.8906576521204671,0.006146281499692686,P_longicornis,92,"La Mesa Ecopark, QC"
0.79,0.038251866206642816,0.8671396847749553,0.009370091534420191,0.94,0.07583219598548502,0.5582936868551879,0.007216549954562463,0.46,0.07104308636687444,0.636608623548922,0.017205638474295192,0.04,0.00985753535044451,0.8923879791254274,0.009177613820406695,S_geminata,93,"La Mesa Ecopark, QC"
0.91,0.045724340265325084,0.8760576380698426,0.007384236705809959,0.75,0.07234923413836403,0.5864665532002682,0.007272164629429058,0.49,0.05944879400930127,0.6251671569938486,0.01470981545867879,0.01,0.005690924494081711,0.8956723338485317,0.012364760432766615,P_longicornis,94,"La Mesa Ecopark, QC"
0.75,0.04440050260348378,0.874955121300713,0.0055906036826178385,0.92,0.08322033178352121,0.5761997576779223,0.010166991518727282,0.29,0.06537249110650364,0.6221230791020466,0.010834926704907584,0.05,0.013916666666666666,0.8852134237857958,0.0061835864801584916,S_geminata,95,"La Mesa Ecopark, QC"
0.72,0.04739198313204403,0.8716828138163437,0.006476411120471778,0.62,0.05810633163960405,0.5640132847653739,0.007445896721662739,0.33,0.03172364128429317,0.6226037787891325,0.018135429595917803,0.04,0.062471307735506604,0.8993401250289419,0.010592729798564482,P_longicornis,96,"La Mesa Ecopark, QC"
1.06,0.061781600425176504,0.8781062244652728,0.006584955539533766,0.59,0.044772266313932975,0.5667990127696104,0.012233072218049148,0.32,0.06031547725423312,0.6059617380987691,0.01364377873350141,0.02,0.029430666726922922,0.8966343201080949,0.006203169143839823,P_longicornis,97,"La Mesa Ecopark, QC"
0.82,0.043572681466303526,0.8615659109991604,0.008343828715365239,0.88,0.060850256697088184,0.5661126005361931,0.009222520107238607,0.37,0.06955276361219336,0.6446226227552846,0.01471075475448943,0.07,0.07698792949246457,0.8870526622054117,0.008670352051207449,S_geminata,98,"La Mesa Ecopark, QC"
0.7,0.03644448686377712,0.8625879273679045,0.0055619172255848195,0.87,0.09313995241324498,0.5995446618872312,0.007266033714396435,0.41,0.06930747522986568,0.6349614395886889,0.011297524015694765,0.06,0.014479392431157541,0.9010105521746413,0.007872257272067444,S_geminata,99,"La Mesa Ecopark, QC"
0.15,0.023343687623292888,1.0,0.013402205779701243,0.61,0.04586214325797659,0.9632990249187432,0.011443661971830986,0.07,0.009659124011652103,0.9944578798871423,0.015517936316001612,0.0,0.0,1.0,0.014343508642883413,S_geminata,0,Visayas Av. QC
0.11,0.010611111111111111,1.0,0.012979603480245329,0.34,0.036771770343630245,0.9604158336665334,0.011128881780621085,0.03,0.01023611111111111,0.9930454940596929,0.023664638269100743,0.0,0.0,1.0,0.014727432590855804,S_geminata,1,Visayas Av. QC
0.1,0.009152777777777777,1.0,0.008107012565869477,0.38,0.033580347122013784,0.9495182237117721,0.012917190336545176,0.04,0.008725836235095494,0.9947911449464089,0.024241210057097066,0.0,2.777777777777778e-05,1.0,0.0173746778618339,S_geminata,2,Visayas Av. QC
0.17,0.026986464264465455,1.0,0.009134315964293128,0.36,0.03267778437488919,0.953057650862069,0.011584051724137932,0.03,0.012013073998629345,0.9945311723177886,0.020383812270060656,0.0,0.0,1.0,0.010122611919019104,S_geminata,3,Visayas Av. QC
0.13,0.015074514991181657,1.0,0.014614541468761417,0.36,0.03237169312169312,0.9534038334434898,0.014408460013218771,0.03,0.01968113773027668,0.99569254331387,0.017899875562362402,0.0,0.00041666666666666675,1.0,0.013134789632647328,S_geminata,4,Visayas Av. QC
0.13,0.009766975308641975,1.0,0.00927857296986262,0.51,0.0849190414343726,0.9569265062610633,0.008719596145020651,0.03,0.005166666666666667,0.9979307750188111,0.02624153498871332,0.0,0.0,1.0,0.009880239520958085,S_geminata,5,Visayas Av. QC
0.17,0.0182748778998779,1.0,0.015724703737465817,0.29,0.034814342060552526,0.9515304471623633,0.015336827800427102,0.07,0.009180555555555556,0.9949484319090718,0.01178699221216586,0.0,0.0,1.0,0.010210976800060065,S_geminata,6,Visayas Av. QC
0.12,0.012441358024691356,1.0,0.011362781247648432,0.32,0.04214181495221732,0.9547987616099072,0.013209494324045407,0.06,0.01026388888888889,0.9934497816593887,0.015680825724493846,0.0,0.0,1.0,0.011837197989297875,S_geminata,7,Visayas Av. QC
0.08,0.006222222222222223,1.0,0.00825268212168955,0.57,0.058351757372114836,0.9522027994581694,0.012642714313358705,0.08,0.016295886330299054,0.996757852077001,0.015501519756838906,0.0,0.00011111111111111112,1.0,0.011784511784511785,S_geminata,8,Visayas Av. QC
0.23,0.022130589115238238,1.0,0.014589934418981652,0.53,0.05810047920954783,0.954227590591227,0.012015257469802924,0.04,0.018630732648248598,0.99372179713557,0.020894643908181285,0.0,0.0,1.0,0.015816471929324595,S_geminata,9,Visayas Av. QC
0.08,0.009592592592592592,1.0,0.012783305693753456,0.46,0.04523350228010107,0.9549023555466076,0.008455808335011073,0.02,0.0022916666666666667,0.9966298445983898,0.018255008425388505,0.0,0.0,1.0,0.009667330110889964,S_geminata,10,Visayas Av. QC
0.17,0.01713095238095238,1.0,0.012854578096947936,0.4,0.038625721835866766,0.9548360767242552,0.01401169908855938,0.04,0.0073194444444444435,0.9961727183513248,0.02551521099116781,0.01,0.0028472222222222228,1.0,0.013412139122527847,S_geminata,11,Visayas Av. QC
0.12,0.02355872368372368,1.0,0.01188750362423891,0.44,0.05515348136399927,0.9494240699059976,0.014034158612471866,0.0,0.00036111111111111115,0.9958250497017893,0.024552683896620277,0.0,0.0,1.0,0.007290400972053463,S_geminata,12,Visayas Av. QC
0.07,0.008347222222222221,1.0,0.011159669111908849,0.34,0.05174475630258156,0.9571828731492596,0.014072295584900626,0.06,0.012555104822663175,0.9962420504914241,0.025534785122374254,0.0,0.0,1.0,0.007621951219512195,S_geminata,13,Visayas Av. QC
0.08,0.01705706125230119,1.0,0.014127672297802362,0.41,0.032453978423728165,0.9538935143077031,0.013992863639543832,0.01,0.021502689253944732,0.9916400526019162,0.026113094119857225,0.0,0.0,1.0,0.014504611722701576,S_geminata,14,Visayas Av. QC
0.1,0.00798611111111111,1.0,0.010644722935225729,0.31,0.021333333333333336,0.9416255986673145,0.012840980079128202,0.04,0.013794376112208205,0.9954096397565113,0.021454944616305757,0.0,0.0,1.0,0.008329896907216494,S_geminata,15,Visayas Av. QC
0.13,0.01832177652188617,1.0,0.01031578947368421,0.51,0.04625681474027062,0.9494970516822754,0.008047173083593479,0.02,0.005111111111111111,0.994430693069307,0.022896039603960396,0.0,0.0,1.0,0.013560606060606061,S_geminata,16,Visayas Av. QC
0.19,0.02033540851928533,1.0,0.00955129526558098,0.25,0.01538888888888889,0.9553614416397276,0.015613178347891877,0.01,0.004472222222222222,0.9934763269743995,0.023030542650983494,0.0,0.0,1.0,0.009498948589659923,S_geminata,17,Visayas Av. QC
0.12,0.013274581128747793,1.0,0.013749641936407906,0.35,0.029697012761372033,0.9581470946769606,0.009007178653663822,0.1,0.03542538358705234,0.9962423673085956,0.02282761860028182,0.0,0.0,1.0,0.014064272211720227,S_geminata,18,Visayas Av. QC
0.12,0.0125,1.0,0.008652929529955269,0.27,0.03567792875800775,0.9490737710283432,0.010931465601885187,0.02,0.007448512584988397,0.996281819048527,0.012870626370483364,0.0,0.0,1.0,0.00979858464888405,S_geminata,19,Visayas Av. QC
0.05,0.006645061728395062,1.0,0.013640300230946882,0.41,0.03333096096608738,0.9474741875129928,0.011087242741320768,0.03,0.019212782688911027,0.9947472745292368,0.01635282457879088,0.0,0.0,1.0,0.008374265238747082,S_geminata,20,Visayas Av. QC
0.11,0.0297102821528678,1.0,0.012575888985255855,0.25,0.018708333333333337,0.9513966898824234,0.007638732869018198,0.04,0.008222222222222223,0.9963534069597832,0.012815169827047302,0.0,0.0,1.0,0.010331661301190388,S_geminata,21,Visayas Av. QC
0.1,0.011531746031746032,1.0,0.013056337012190724,0.28,0.025546092389197392,0.9613151498784769,0.011274642182014584,0.04,0.009169426989507061,0.9953247786730329,0.028051327961802448,0.0,0.0,1.0,0.008377389182594551,S_geminata,22,Visayas Av. QC
0.14,0.017744181905269368,1.0,0.017303481884313864,0.36,0.019583333333333335,0.9511186440677966,0.016745762711864405,0.1,0.03699080355363184,0.9961035346507097,0.016235272288709527,0.0,0.0,1.0,0.008068343616516375,S_geminata,23,Visayas Av. QC
0.17,0.011801807760141093,1.0,0.00879075240534367,0.42,0.04269376584994294,0.9474452554744526,0.014668057003823428,0.01,0.021492625159291828,0.9955010684962321,0.014509054099651333,0.0,0.0,1.0,0.012117714945181766,S_geminata,24,Visayas Av. QC
0.1,0.019119736630600587,1.0,0.012302530406822313,0.36,0.04163416917044874,0.9482866476680336,0.007159240981441579,0.05,0.020466295086332083,0.9954612728169709,0.018450912678835717,0.0,0.0,1.0,0.01197827542593557,S_geminata,25,Visayas Av. QC
0.11,0.01676188354129531,1.0,0.011770475723393821,0.38,0.03426711310361673,0.9546020307893874,0.010678021618080576,0.0,0.0086085448447479,0.9943363966659543,0.01731139132293225,0.0,0.0,1.0,0.010520032828471238,S_geminata,26,Visayas Av. QC
0.08,0.012998352887413776,1.0,0.011070682046914918,0.55,0.051406002042777406,0.9498377501352082,0.014196863169280692,0.04,0.0052361111111111115,0.9930158114269085,0.016684450480162965,0.0,0.0,1.0,0.011390416339355853,S_geminata,27,Visayas Av. QC
0.09,0.025462852688342884,1.0,0.008734260135381032,0.59,0.06343451719221023,0.9472445577564228,0.014708766424789174,0.0,0.00755097900505892,0.9922191780821917,0.023561643835616437,0.0,0.00020833333333333332,1.0,0.009959705010263819,S_geminata,28,Visayas Av. QC
0.1,0.013216269841269841,1.0,0.010968049594659036,0.38,0.039805938648933815,0.9476525976163824,0.01270823730822414,0.07,0.014759704551116106,0.9977692797960485,0.014765243254727002,0.0,5.555555555555556e-05,1.0,0.010384376937383756,S_geminata,29,Visayas Av. QC
0.14,0.01442297109208874,1.0,0.008136321768498619,0.28,0.024938650752698743,0.9535543104030244,0.01289407952474178,0.02,0.027478278227882378,0.9930871025083943,0.02063993679636579,0.0,0.0,1.0,0.011025005991851083,S_geminata,30,Visayas Av. QC
0.08,0.011364858906525574,1.0,0.013143631436314362,0.38,0.049251213756169004,0.9559192292464036,0.011812062821697241,0.04,0.007250000000000001,0.9921370099095218,0.024127531236535976,0.0,0.0,1.0,0.011641791044776119,S_geminata,31,Visayas Av. QC
0.11,0.012561287477954142,1.0,0.009542800170915824,0.36,0.026149397806260556,0.9416718869631795,0.011763068142270482,0.03,0.020012576500381372,0.992690469496767,0.023990253959329022,0.0,0.0,1.0,0.00843978102189781,S_geminata,32,Visayas Av. QC
0.22,0.01995539998500525,1.0,0.015255292652552927,0.44,0.04750249372197186,0.9511035874731428,0.007227033009961586,0.07,0.009152777777777777,0.9923506305561298,0.022741368616911308,0.0,0.0,1.0,0.011325194881600236,S_geminata,33,Visayas Av. QC
0.09,0.005240740740740741,1.0,0.013874837404249168,0.27,0.037795600757577937,0.9563473801853921,0.010650187364407336,0.0,0.000125,0.9938014429427904,0.015445584798292857,0.0,0.0,1.0,0.014105477627145207,S_geminata,34,Visayas Av. QC
0.07,0.00821141975308642,1.0,0.014460009037505649,0.56,0.07776263303431376,0.9493466166386337,0.010027170397205331,0.09,0.018540910378868996,0.9953221957040573,0.013842482100238664,0.0,0.0,1.0,0.007828967178560674,S_geminata,35,Visayas Av. QC
0.14,0.0164879403004403,1.0,0.0155153594261656,0.27,0.026474644024276378,0.9512141922349862,0.009960738694198052,0.02,0.016976523873347398,0.9953115842938074,0.019730416096893924,0.0,0.0,1.0,0.011762010234476438,S_geminata,36,Visayas Av. QC
0.16,0.024551054671978583,1.0,0.00970662803332126,0.36,0.040953216890164436,0.9536178107606679,0.014444738934534853,0.04,0.03625654863980896,0.9947221955666443,0.014202091929757221,0.0,0.0,1.0,0.009010339734121122,S_geminata,37,Visayas Av. QC
0.15,0.01812622573958358,1.0,0.011474426278686065,0.26,0.034491135328425564,0.9452172665997418,0.007529040585114011,0.05,0.015369558235836243,0.9955314698611903,0.016638144133865752,0.0,0.0,1.0,0.008686983765309029,S_geminata,38,Visayas Av. QC
0.16,0.019087080459339233,1.0,0.011096884336320957,0.41,0.03853902866951113,0.9549604796947397,0.012946306895611883,0.03,0.00586432350718065,0.9967184634687771,0.018434514043046038,0.0,0.0,1.0,0.007940251572327044,S_geminata,39,Visayas Av. QC
0.25,0.032688117353901765,1.0,0.009414225941422594,0.3,0.033501944649777474,0.9464541181279379,0.014783023366714354,0.02,0.01133339869771751,0.993791980460004,0.02615509871768777,0.0,0.0,1.0,0.00786598689002185,S_geminata,40,Visayas Av. QC
0.15,0.01680974546251249,1.0,0.011357060185185185,0.3,0.030263267596600925,0.9561808118081181,0.008829731154454401,0.0,0.010813093077337159,0.9954123657595663,0.021478469398394328,0.0,0.0,1.0,0.01574111066719936,S_geminata,41,Visayas Av. QC
0.2,0.012930555555555555,1.0,0.01008951600667577,0.53,0.05396322504828652,0.9536582127207542,0.007236754747045545,0.07,0.014313189805196134,0.9954703161141095,0.02235929067077872,0.0,0.0,1.0,0.008556515786771626,S_geminata,42,Visayas Av. QC
0.19,0.021954703272685727,1.0,0.01251161793093587,0.53,0.05167103761942308,0.9564306944069171,0.007227776276681978,0.02,0.006888888888888889,0.9969171043617264,0.011760675953414021,0.01,0.005222222222222222,1.0,0.01217688528092288,S_geminata,43,Visayas Av. QC
0.09,0.009512345679012347,1.0,0.015688687226024765,0.51,0.05264403490507733,0.952124868835257,0.007148478488982162,0.01,0.004361111111111112,0.9919236417033774,0.012848751835535976,0.0,0.0,1.0,0.013177710843373495,S_geminata,44,Visayas Av. QC
0.1,0.020450810030400994,1.0,0.008927928576571388,0.42,0.04380778775969171,0.9409632997298544,0.010081043684522633,0.03,0.007763888888888889,0.9904339945624812,0.02164938072701641,0.0,0.0,1.0,0.012379540400296516,S_geminata,45,Visayas Av. QC
0.12,0.013003708560487737,1.0,0.012142751369761588,0.46,0.04027827705156137,0.9461188512937162,0.007676997441000853,0.02,0.02429582038259864,0.9925365398569503,0.014408624442831969,0.0,0.0,1.0,0.013427299703264095,S_geminata,46,Visayas Av. QC
0.12,0.01138778659611993,1.0,0.012723743799870606,0.37,0.04123681257014589,0.950363362128068,0.013368983957219251,0.04,0.013248431049770337,0.993824388052998,0.011677520772512913,0.0,0.0,1.0,0.009916529927944638,S_geminata,47,Visayas Av. QC
0.09,0.008708333333333334,1.0,0.010667255204884867,0.43,0.028799066394328495,0.9460654288240495,0.009062776304155614,0.02,0.005513888888888889,0.9952215871826103,0.02117492738686405,0.0,0.0,1.0,0.009431843700875815,S_geminata,48,Visayas Av. QC
0.12,0.012455156136528684,1.0,0.011764705882352941,0.39,0.03877994852152994,0.9531354014112635,0.012648116096391958,0.04,0.00652496146277484,0.9936281859070465,0.024456521739130436,0.0,0.0,1.0,0.007810153199158907,S_geminata,49,Visayas Av. QC
0.05,0.007339506172839507,1.0,0.013267466478475654,0.33,0.03604291545609915,0.9528995189738108,0.013228220203099947,0.06,0.028175879295078855,0.9956846950517837,0.022151898734177215,0.0,0.0,1.0,0.012239347234814143,S_geminata,50,Visayas Av. QC
0.18,0.02450689431755608,1.0,0.00794010889292196,0.37,0.04941810802305285,0.9505793483131681,0.008962294347352922,0.01,0.004172575257906308,0.9943022790883647,0.023390643742503,0.0,0.0,1.0,0.0133884171065718,S_geminata,51,Visayas Av. QC
0.17,0.01177579365079365,1.0,0.0072504975831674725,0.31,0.027388696099222416,0.9566972988025619,0.01364522417153996,0.0,0.000986111111111111,0.9948474038842647,0.014367816091954023,0.0,0.0,1.0,0.0092041914471821,S_geminata,52,Visayas Av. QC
0.08,0.016738706486868253,1.0,0.012608040599476648,0.36,0.034222249926906784,0.9546474134305342,0.01149586429272396,0.03,0.0067532321423113325,0.9912981888090661,0.020540321764646364,0.0,0.0,1.0,0.009438168846611177,S_geminata,53,Visayas Av. QC
0.13,0.007425925925925927,1.0,0.008190618019359643,0.34,0.03829581214482726,0.9577387860995425,0.008602444186522838,0.05,0.0069027777777777785,0.9941808856889239,0.021797021402505178,0.0,0.0,1.0,0.012245759729748751,S_geminata,54,Visayas Av. QC
0.11,0.01459569666038964,1.0,0.00761777975001849,0.32,0.023740196078431374,0.9616521201292008,0.008178132087141778,0.04,0.007418605390287311,0.9951758147512865,0.014901372212692967,0.0,0.0,1.0,0.00847392342654649,S_geminata,55,Visayas Av. QC
0.11,0.010520197395197396,1.0,0.008433836552247618,0.27,0.038828316264902525,0.9505903228007917,0.01105575650037535,0.02,0.005555555555555556,0.9952972159518435,0.025018811136192625,0.0,0.0,1.0,0.013127051101734646,S_geminata,56,Visayas Av. QC
0.18,0.015259479717813051,1.0,0.01348314606741573,0.56,0.056678390330119816,0.9623010861328618,0.01105077039656479,0.04,0.005680555555555555,0.9918002236302647,0.020965337308982483,0.0,0.0,1.0,0.01388189599367043,S_geminata,57,Visayas Av. QC
0.15,0.017828814885187436,1.0,0.011672867877726709,0.27,0.026655925808401655,0.956270182992465,0.015339074273412271,0.03,0.005154087475633529,0.9940786115364982,0.015926493108728942,0.0,0.0,1.0,0.012512175020603882,S_geminata,58,Visayas Av. QC
0.14,0.01593899133727565,1.0,0.007432181345224823,0.49,0.03870711601871023,0.9553379828326181,0.01528969957081545,0.02,0.033831333914415576,0.9962027719764572,0.020410100626542624,0.0,9.722222222222223e-05,1.0,0.00980254866265229,S_geminata,59,Visayas Av. QC
0.19,0.022765816458605412,1.0,0.0117598796663476,0.52,0.05735394522868813,0.9644010895040223,0.013112054221828087,0.02,0.0154950155269304,0.996312469674915,0.028141678796700632,0.01,0.0013888888888888887,1.0,0.010136157337367625,S_geminata,60,Visayas Av. QC
0.12,0.017186618165784835,1.0,0.012627148368993335,0.4,0.05004054321678742,0.951939513477975,0.007166337935568705,0.0,0.0014027777777777777,0.9935622317596566,0.02058134998049161,0.0,0.0,1.0,0.011291300394058805,S_geminata,61,Visayas Av. QC
0.15,0.015801807760141093,1.0,0.014292061611374408,0.26,0.034175778126865085,0.9577561377040187,0.00898367850774928,0.03,0.003910714285714286,0.9934315286624203,0.018809713375796178,0.0,0.0,1.0,0.013954588457899717,S_geminata,62,Visayas Av. QC
0.1,0.013223745126705655,1.0,0.00782356009239252,0.25,0.0215862501695835,0.9506514015001974,0.013093828135280958,0.01,0.017324686275564907,0.9930289641629848,0.015807560137457044,0.0,0.0,1.0,0.010436737315350032,S_geminata,63,Visayas Av. QC
0.18,0.017791790837986488,1.0,0.012524946665749088,0.28,0.022552187554638534,0.9519008039242404,0.010968796838806376,0.06,0.024162263720854855,0.9968571428571429,0.01904761904761905,0.0,0.0,1.0,0.013422818791946308,S_geminata,64,Visayas Av. QC
0.17,0.01161111111111111,1.0,0.009319804584742578,0.39,0.0357822435371455,0.9489626556016597,0.013900414937759335,0.03,0.004888888888888888,0.997076878105817,0.017733606158043456,0.0,0.0,1.0,0.011185130356114813,S_geminata,65,Visayas Av. QC
0.1,0.011842592592592594,1.0,0.011920242739488513,0.31,0.025136054421768708,0.9433975938541818,0.007682272793158429,0.05,0.012659006128982726,0.9961992008576163,0.020758210700711432,0.0,0.0,1.0,0.011496715224221651,S_geminata,66,Visayas Av. QC
0.18,0.018098928758242483,1.0,0.007982193568194029,0.32,0.04424998552177637,0.9515877147319105,0.011257157730348777,0.06,0.02135390299315592,0.9960313422204131,0.01923272616261321,0.0,0.0,1.0,0.01285679631276785,S_geminata,67,Visayas Av. QC
0.21,0.020771860764507825,1.0,0.008240659252740219,0.39,0.0538819281014091,0.9516197783461211,0.007530548451264564,0.1,0.0440683822434105,0.9936063750926613,0.01936619718309859,0.0,0.0,1.0,0.007931570762052876,S_geminata,68,Visayas Av. QC
0.18,0.02249761678203707,1.0,0.007848266841072597,0.19,0.02026569264069264,0.9483475442181665,0.007962793319709675,0.01,0.0012777777777777779,0.9951484572093926,0.022123035125169804,0.0,0.0,1.0,0.007627934533066726,S_geminata,69,Visayas Av. QC
0.19,0.030664545977845212,1.0,0.007875754453113499,0.23,0.016837962962962964,0.9538778311599176,0.007687028140013727,0.04,0.01727533510877348,0.9939606467952464,0.025618546658873954,0.0,0.0,1.0,0.012950251220720401,S_geminata,70,Visayas Av. QC
0.11,0.01817901234567901,1.0,0.01060070671378092,0.37,0.038594754861008725,0.9502703424337494,0.012215472932381016,0.04,0.009647312524573286,0.9957738542449286,0.018501126972201354,0.0,0.0,1.0,0.014365400779399405,S_geminata,71,Visayas Av. QC
0.08,0.011997831576635925,1.0,0.01033918476643856,0.35,0.04029539415668802,0.9560319519355499,0.012767119546664846,0.04,0.00802777777777778,0.9968850586647284,0.01858581663378673,0.0,0.0,1.0,0.007871585121160672,S_geminata,72,Visayas Av. QC
0.08,0.008688271604938272,1.0,0.015085714285714286,0.33,0.030966025983662385,0.9531122031122031,0.010510510510510511,0.03,0.005944444444444445,0.9952830188679245,0.01138228055783429,0.0,0.0,1.0,0.013517550410754295,S_geminata,73,Visayas Av. QC
0.16,0.01180392156862745,1.0,0.014316129505909991,0.36,0.03710418761407567,0.9446995134653601,0.0072637565956280405,0.01,0.011480382051810624,0.9948606669712198,0.011991777067153951,0.0,0.0,1.0,0.011347726770319063,S_geminata,74,Visayas Av. QC
0.11,0.00946353954687288,1.0,0.011659600242277407,0.43,0.0636481311817478,0.9499324280841753,0.01229165325954051,0.07,0.022235951310693145,0.9958214624881292,0.018233618233618232,0.0,0.0,1.0,0.011999040076793857,S_geminata,75,Visayas Av. QC
0.16,0.011166666666666665,1.0,0.007877629063097514,0.37,0.0443571619883092,0.958674386105011,0.007320157050642178,0.02,0.011027777777777777,0.995922725948937,0.022230851373653042,0.0,0.0,1.0,0.011073189230185817,S_geminata,76,Visayas Av. QC
0.1,0.008915479582146248,1.0,0.008055736991073372,0.37,0.04257918252771194,0.9576761828708324,0.010980235575963266,0.06,0.031707718015946004,0.9963586261194765,0.016336974707213858,0.0,0.0,1.0,0.008625150940141452,S_geminata,77,Visayas Av. QC
0.15,0.008930555555555554,1.0,0.013764474546646276,0.36,0.04499774831691274,0.9539315324953196,0.007555496121957743,0.02,0.005152777777777778,0.9963466149103779,0.011530996689119763,0.0,0.0001388888888888889,1.0,0.013478721793124338,S_geminata,78,Visayas Av. QC
0.18,0.017762345679012345,1.0,0.010435571687840291,0.29,0.032703579894281964,0.9489559164733179,0.01337518766207179,0.02,0.004,0.9926363940644873,0.01160325783777753,0.01,0.0025694444444444445,1.0,0.014214641080312722,S_geminata,79,Visayas Av. QC
0.15,0.0186047142762829,1.0,0.008944804014253509,0.53,0.040270964736959965,0.9583584791792396,0.008717226580835513,0.09,0.03305584417798954,0.9936733128834356,0.02147239263803681,0.0,0.0,1.0,0.007854761022600963,S_geminata,80,Visayas Av. QC
0.09,0.008833333333333334,1.0,0.011211795423130088,0.24,0.023031907136073802,0.959098272138229,0.00755939524838013,0.06,0.012736111111111111,0.9976034657572126,0.01981749469997235,0.0,0.0,1.0,0.01134297971351705,S_geminata,81,Visayas Av. QC
0.07,0.00939351851851852,1.0,0.012738853503184714,0.22,0.02157550705467372,0.9549732547904395,0.009817861737422981,0.06,0.009166666666666667,0.9970694539415844,0.02451890202207678,0.0,0.0,1.0,0.012079378774805867,S_geminata,82,Visayas Av. QC
0.05,0.014457231040564372,1.0,0.013225621961681441,0.41,0.04645332991027791,0.9586188719030048,0.011992619926199263,0.06,0.020474852434004362,0.9928492295296606,0.014200825863631786,0.0,0.00044444444444444447,1.0,0.01069802731411229,S_geminata,83,Visayas Av. QC
0.16,0.031044521024784184,1.0,0.012010518086845284,0.27,0.0338900195684616,0.9542608581032096,0.011467738746457522,0.05,0.009128327608564557,0.9939228198116075,0.018332826901650966,0.0,0.0,1.0,0.009992429977289932,S_geminata,84,Visayas Av. QC
0.21,0.033093450714317366,1.0,0.007905405405405406,0.4,0.057516361397435566,0.9449474588592955,0.013283986517745027,0.03,0.006208333333333334,0.9942138644709024,0.011572271058195171,0.0,0.0,1.0,0.010931351114997814,S_geminata,85,Visayas Av. QC
0.12,0.026450650795467844,1.0,0.009838169245027447,0.36,0.024569444444444442,0.9506827991226208,0.01379749522394396,0.02,0.0049759743975489774,0.993006993006993,0.015660395942086083,0.0,0.0,1.0,0.011448445764799652,S_geminata,86,Visayas Av. QC
0.1,0.014459122342894275,1.0,0.011947863866763215,0.4,0.05560070979348694,0.9532943572226237,0.011561453064441963,0.05,0.008808340908482854,0.9963650277405778,0.026210063133728718,0.0,0.0,1.0,0.009978150036416606,S_geminata,87,Visayas Av. QC
0.08,0.00955412257495591,1.0,0.008695652173913044,0.48,0.047452870503631596,0.952507495230308,0.01076587626056146,0.02,0.0045000000000000005,0.9925889809848855,0.011799122379327157,0.0,0.0,1.0,0.007785070981529537,S_geminata,88,Visayas Av. QC
0.08,0.009601851851851853,1.0,0.011365230812403536,0.25,0.03212062572910274,0.9502301117685733,0.01012491781722551,0.04,0.020682426685049875,0.9969257373426842,0.01565952541070228,0.0,0.0,1.0,0.015000405416362604,S_geminata,89,Visayas Av. QC
0.12,0.014796296296296295,1.0,0.007858837485172005,0.38,0.033838474706121766,0.9461721674038789,0.010888057162300102,0.02,0.004125,0.9944167497507478,0.022731804586241276,0.0,0.0,1.0,0.013513513513513514,S_geminata,90,Visayas Av. QC
0.09,0.011952795933188091,1.0,0.007994569726223697,0.54,0.05853319695563914,0.9421460467559758,0.01622012083004991,0.07,0.007958333333333335,0.993286631640397,0.02296166569371473,0.0,0.0,1.0,0.007782395164336985,S_geminata,91,Visayas Av. QC
0.07,0.007726851851851851,1.0,0.007415485278080698,0.37,0.050366869519017955,0.9562458691341705,0.007997356245869135,0.04,0.006027777777777778,0.9949942642611326,0.023151527792261966,0.0,0.0,1.0,0.01079475476345722,S_geminata,92,Visayas Av. QC
0.15,0.019945310068471833,1.0,0.010424003380757853,0.33,0.038880211168639774,0.9470571669952126,0.00725147845677274,0.08,0.031820214283661226,0.994252313687287,0.01636629322942036,0.0,0.0,1.0,0.012899262899262898,S_geminata,93,Visayas Av. QC
0.19,0.014808641975308642,1.0,0.010113239797735204,0.39,0.050040954600975435,0.9576126834381551,0.012316561844863731,0.04,0.011838566503137145,0.994948974332543,0.010617462117307495,0.0,0.0,1.0,0.00778585199466113,S_geminata,94,Visayas Av. QC
0.05,0.014675013414476726,1.0,0.0104009647271631,0.31,0.045260101815854575,0.9534790722474007,0.014262863236470275,0.02,0.015271243654269807,0.996624975183641,0.020051618026603137,0.0,0.0,1.0,0.007946719140240673,S_geminata,95,Visayas Av. QC
0.15,0.02047458925090504,1.0,0.009925373134328359,0.4,0.04364157503230729,0.950316542802092,0.009289843104872006,0.03,0.006569444444444444,0.9946411684354314,0.01334454134706315,0.0,0.0,1.0,0.00981126423007789,S_geminata,96,Visayas Av. QC
0.14,0.011918209876543212,1.0,0.0139016951556848,0.41,0.03389990680615681,0.9506827991226208,0.011391778107974244,0.03,0.028541764865865363,0.9946343402225755,0.024145468998410174,0.0,0.0004861111111111111,1.0,0.008544278527509382,S_geminata,97,Visayas Av. QC
0.11,0.011966104900981454,1.0,0.011948271014900197,0.31,0.04563677545933458,0.9486047932649875,0.016633851585307897,0.04,0.018042911198631953,0.9955784061696659,0.011208226221079691,0.0,0.0,1.0,0.014308086560364464,S_geminata,98,Visayas Av. QC
0.09,0.014395263414871259,1.0,0.008590817210511118,0.51,0.04816238952987876,0.9579970895621114,0.010120386294483398,0.0,0.002375,0.9969929188088078,0.02056455524299156,0.0,0.0,1.0,0.010582010582010581,S_geminata,99,Visayas Av. QC
1.65,0.08538515486500006,0.5772104341886181,0.005592793408188533,0.96,0.09703524127532273,0.44003496503496503,0.00659965034965035,0.39,0.06618768693884931,0.3821129245699162,0.010972651080723423,0.1,0.05795327532115284,0.526498696785404,0.006027367506516073,P_longicornis,0,"Bgy. Malanday, Marikina"
1.16,0.0653340036729752,0.5701134380453752,0.00462478184991274,0.54,0.05073442399258387,0.37672139181573144,0.004263660867434452,0.21,0.039176336056610375,0.3624061012672745,0.01083777739549286,0.09,0.06676811338633684,0.5453735255570118,0.007444298820445609,P_longicornis,1,"Bgy. Malanday, Marikina"
1.42,0.07985624488728953,0.5958449088054113,0.0049120264122075935,0.94,0.07911607232111617,0.41878114570475017,0.006263429799295936,0.44,0.07311721308080746,0.3910532338037378,0.011878167057156868,0.11,0.034049829981742864,0.5279275506464953,0.007223996230958488,P_longicornis,2,"Bgy. Malanday, Marikina"
1.33,0.08891507117232259,0.6064072342234417,0.004328167871082428,0.73,0.08246943647245579,0.41732923744127215,0.009351282977954463,0.23,0.04474439163415344,0.3869928466116966,0.01124883962212636,0.09,0.061225841924780214,0.5476117886178862,0.005538617886178862,P_longicornis,3,"Bgy. Malanday, Marikina"
1.24,0.07933836505985248,0.5638126731611404,0.007239252837608365,0.59,0.05548709601276114,0.3656123519712187,0.007794933293359316,0.41,0.07480266747441214,0.36761475640664604,0.008166713601802308,0.11,0.051711053738136815,0.5473993916122276,0.004887049319303845,P_longicornis,4,"Bgy. Malanday, Marikina"
1.64,0.07521832257248923,0.573364786618057,0.004374865966116234,0.49,0.0535139611396525,0.41332906119833385,0.005813155124273356,0.34,0.07257417535678137,0.3809471667122913,0.011278401313988502,0.07,0.019758400537634408,0.5439073514602215,0.009013091641490433,P_longicornis,5,"Bgy. Malanday, Marikina"
0.92,0.0420719470035023,0.54441234038587,0.00619815453443937,0.58,0.06180421484347673,0.401857382863543,0.009660257606869517,0.23,0.059732962133032856,0.37082424038945777,0.010855576072967377,0.09,0.044226045336916604,0.5389417989417989,0.009047619047619047,P_longicornis,6,"Bgy. Malanday, Marikina"
1.29,0.06956199950760399,0.5693246649860687,0.004820662509398081,0.66,0.06744758077564934,0.3913314474756676,0.0076712854197631495,0.31,0.05056345496873346,0.3720360681286875,0.01129912056105978,0.05,0.056206790257459165,0.5279132480348844,0.004991680532445923,P_longicornis,7,"Bgy. Malanday, Marikina"
0.86,0.04883597222130815,0.559770681237963,0.004792403816007524,0.97,0.10827915194346505,0.43432360511276885,0.007503380883828469,0.38,0.0633959541116513,0.3806494076349276,0.0112988152698552,0.03,0.007600066525469752,0.553165522501907,0.008339689804220696,S_geminata,8,"Bgy. Malanday, Marikina"
1.46,0.08665241849095054,0.5856580176229341,0.005156941568197507,0.67,0.07181633792442053,0.3856359965387943,0.004326507066628208,0.39,0.06127291766468182,0.3662278255048533,0.0070288965748075425,0.1,0.06759816090051717,0.5477749790092359,0.005485586342009516,P_longicornis,9,"Bgy. Malanday, Marikina"
1.13,0.05494353876789028,0.5428650955650399,0.006448320653182409,0.74,0.08118423081197375,0.4214586884363506,0.008657037768009329,0.42,0.043050708610562746,0.36237984187475114,0.007735623684659576,0.19,0.09763206341040787,0.5461106655974338,0.005513231756214916,P_longicornis,10,"Bgy. Malanday, Marikina"
1.3,0.08715397925559279,0.5974765652810189,0.004429854052129889,0.54,0.058545844360735406,0.4074585635359116,0.00856353591160221,0.37,0.054165272616970954,0.3864293902505595,0.011245155303237076,0.19,0.09295865329515786,0.5631427198462278,0.006535319557904854,P_longicornis,11,"Bgy. Malanday, Marikina"
1.09,0.05200650775220778,0.5362395209580838,0.006706586826347305,0.53,0.04551346801346802,0.40895907186593616,0.009483909580590212,0.38,0.06751916085194881,0.3716061131948721,0.01237194200302301,0.08,0.04966535327932643,0.5197933659597608,0.007558455682436106,P_longicornis,12,"Bgy. Malanday, Marikina"
1.15,0.05583804111307793,0.5638677981241625,0.00482358195623046,0.69,0.0626149063736783,0.40014875418371143,0.008925251022685012,0.44,0.06282383033152884,0.34720431367952176,0.009084515297151565,0.13,0.05923790254043213,0.5480125735145001,0.00547556276617319,P_longicornis,13,"Bgy. Malanday, Marikina"
1.43,0.0682056625254279,0.56829981239911,0.006020679726015444,0.43,0.05435455019717244,0.38025015817394264,0.004720883827322724,0.25,0.05979641818708661,0.3935476921419723,0.008617439543275705,0.11,0.02601935748895956,0.5518218422229955,0.008152308992394492,P_longicornis,14,"Bgy. Malanday, Marikina"
1.13,0.06085778041409625,0.5594275329395729,0.007496592457973648,0.63,0.059546975019016055,0.38874533448176857,0.005981433630012441,0.21,0.02923819197824699,0.3245379301761155,0.010392681560769184,0.06,0.07389682585548364,0.5531989220481086,0.005888811258608644,P_longicornis,15,"Bgy. Malanday, Marikina"
1.36,0.083865984522166,0.5965922630868218,0.004527762332194773,0.47,0.0729119802013913,0.42709074733096086,0.006094306049822064,0.3,0.0632415060105937,0.38499565406345065,0.011245110821382008,0.08,0.07448456068590875,0.5308219178082192,0.005687377690802348,P_longicornis,16,"Bgy. Malanday, Marikina"
1.38,0.08742059579073619,0.6098041488005562,0.004249237068799011,0.65,0.07003781665177622,0.42657623488465485,0.007808665387532908,0.34,0.056075958286648034,0.3698224852071006,0.008708272859216255,0.12,0.058175288000334044,0.5556681187316381,0.0078512815317597,P_longicornis,17,"Bgy. Malanday, Marikina"
1.16,0.06427912511683138,0.5662983425414365,0.007424033149171271,0.71,0.06628148093805897,0.3977775685092758,0.005556078726810434,0.45,0.06575290416244985,0.38886458105447386,0.006891271056661562,0.11,0.0640299414328737,0.5483456637895602,0.007809288943690916,P_longicornis,18,"Bgy. Malanday, Marikina"
1.41,0.08047004230303416,0.576835250338295,0.004862990527740189,0.78,0.0744783991778414,0.4123654430030362,0.009706504738246389,0.32,0.05555151672516997,0.3389381064304225,0.00903995660820828,0.05,0.021265240651859783,0.5346601450497555,0.0067465002529937595,P_longicornis,19,"Bgy. Malanday, Marikina"
1.7,0.09844675359705585,0.6024419644593071,0.004666174126064471,0.68,0.059811894648027095,0.40595998694212565,0.007974630415520217,0.18,0.03480586769114861,0.34644662676506477,0.007670405020628741,0.06,0.024388227513227508,0.5513604100946372,0.009365141955835963,P_longicornis,20,"Bgy. Malanday, Marikina"
1.46,0.07524354042036542,0.5589146600566572,0.006772308781869688,0.69,0.08025874760297079,0.4171572372264414,0.005167842538084753,0.53,0.07706626148482322,0.38143244890045974,0.010690743920678003,0.08,0.023520861306660073,0.538252486924418,0.006563429391857245,P_longicornis,21,"Bgy. Malanday, Marikina"
1.33,0.07147474934748047,0.5610065170166546,0.007422157856625634,0.65,0.07085668914385632,0.4353018660812294,0.009835345773874862,0.39,0.07275885450434184,0.3970195491934622,0.010896271765836983,0.05,0.024958947146573467,0.5386957484499557,0.006089459698848538,P_longicornis,22,"Bgy. Malanday, Marikina"
1.28,0.08327543809187946,0.5970664716398505,0.00540386803185438,0.67,0.0634412416861951,0.3832055177735976,0.004678531809193074,0.3,0.04727412967174807,0.3557408372416189,0.010422094841063054,0.09,0.01880862482754524,0.49416927145948547,0.005109401298389036,P_longicornis,23,"Bgy. Malanday, Marikina"
1.31,0.07696600137985,0.5878224031233127,0.0044025418449142335,0.46,0.04708917577782127,0.3888435504776535,0.00518458067303538,0.35,0.06028594965979629,0.38534162846540054,0.01260641781270465,0.14,0.06839200853287089,0.5568619798019222,0.00492755037322535,P_longicornis,24,"Bgy. Malanday, Marikina"
1.32,0.07061436962474876,0.582309171473957,0.005517933283170303,0.75,0.0701784193464068,0.38696508332933094,0.004802843283223669,0.19,0.053536691174943876,0.37272368495235947,0.011275864013080002,0.02,0.010448166000631703,0.544445683693955,0.005297791657372295,P_longicornis,25,"Bgy. Malanday, Marikina"
1.48,0.0743014567565415,0.6050390347764372,0.0042583392476933995,0.58,0.05631486388380923,0.41458910433979684,0.00863342566943675,0.21,0.030819444444444448,0.34553908747457135,0.006044754431851206,0.02,0.007770859940400171,0.557351724137931,0.008441379310344827,P_longicornis,26,"Bgy. Malanday, Marikina"
1.39,0.08157767672219506,0.5842921673911191,0.005241626182562005,0.67,0.06366557654554542,0.4189728699755013,0.007349605298974685,0.3,0.05363422933387775,0.3719900359811791,0.007306947135344589,0.13,0.06897374898945921,0.5393354647179721,0.0045101621374743096,P_longicornis,27,"Bgy. Malanday, Marikina"
1.36,0.0731486987851886,0.5747655510625483,0.0047319969026929365,0.73,0.0796555468338015,0.39009391238022595,0.009200552986604377,0.47,0.060208581156497826,0.3202763592670472,0.006127966356263142,0.09,0.07470581239931061,0.5670103092783505,0.009050868786602778,P_longicornis,28,"Bgy. Malanday, Marikina"
1.5,0.07799774675631092,0.5916033586565373,0.0051579368252698925,0.86,0.08757353555549514,0.40719723183391004,0.00544405997693195,0.5,0.08588910427071712,0.39585221517300206,0.01130244708642107,0.05,0.055213835900546286,0.5250940696380306,0.008903492500927448,P_longicornis,29,"Bgy. Malanday, Marikina"
1.46,0.08097991305782362,0.5745824954096354,0.004590364606102999,0.78,0.0753621303429145,0.40872201492537313,0.006623134328358209,0.25,0.0634524012581933,0.3661672693875208,0.008495493944090465,0.06,0.02194550310075092,0.5271843623157445,0.004753257850886563,P_longicornis,30,"Bgy. Malanday, Marikina"
1.43,0.08216763343562151,0.5966901747074852,0.004648180798204841,0.78,0.07597333789469342,0.41685255155460466,0.005326171074794009,0.42,0.052279100304808465,0.3741142604074402,0.011514614703277236,0.05,0.05183227848340086,0.5655968623984975,0.006297298790255759,P_longicornis,31,"Bgy. Malanday, Marikina"
1.27,0.07291208081275921,0.569429731638418,0.0052524717514124296,0.7,0.08261008197355812,0.42923732575690315,0.010077244073515049,0.43,0.08998949283144364,0.39047106325706593,0.006352624495289367,0.09,0.020351427845459277,0.5379373012267151,0.006531122217174012,P_longicornis,32,"Bgy. Malanday, Marikina"
1.31,0.06770185061823318,0.5721479423511027,0.004514672686230248,0.56,0.06262762712084022,0.4227550327980095,0.00891201085727211,0.36,0.06649542248859655,0.36911781065747024,0.006786071865613527,0.09,0.01603138799379401,0.5310910412124987,0.005138586110246029,P_longicornis,33,"Bgy. Malanday, Marikina"
1.2,0.05033841117788696,0.5416587946344228,0.004723219346306443,0.54,0.06691810839681245,0.41015410016510734,0.009447807741698771,0.25,0.059056216075478285,0.37311278863232683,0.006993783303730018,0.02,0.009929047418630753,0.5541311260283652,0.008226921718063898,P_longicornis,34,"Bgy. Malanday, Marikina"
1.34,0.07721658188820078,0.5859302813943721,0.004493910121797564,0.59,0.054671896692752145,0.36803475134811264,0.006540842820051927,0.33,0.05775970307184092,0.36042762599694556,0.007070535663781888,0.09,0.06824793924001864,0.5491057420771885,0.00836732559355716,P_longicornis,35,"Bgy. Malanday, Marikina"
1.29,0.07616223328038951,0.5840614131817796,0.00572567647807278,0.48,0.056131026458075696,0.3907107737839515,0.005155377344980667,0.34,0.051162984432334274,0.36661332723739853,0.010915533203794719,0.05,0.008458333333333333,0.562043444828912,0.005959246443675509,P_longicornis,36,"Bgy. Malanday, Marikina"
1.36,0.06462541920528032,0.5543562417452294,0.00478207405383249,0.42,0.045933701183129096,0.3990894583685347,0.010560405519571952,0.31,0.04836585090548702,0.37778026780211776,0.011261135077595383,0.13,0.031571792269742646,0.532273414320103,0.006381906734591054,P_longicornis,37,"Bgy. Malanday, Marikina"
1.2,0.05585918376890598,0.5544069640914037,0.006528835690968444,0.56,0.0526283388029715,0.3764493812725324,0.00764883562311215,0.35,0.0737079897411157,0.39404062718896493,0.012608437954631176,0.08,0.016579656235529233,0.5490457168220151,0.008482517137643636,P_longicornis,38,"Bgy. Malanday, Marikina"
1.21,0.06794348438695108,0.55359765051395,0.0074798091042584435,0.46,0.04527534596978323,0.4079442253004312,0.0048160719200073384,0.37,0.04412435555389337,0.36599489071813796,0.007550383196139654,0.08,0.10318766925594722,0.5343076675084627,0.004782118102197625,P_longicornis,39,"Bgy. Malanday, Marikina"
1.04,0.04363443247669438,0.539368020907579,0.008125445473984319,0.72,0.06802994144207912,0.40086993124736914,0.005238295683083111,0.4,0.0481560515085183,0.37359674224081,0.01111600264142637,0.02,0.009526083229019978,0.5499292619665174,0.0068380099033246875,P_longicornis,40,"Bgy. Malanday, Marikina"
1.26,0.06130891142232916,0.5591862453866234,0.0064362228823476465,0.58,0.07572356503007664,0.4164559248554913,0.0069093208092485545,0.53,0.07527822835098606,0.38944805194805193,0.011688311688311689,0.13,0.06323709027662716,0.5344836768386856,0.005804974170527773,P_longicornis,41,"Bgy. Malanday, Marikina"
1.16,0.06436697100352286,0.5757524446513991,0.005630106252381154,0.57,0.06543184034683763,0.4088805388809971,0.005636255326948632,0.42,0.056187808869960054,0.3812668537779979,0.008805239117274778,0.04,0.013117276239252375,0.5403866248693835,0.007784743991640543,P_longicornis,42,"Bgy. Malanday, Marikina"
1.18,0.06969354443295353,0.5889804452096913,0.00549337924814496,1.03,0.10632229591519377,0.4340613647305992,0.007309493587779577,0.49,0.06915116454987062,0.3797783933518006,0.008476454293628808,0.05,0.012541666666666668,0.5566839175861732,0.008592910848549946,P_longicornis,43,"Bgy. Malanday, Marikina"
1.14,0.0740377201660395,0.5828481117950424,0.00611379138246548,0.58,0.07139568199290422,0.417362647284547,0.007132860818924653,0.5,0.0855035215550923,0.38837285542563654,0.010927767457108512,0.05,0.016260450177276488,0.5347879785920132,0.007763335881903193,P_longicornis,44,"Bgy. Malanday, Marikina"
1.57,0.08900631121759857,0.584275691291787,0.005860503508047874,0.65,0.06607798962210205,0.4015781515781516,0.007182007182007182,0.21,0.025069444444444446,0.37791756331733156,0.012746234067207415,0.11,0.062073680221502274,0.5328801770471072,0.008378122036041732,P_longicornis,45,"Bgy. Malanday, Marikina"
1.31,0.07772740373898446,0.5697936535460378,0.0045517600138720304,0.85,0.072295712268501,0.37916788179255373,0.0073393603577330616,0.23,0.032370152218019164,0.35664772727272726,0.009431818181818182,0.17,0.08635065652964649,0.5383291139240506,0.007848101265822785,P_longicornis,46,"Bgy. Malanday, Marikina"
1.1,0.058863663261163116,0.569001386962552,0.004897711511789182,0.7,0.06576598793976378,0.37106824925816023,0.0051928783382789315,0.38,0.053279733889816654,0.37959341083135917,0.013002038455181532,0.1,0.06706147414615435,0.5292207792207793,0.005261979399910435,P_longicornis,47,"Bgy. Malanday, Marikina"
1.04,0.04859380511463845,0.5468757335336369,0.0065255152340265715,1.08,0.0894872311433367,0.40901447921531997,0.005464736104624008,0.39,0.060599638501623934,0.3538524019494082,0.01177767463448596,0.02,0.006841981488347821,0.5642909625275533,0.006717749553899444,S_geminata,48,"Bgy. Malanday, Marikina"
1.37,0.07974830066604144,0.5669965824863521,0.007323243531134881,1.13,0.0948888016912116,0.40613870665417057,0.004686035613870665,0.41,0.07659079982606358,0.3835255354200989,0.013673805601317958,0.09,0.08430968000545205,0.5246742372703962,0.005076142131979695,P_longicornis,49,"Bgy. Malanday, Marikina"
1.13,0.06483148933907333,0.5677658839779005,0.004488950276243094,0.7,0.08767888664372832,0.41889369451399955,0.008285909401320282,0.22,0.054867828684270786,0.37353433835845895,0.013176996091568955,0.14,0.08890076582440001,0.5705806328083863,0.007706667943133407,P_longicornis,50,"Bgy. Malanday, Marikina"
1.46,0.06439621078509968,0.5457056061861364,0.004602780079167817,0.62,0.09002564445575505,0.43560273732233723,0.005044744692051237,0.31,0.06052926039026338,0.35617854885965416,0.010915149077957143,0.07,0.05847298083683742,0.5591166307777055,0.008513195452952076,P_longicornis,51,"Bgy. Malanday, Marikina"
1.23,0.08417040890328406,0.612430462305774,0.0040667561864569345,0.68,0.0866755478905706,0.43862925642807504,0.007036136205698402,0.31,0.035979402075362064,0.36398356576587004,0.008217117064984665,0.11,0.08061311867702842,0.5505861694985281,0.006972060114651655,P_longicornis,52,"Bgy. Malanday, Marikina"
1.04,0.05719428687153959,0.5609331009518702,0.006569245207132323,0.58,0.059280147765848064,0.37807714673386317,0.007414227563481294,0.24,0.03959639118746645,0.3618825404051901,0.010869565217391304,0.09,0.02369067703835377,0.5453659037257518,0.006158267474083958,P_longicornis,53,"Bgy. Malanday, Marikina"
1.24,0.054818782649648234,0.5293044807019274,0.0046335091437866615,0.62,0.060661605487239534,0.4206421186286958,0.007935788137130419,0.35,0.05227084233863512,0.3648924122310306,0.008663646659116647,0.02,0.007011454753722796,0.55937819794357,0.008284196676575215,P_longicornis,54,"Bgy. Malanday, Marikina"
1.47,0.08314259880041508,0.5997203914519672,0.004993009786299181,0.44,0.04577990564194956,0.37436332767402375,0.00724058723659243,0.34,0.05590521091698446,0.37303723642889186,0.011215791834903545,0.08,0.04717542858365526,0.5316273402016174,0.006702115874598427,P_longicornis,55,"Bgy. Malanday, Marikina"
1.07,0.056317268140292476,0.5420350877192982,0.005614035087719298,0.65,0.06877869251259609,0.41359992712698124,0.008198214611040262,0.2,0.041545790395316265,0.372040839223606,0.006843935824077191,0.1,0.02629472270176841,0.5270035850584017,0.007690528506996646,P_longicornis,56,"Bgy. Malanday, Marikina"
1.43,0.07749843184271028,0.5856249464576373,0.00466889402895571,0.78,0.06725451153830336,0.39284873039054036,0.008621095774249776,0.36,0.066612431842301,0.3682031774446185,0.009621839337659432,0.03,0.015317761235192615,0.5529947152084557,0.008905852417302799,P_longicornis,57,"Bgy. Malanday, Marikina"
1.18,0.05139565039135486,0.5173308064435689,0.00842850730636876,0.73,0.07008226569080064,0.4134188229906114,0.006274330203801236,0.58,0.08208241928572829,0.3803080308030803,0.0088008800880088,0.11,0.02091910080183276,0.5518023571182011,0.007150253957295725,P_longicornis,58,"Bgy. Malanday, Marikina"
1.37,0.08135717775834073,0.6038976662122063,0.004210441895901837,0.63,0.05965157777164356,0.4146597336252509,0.008939974457215836,0.17,0.01969287804116433,0.35605266223931026,0.012408248864033555,0.06,0.02248223938771407,0.5384481558803061,0.00771282765019717,P_longicornis,59,"Bgy. Malanday, Marikina"
1.21,0.0611296698763682,0.5616979269496545,0.004621735618774118,0.68,0.06773610197238585,0.38495553953376593,0.005912040374909878,0.23,0.05130047450361403,0.38496207540947563,0.01242167747609102,0.08,0.022368556701030932,0.5545622388494801,0.0050043727528908755,P_longicornis,60,"Bgy. Malanday, Marikina"
1.13,0.06400813440579733,0.570757180156658,0.005700609225413403,0.59,0.06209696069188677,0.4134655291676274,0.009315194835139498,0.34,0.04837385669570805,0.37182499720264073,0.008280183506769609,0.01,0.0034293978457161107,0.557354172481161,0.00591682947250907,P_longicornis,61,"Bgy. Malanday, Marikina"
1.24,0.0737353387177809,0.5737935742629177,0.004650765883005504,0.88,0.08588943700223625,0.42250302460008066,0.008961778016758525,0.39,0.07789926661252472,0.37674623253767464,0.01127488725112749,0.04,0.012597222222222223,0.5585147744945568,0.005734836702954899,P_longicornis,62,"Bgy. Malanday, Marikina"
1.05,0.06172912770433439,0.5646976397950694,0.006918597013618251,0.68,0.06532554784935751,0.4081197571488159,0.008342216248783427,0.42,0.06289749410465861,0.3660689346963857,0.007597340930674264,0.17,0.10293548718413183,0.5410826731667683,0.005027422303473492,P_longicornis,63,"Bgy. Malanday, Marikina"
1.18,0.07502513254031654,0.5710284803309061,0.00473954069541988,0.94,0.09657482144974047,0.4263190620003553,0.009992893942085627,0.37,0.060649742789829125,0.3743768693918245,0.008640744433366567,0.11,0.058534203558271616,0.5569856553350363,0.007319709176655531,P_longicornis,64,"Bgy. Malanday, Marikina"
1.01,0.0556495787058297,0.5496920106647053,0.005883975360853177,0.65,0.0698854010780875,0.39269232599077025,0.006470336362338836,0.34,0.05843534100277673,0.3759747801559648,0.012997068746197667,0.07,0.07789030827049162,0.52887760857304,0.0049633389734912575,P_longicornis,65,"Bgy. Malanday, Marikina"
0.89,0.03619135802469135,0.5389517739941025,0.006563302577760868,0.59,0.0593887514701324,0.37167394757744243,0.00784352660841938,0.45,0.0799085681894136,0.3732838795394154,0.010462798937112489,0.07,0.07450333671318414,0.5501852832186342,0.006617257808364214,P_longicornis,66,"Bgy. Malanday, Marikina"
1.71,0.0950144332350445,0.5901335161953934,0.004114396353515389,0.68,0.0688377374939875,0.3979653740258528,0.0052732278687759575,0.22,0.02877777777777778,0.3857743326600797,0.010371745182597304,0.09,0.03326518489887409,0.5372504040456701,0.006360460872738648,P_longicornis,67,"Bgy. Malanday, Marikina"
1.3,0.06376652316307917,0.5551364942528736,0.005657327586206897,0.54,0.05141946572400003,0.39474810903382335,0.0080871509442938,0.32,0.06092023771025033,0.3860503282275711,0.009573304157549234,0.06,0.029544548406769885,0.5372403982930298,0.00608819345661451,P_longicornis,68,"Bgy. Malanday, Marikina"
1.3,0.07890523772291937,0.5976373024565795,0.0042638084806759504,0.7,0.07431915860786782,0.435084501506616,0.00873400585178392,0.3,0.051674230761745654,0.3517714687939934,0.010441107461285782,0.14,0.06991715908925732,0.5490681998413958,0.005749405233941317,P_longicornis,69,"Bgy. Malanday, Marikina"
1.31,0.06276488136854798,0.5564627098431336,0.004953673974864691,0.67,0.06951531928707527,0.41191422497458174,0.005037434143636195,0.29,0.04642229586820103,0.3838138816913832,0.006009151551904735,0.06,0.012329365079365079,0.5585020342140091,0.007548649576001177,P_longicornis,70,"Bgy. Malanday, Marikina"
1.13,0.06791400883308626,0.5711199294532627,0.0068342151675485005,0.88,0.10066519330740994,0.43447576198667903,0.010012791672180318,0.25,0.027361111111111107,0.3808023872679045,0.01282051282051282,0.03,0.005777332037726857,0.5452312059835126,0.004913468362723153,P_longicornis,71,"Bgy. Malanday, Marikina"
0.61,0.03447947581156937,0.5351291441788744,0.004674248265227448,0.78,0.08776959966943083,0.43632595466972396,0.005291471911103272,0.51,0.06402722482431103,0.39104835632121243,0.011939159352341492,0.11,0.1056949244729139,0.5506066656427584,0.006348231198484616,S_geminata,72,"Bgy. Malanday, Marikina"
1.6,0.07149754696050012,0.5739667992391493,0.005965761715372644,0.45,0.0533058912085316,0.3967638152914459,0.00667108251324754,0.29,0.049147522279173995,0.35770625827623925,0.00921181415164949,0.16,0.030837854268760168,0.5410560954290708,0.008689392770836546,P_longicornis,73,"Bgy. Malanday, Marikina"
1.32,0.07888723760857637,0.5837433245027543,0.005634750431016358,0.69,0.07106573249281582,0.40654830528014757,0.006824994235646761,0.23,0.028478858890471564,0.3580798699791038,0.01039006268864639,0.1,0.018975414930174742,0.5440162271805273,0.006896551724137931,P_longicornis,74,"Bgy. Malanday, Marikina"
1.48,0.08712942780167503,0.5955519935884592,0.005209376878381086,0.9,0.09137407491347704,0.4258946056613851,0.009346626312978458,0.47,0.09923003829251605,0.38618524332810045,0.015211389595626049,0.11,0.06733984620802354,0.5443570885112858,0.007912756784174486,P_longicornis,75,"Bgy. Malanday, Marikina"
1.17,0.06616297597394175,0.5650906876603888,0.005871862902875038,0.77,0.05900462962962963,0.39948489815031607,0.006321704518848045,0.53,0.09764338402817317,0.39554482018250137,0.013311862587224907,0.23,0.08179607619573746,0.5559796437659033,0.007878254061460168,P_longicornis,76,"Bgy. Malanday, Marikina"
1.38,0.06650633312487272,0.5899417331294682,0.0045456423819166085,0.79,0.09121233943610964,0.42169875424688563,0.007021517553793885,0.28,0.06741697560980063,0.38476315933915145,0.011745979471979801,0.02,0.005972222222222223,0.5676280220826194,0.005806205977536645,P_longicornis,77,"Bgy. Malanday, Marikina"
1.39,0.08500907880356304,0.6072552783109405,0.004222648752399232,0.75,0.07504086882597617,0.4016693238300666,0.008815530338553878,0.29,0.06838935400987188,0.36460397440978315,0.007020324973107626,0.03,0.012249999999999999,0.550274133542197,0.004993146661445075,P_longicornis,78,"Bgy. Malanday, Marikina"
1.4,0.08556347108035617,0.5967466449776332,0.004880032533550223,0.64,0.07657656649049192,0.42619015868782506,0.005600746766235498,0.39,0.06839690595354161,0.39518330211399516,0.006422263848006422,0.2,0.07454221666289332,0.552481852069845,0.005002942907592701,P_longicornis,79,"Bgy. Malanday, Marikina"
1.45,0.08235159574127046,0.5861057155845766,0.004504690664131917,0.77,0.08484120931304194,0.4340702897912446,0.008808244516867788,0.33,0.04934632838501887,0.3324425440940673,0.006116752776293129,0.04,0.013894736842105264,0.5356072351421188,0.0065116279069767444,P_longicornis,80,"Bgy. Malanday, Marikina"
1.12,0.07200271847692943,0.5660452552805207,0.005800823628393039,0.49,0.06376126636769563,0.4281418312387792,0.009605026929982047,0.29,0.049715857939354,0.38372729262420663,0.011982928430728824,0.1,0.018847222222222224,0.5415341812400636,0.004968203497615262,P_longicornis,81,"Bgy. Malanday, Marikina"
1.67,0.09919908610265832,0.6171837175524189,0.004096681687832855,0.61,0.06583986818947064,0.40169074271912303,0.008871754377815969,0.36,0.060489445297991946,0.3821875170643805,0.012395565991372249,0.11,0.03429839705307095,0.5170595022251525,0.004889841217515521,P_longicornis,82,"Bgy. Malanday, Marikina"
0.99,0.05274506685206927,0.5637649138311975,0.006584180291648254,0.68,0.06877358451531701,0.3826259305810693,0.0050275548680266844,0.54,0.06943522653846554,0.3529781999198947,0.01041368655947817,0.1,0.07366699521346098,0.5517867958812841,0.005602665051483949,P_longicornis,83,"Bgy. Malanday, Marikina"
1.18,0.06456039729046507,0.5832879124565008,0.006289044484507987,0.88,0.08711829423500234,0.41626641050272173,0.008554046018022963,0.41,0.07835877960243344,0.3641202786114729,0.010816014496857127,0.17,0.10307441064844967,0.5600488997555012,0.004743276283618582,P_longicornis,84,"Bgy. Malanday, Marikina"
1.47,0.07377523409576042,0.5718856747524539,0.006702123059627275,0.61,0.06920233671260093,0.4105069970176646,0.008488185363615508,0.4,0.042801767676767674,0.36913886384129846,0.006706492335437331,0.03,0.009958044049046011,0.5459258483452032,0.006231671554252199,P_longicornis,85,"Bgy. Malanday, Marikina"
1.56,0.08757729849138239,0.596964586846543,0.004336304504938569,0.81,0.09959093221934248,0.43758412574356303,0.005210368633580826,0.24,0.049848200287678716,0.3763542419023279,0.013056280904494694,0.09,0.06046330260232617,0.5359181978615177,0.0054500155714730615,P_longicornis,86,"Bgy. Malanday, Marikina"
1.35,0.06574863111133385,0.5578476955717059,0.004875186205028664,0.52,0.059829536339317715,0.3833598918344681,0.006422328456226761,0.28,0.03116666666666667,0.38125823451910407,0.01152832674571805,0.07,0.016630141920506526,0.5139831828090937,0.00660230457801308,P_longicornis,87,"Bgy. Malanday, Marikina"
1.12,0.0662005390348248,0.5758249273380065,0.00500085484698239,0.66,0.07119455866511465,0.4102175709171027,0.004911410997888552,0.32,0.06891424119769501,0.38615576121664774,0.012285544190074146,0.04,0.01162855448175364,0.5337028824833703,0.00925720620842572,P_longicornis,88,"Bgy. Malanday, Marikina"
1.48,0.1048794296300564,0.616206719859454,0.003989459043993851,0.92,0.10633316557342923,0.44014008387738335,0.009122746335768948,0.24,0.06220305167364122,0.3852320445001909,0.00932540764574358,0.04,0.02617461381102075,0.5497178750133078,0.008889598637283082,P_longicornis,89,"Bgy. Malanday, Marikina"
1.22,0.06263847731834414,0.5648653406090477,0.004576659038901602,0.65,0.06518477000311795,0.41235114926613126,0.007338687344225976,0.41,0.06696657348088574,0.3759920634920635,0.014329805996472662,0.06,0.043019713169561935,0.5328510823452627,0.005003807244642663,P_longicornis,90,"Bgy. Malanday, Marikina"
0.98,0.06478484605760455,0.5719385311915023,0.007357102433503113,0.66,0.06514827089751303,0.40911795669886025,0.005767382249279077,0.27,0.03878844516225491,0.3756390308957546,0.009724383196265837,0.07,0.0792777623910078,0.5506792642701404,0.004584334991893554,P_longicornis,91,"Bgy. Malanday, Marikina"
1.58,0.08443885748854897,0.5830551778134916,0.004532904767791651,0.93,0.09695456907688818,0.43044469783352335,0.008157179194807473,0.14,0.05000385499544808,0.38050952541990757,0.013414496674557547,0.1,0.049593418243827625,0.5330280172413793,0.004849137931034483,P_longicornis,92,"Bgy. Malanday, Marikina"
1.18,0.06125047112412704,0.5503053680488589,0.005510400881664141,0.81,0.0843022017565869,0.4041826518199682,0.005099653784972396,0.46,0.061788801697037155,0.37845013551634493,0.006969412025001382,0.14,0.09543943092739747,0.557986980470706,0.0070605908863294944,P_longicornis,93,"Bgy. Malanday, Marikina"
1.25,0.06933826544831458,0.5560982289574584,0.004747124338141318,0.71,0.07905898476636847,0.4033597672563465,0.006100136079958707,0.37,0.07412589882454551,0.3959691760521636,0.013418117152556986,0.13,0.07936760040267339,0.5477604428787116,0.0069954705586311025,P_longicornis,94,"Bgy. Malanday, Marikina"
0.81,0.0496988981664671,0.5840339702760085,0.006496815286624204,0.67,0.06856893590944613,0.41664761033615366,0.00882689229361994,0.1,0.03164365835056871,0.3631837949187457,0.007381551842526894,0.06,0.013515510955022653,0.546847223674579,0.007895012025515005,P_longicornis,95,"Bgy. Malanday, Marikina"
1.03,0.06095892502706272,0.5579073482428115,0.006611643592474264,0.49,0.06354335257022455,0.42812652934110423,0.009520843528940694,0.26,0.050940570196151655,0.3696873404074221,0.010043692901322137,0.05,0.012450617283950617,0.54881488445742,0.008263644910683359,P_longicornis,96,"Bgy. Malanday, Marikina"
1.4,0.07294515849385852,0.5778051997787328,0.005574230883792179,0.83,0.07686198703195167,0.42429672101773874,0.005420175595771367,0.35,0.06035499685056194,0.3880105757297793,0.00982032050936168,0.1,0.0962586358577146,0.5302799842262408,0.007210861359923384,P_longicornis,97,"Bgy. Malanday, Marikina"
1.23,0.06453617592528116,0.580249542222033,0.0064727675339607375,0.92,0.10147584888065302,0.4386332852711146,0.007384104513479268,0.46,0.061427000825698325,0.370053778658364,0.006962921030285876,0.04,0.010763441476755798,0.5434218517087175,0.006238613150775686,P_longicornis,98,"Bgy. Malanday, Marikina"
1.11,0.05422053769275991,0.5532341939604051,0.008347778487364291,0.72,0.07062919046174049,0.39828201276755537,0.005022530980097634,0.47,0.06629786676981315,0.350953803723282,0.006033095840036773,0.05,0.026264935436665676,0.5431904316582172,0.004872766648619383,P_longicornis,99,"Bgy. Malanday, Marikina"
0.75,0.03463481374592486,0.7091002835782418,0.005310647073988141,0.83,0.08520009782948201,0.5201128808533028,0.009040034438226431,0.49,0.06849168968314485,0.5026793963658762,0.016261164151524485,0.02,0.012069444444444443,0.7320349985887665,0.005814281682190234,S_geminata,0,"Buendia Av., Pasay City"
1.11,0.048309921888153945,0.7051231527093597,0.006206896551724138,0.98,0.08357225938130707,0.4954622519198165,0.007130746983145507,0.41,0.06735333186556525,0.5181248133771275,0.015527022991937893,0.07,0.025465715881999813,0.7318645588070412,0.005437829353066487,P_longicornis,1,"Buendia Av., Pasay City"
1.21,0.046085235238013014,0.7049816148692892,0.005742205208280864,1.0,0.07995239280856403,0.48247992224666225,0.0063430354493836,0.49,0.07903169674399407,0.5083190604355273,0.008869586493760705,0.03,0.007012027491408936,0.7272425249169435,0.0106312292358804,P_longicornis,2,"Buendia Av., Pasay City"
1.03,0.04837851401215601,0.7020762155059133,0.005834428383705651,1.02,0.09981799403616619,0.5292046583009841,0.007673557822515121,0.38,0.04657225695846172,0.4874729353541602,0.014042684812867306,0.04,0.05665938998254493,0.7350011069293779,0.005368607482842595,P_longicornis,3,"Buendia Av., Pasay City"
1.03,0.05615323392306483,0.7304548123390994,0.006277945892236123,1.09,0.10370908548703948,0.5221002122358587,0.007981913813786103,0.33,0.05875946928151965,0.4790260518513846,0.013562101810382893,0.04,0.014840110552187135,0.7139205997614585,0.005622763673538933,S_geminata,4,"Buendia Av., Pasay City"
1.29,0.0588638180118141,0.7025915903413822,0.006609075770191507,0.89,0.07866576584765485,0.5136350588460434,0.006458712084967946,0.54,0.069480399674304,0.49953297216514103,0.006662930443987795,0.05,0.06558607629855814,0.7295305676855895,0.006222707423580786,P_longicornis,5,"Buendia Av., Pasay City"
1.24,0.07058936235133227,0.7200568711084964,0.007501103103397558,0.74,0.09157996218362072,0.5095382249771755,0.007928499351304599,0.55,0.06598475570337257,0.49749906214830564,0.013442540952857322,0.04,0.008569444444444444,0.7245118074477748,0.005733424159854677,P_longicornis,6,"Buendia Av., Pasay City"
1.17,0.05958916385725921,0.7261218705715635,0.005101558809636278,0.74,0.060751940661963884,0.49197370432655557,0.008714263874025378,0.58,0.0869385709740342,0.5048237255836112,0.010898046688899475,0.07,0.016398911798396334,0.7397973009592976,0.006828898162701208,P_longicornis,7,"Buendia Av., Pasay City"
1.03,0.04560856632990659,0.7035112501261225,0.008727676319241246,0.59,0.06329510334422361,0.49350584722567803,0.008310525006220452,0.29,0.06336271296548943,0.4994189247048749,0.007401064285277387,0.07,0.0704923740415526,0.7390004025996434,0.006959222407545868,P_longicornis,8,"Buendia Av., Pasay City"
1.23,0.06321598157687677,0.7207968901846453,0.004956268221574344,0.73,0.08059929277437476,0.5113818834419571,0.007698120336261453,0.44,0.05404999218506558,0.47059210526315787,0.006644736842105263,0.03,0.004152777777777778,0.7483826492735178,0.006999681832643971,P_longicornis,9,"Buendia Av., Pasay City"
0.93,0.034910436316233424,0.7002217523593419,0.00768397710277964,0.66,0.06131166656155873,0.48516260162601627,0.006808943089430895,0.49,0.07972403514783709,0.5147189480542558,0.007996209204525262,0.05,0.028539666060331984,0.7325038880248833,0.010275494334592314,P_longicornis,10,"Buendia Av., Pasay City"
1.03,0.07183949596343908,0.7318602029312289,0.005817361894024803,0.71,0.09098517494079315,0.510850942318675,0.005425471159337522,0.32,0.041701249502297866,0.49465440079562406,0.0139234211834908,0.1,0.08055088705296683,0.7346659364731654,0.007228915662650603,P_longicornis,11,"Buendia Av., Pasay City"
1.21,0.06812788815908942,0.723850131543137,0.006486437448970335,0.83,0.054638419018735805,0.4667584891667108,0.008264025003973089,0.41,0.05960959280187036,0.5022002200220022,0.012834616795012835,0.08,0.016875,0.7263642924554489,0.006994948093043913,P_longicornis,12,"Buendia Av., Pasay City"
1.13,0.067047446240089,0.733160149485006,0.005742411812961444,0.41,0.03513542108046752,0.48078205983476163,0.009596141017088316,0.44,0.03740277777777778,0.49251675120546057,0.012399023107270337,0.01,0.0036000457875457878,0.7262816918955959,0.00853423036192612,P_longicornis,13,"Buendia Av., Pasay City"
1.2,0.06702680776599777,0.7465453909393038,0.004722756690571978,0.6,0.06356654124860646,0.4932912786622609,0.010113147091218584,0.28,0.0469555146811639,0.4753608444077065,0.015323965155465124,0.06,0.012807486713632433,0.7310197796991591,0.00769868530143314,P_longicornis,14,"Buendia Av., Pasay City"
1.22,0.07383830697893505,0.7414100847835787,0.004819277108433735,0.93,0.10398636892032381,0.5360575827980502,0.007288961778506674,0.41,0.06779663837112118,0.5066145520144317,0.012206855081178592,0.02,0.005677691867124857,0.7389992599760915,0.008197187909147833,P_longicornis,15,"Buendia Av., Pasay City"
0.9,0.04965233398307783,0.7230686590487352,0.005176286746752612,0.9,0.08866667097983748,0.5065957960860111,0.0071514858661512444,0.35,0.07862521855175902,0.4813953488372093,0.0069767441860465115,0.06,0.016731217925766796,0.7176727858663751,0.009150025896299707,P_longicornis,16,"Buendia Av., Pasay City"
1.08,0.06131862029369639,0.7293474766955963,0.006750241080038573,0.65,0.050142141583285796,0.49000357928107585,0.011351434269059671,0.28,0.045201042287092284,0.5006810302129767,0.015416047548291234,0.1,0.069791959635146,0.7350108556477203,0.005511328842620943,P_longicornis,17,"Buendia Av., Pasay City"
1.03,0.041291842983061516,0.6866895295252384,0.008948665737863038,0.63,0.07071890579161821,0.4865614882573616,0.010021069941929184,0.25,0.05825036691023221,0.4917598029929911,0.014144092946896508,0.12,0.059180142840541065,0.7395325926331344,0.0055278857205407475,P_longicornis,18,"Buendia Av., Pasay City"
1.32,0.06184127754721754,0.729466611819553,0.005896064719594131,0.92,0.09199795147965219,0.5035263003232442,0.00577921441865021,0.27,0.05010298887566209,0.44949287280701755,0.01103344298245614,0.05,0.018875,0.7206798866855524,0.005722379603399433,P_longicornis,19,"Buendia Av., Pasay City"
1.18,0.061704921899254334,0.7178053204353083,0.006650544135429262,0.97,0.07527101838171492,0.48212071103761883,0.006976023150062009,0.42,0.0616002376971834,0.5035314174378958,0.011020457866536775,0.02,0.005750000000000001,0.7484042848420935,0.009380029971693401,P_longicornis,20,"Buendia Av., Pasay City"
0.97,0.05346285774683557,0.7130651303583634,0.005077629137779514,0.83,0.077890537867259,0.49896551724137933,0.007389162561576354,0.44,0.045963028758413564,0.4831785086618127,0.009352247049962339,0.07,0.06067966166619799,0.7470696452036794,0.008988173455978975,P_longicornis,21,"Buendia Av., Pasay City"
1.07,0.05125739480182719,0.715326297012041,0.005896635449184877,0.96,0.07592809699483237,0.49386626445449977,0.005530417295123178,0.35,0.060273006594078894,0.48743284135120113,0.014018403013647873,0.02,0.006420680042296654,0.7441486510630695,0.00982669287118099,P_longicornis,22,"Buendia Av., Pasay City"
0.88,0.04074261155511155,0.7154767318478096,0.005153857814157951,0.7,0.07053287798612255,0.4872630628823588,0.005566141811252633,0.34,0.06734601525786431,0.4997539067306509,0.014334932939584103,0.09,0.018864665045848557,0.7413507176759879,0.005832904443300738,P_longicornis,23,"Buendia Av., Pasay City"
1.2,0.06328487235756924,0.7222863186232094,0.004951446976252284,0.7,0.056655983876399654,0.4873644388398487,0.00691046658259773,0.27,0.04992184238660612,0.4873413725613991,0.010417324326030684,0.04,0.009547270440110878,0.7350896450786681,0.008476643493108916,P_longicornis,24,"Buendia Av., Pasay City"
1.2,0.06167831088688794,0.7361188228761799,0.00518230612622617,0.84,0.071525939677828,0.5053046525209266,0.007737979365388359,0.48,0.060789925913124716,0.4983733733733734,0.008008008008008008,0.06,0.01877777777777778,0.7392827356130108,0.009063108145676953,P_longicornis,25,"Buendia Av., Pasay City"
1.05,0.04686838840636154,0.7172154673067891,0.006522987006209883,0.92,0.08338699179535546,0.4929435990156195,0.00828687660087389,0.31,0.03511732595748392,0.46183412002697233,0.014295347269049224,0.02,0.008904335303144826,0.7380849687297821,0.010405434548199267,P_longicornis,26,"Buendia Av., Pasay City"
0.98,0.045923412196539656,0.7076124567474048,0.0065840061514802,0.81,0.06855876270572717,0.47162162162162163,0.010966735966735967,0.27,0.028027777777777776,0.48635391774619546,0.007671990944535278,0.06,0.007583333333333334,0.7291950113378685,0.005782312925170068,P_longicornis,27,"Buendia Av., Pasay City"
1.12,0.04645809000670112,0.7164865261407541,0.006846970215679562,1.05,0.10803214623469262,0.5389514943655072,0.006280343859961695,0.54,0.06276600193366642,0.48763113586323015,0.0112032120191685,0.03,0.008813951082765552,0.7339455828935645,0.009937632787334658,P_longicornis,28,"Buendia Av., Pasay City"
1.15,0.05804148130291913,0.7227219762293172,0.005965975297133535,0.8,0.06969416936181286,0.48968550915158254,0.010516735767013854,0.27,0.04578249060271211,0.4832529894196457,0.011081199524197083,0.08,0.06568197910178152,0.7444360004342634,0.009933774834437087,P_longicornis,29,"Buendia Av., Pasay City"
1.06,0.0593182851988728,0.7510729613733905,0.004801767730421111,0.68,0.07397676142211645,0.5002991623454328,0.006830873554048664,0.49,0.07776797498702923,0.5090518013981,0.011053354842564379,0.05,0.01136287669984366,0.7317341549295775,0.00896786971830986,P_longicornis,30,"Buendia Av., Pasay City"
1.02,0.05271376191921535,0.7191011235955056,0.0075067803177063155,0.87,0.08715618724620898,0.5018994523656816,0.007005772361734669,0.51,0.09460039991139048,0.4962015934778581,0.008832067197825953,0.04,0.004566790213967634,0.7275213675213675,0.009914529914529915,P_longicornis,31,"Buendia Av., Pasay City"
1.55,0.07630215633012045,0.7328209559325117,0.006366819773523125,0.85,0.08811713026268411,0.5123029603998462,0.00860246059207997,0.58,0.09817161018468554,0.5177118238391575,0.009334609861177597,0.08,0.06083252536583199,0.7358704453441296,0.009824561403508772,P_longicornis,32,"Buendia Av., Pasay City"
0.83,0.04433826497691736,0.7125332242895114,0.006542629319157636,0.74,0.06324498692642117,0.47665207421304984,0.006775067750677507,0.43,0.06047821827476245,0.5056825051384355,0.012997219199613106,0.04,0.0691593410503401,0.748104829976175,0.009800736408923543,P_longicornis,33,"Buendia Av., Pasay City"
1.17,0.07610220837550778,0.7271220159151194,0.006583933308071239,0.65,0.056115445542303126,0.47998340593237915,0.012289981331673926,0.25,0.06543693000028077,0.5090176746422989,0.013526511963448359,0.05,0.06708252251181424,0.7436401353859592,0.00824325799759799,P_longicornis,34,"Buendia Av., Pasay City"
1.02,0.04756074479319261,0.699490137508369,0.007725189267137045,0.82,0.07083772960455043,0.4827358250699212,0.011187388761759471,0.36,0.03677166633864855,0.4981233579381959,0.01132240710621794,0.07,0.02570844537190141,0.7152507807023134,0.0088585813523676,P_longicornis,35,"Buendia Av., Pasay City"
1.04,0.043551765594869965,0.7072493422975739,0.006284712072493423,0.92,0.08178518617068345,0.5006811326262528,0.00817359151503357,0.32,0.03955348719004844,0.4897623862487361,0.009921638018200202,0.04,0.01461330409356725,0.7279934390377255,0.008146528157463095,P_longicornis,36,"Buendia Av., Pasay City"
1.37,0.05619651291912368,0.7305574340643416,0.006327891025021737,0.79,0.06697606393092505,0.49390885847495863,0.009023913370431643,0.48,0.06460126682000718,0.4933715068152113,0.009896060247712703,0.07,0.05166765437571401,0.7334106728538283,0.005278422273781902,P_longicornis,37,"Buendia Av., Pasay City"
1.15,0.058223481586886096,0.7229221556886227,0.0081437125748503,1.06,0.08399911755634963,0.49560946569429976,0.0068462568834648015,0.35,0.06124778956657408,0.47834907753756417,0.009192924618018133,0.06,0.01444957923771768,0.7270609624453156,0.00914720754502585,P_longicornis,38,"Buendia Av., Pasay City"
1.08,0.045131529221807,0.7202695496194308,0.00542977650652058,0.93,0.0801341908002536,0.48637519064565327,0.00864260294865277,0.32,0.04155956853872558,0.4816256220492535,0.013844583386499937,0.03,0.05654458402012668,0.7432388576373864,0.006057983556901774,P_longicornis,39,"Buendia Av., Pasay City"
1.32,0.05871627504472925,0.7263231197771588,0.005524605385329619,1.07,0.09408975025988914,0.5097405682790079,0.009265418606861161,0.38,0.04824482099741616,0.4835484687420906,0.007719564667172867,0.01,0.0014770011947431302,0.7345329204884034,0.008062160425308173,P_longicornis,40,"Buendia Av., Pasay City"
1.12,0.07291452736859776,0.7268036571014755,0.006110256178147914,0.86,0.0655939624849795,0.5061066428358654,0.009135140502432727,0.48,0.08807806942250929,0.5017657087189479,0.01309059912323429,0.03,0.0531179490111635,0.7456992817045934,0.008148729401822902,P_longicornis,41,"Buendia Av., Pasay City"
1.14,0.05735386106968207,0.7126448163184473,0.008763243885533222,0.88,0.08649448537359244,0.5091274974845479,0.008528580326769201,0.33,0.04214722754316772,0.4844516129032258,0.011096774193548388,0.09,0.023207142736265146,0.7198945538168153,0.009422850412249705,P_longicornis,42,"Buendia Av., Pasay City"
0.91,0.05883262673787595,0.7142996726757536,0.008256387708241731,0.68,0.07521066575535419,0.5172494719549402,0.0087303449894391,0.51,0.0661356219583878,0.4818193335867224,0.008425186874445711,0.02,0.0015416666666666669,0.7313812513531067,0.009958865555315003,P_longicornis,43,"Buendia Av., Pasay City"
1.07,0.04828009325768229,0.7157998138765381,0.006255816358184263,0.72,0.08432646353105602,0.5191309987029832,0.006994626644432092,0.47,0.05143808410077641,0.49548267326732676,0.011076732673267326,0.12,0.06815337559256092,0.7236384053902302,0.005670971364402021,P_longicornis,44,"Buendia Av., Pasay City"
1.22,0.05294067131573638,0.7138875767595654,0.006235238545111006,1.14,0.1105897829631066,0.533154960981048,0.005797101449275362,0.4,0.05227439363156032,0.48788971099728073,0.012078669449187377,0.04,0.01609752486785417,0.7178265589193101,0.00874442166204318,P_longicornis,45,"Buendia Av., Pasay City"
1.5,0.06255387741317765,0.7094359667761252,0.0066158006567510145,0.45,0.0477468767581836,0.4859929964982491,0.008954477238619309,0.42,0.05998788916118196,0.48766254360926103,0.01363780526482715,0.0,0.0005647130647130647,0.7334950615144689,0.009761450932825044,P_longicornis,46,"Buendia Av., Pasay City"
1.29,0.06284283656528211,0.7242764495208596,0.006243345271512922,1.09,0.10257131976432135,0.5203691307258296,0.008367600650282107,0.59,0.07866218487850293,0.5005558987029031,0.0118591723285979,0.02,0.0044155328798185945,0.743390105433901,0.009299810759664774,P_longicornis,47,"Buendia Av., Pasay City"
1.12,0.05536095562892555,0.712142752095691,0.0068630815236040985,0.79,0.059375119836889596,0.47252177519701366,0.005236416424720033,0.35,0.029433956916099773,0.4810069533865568,0.014743754828740664,0.11,0.05231603349756153,0.7369096509240246,0.009650924024640658,P_longicornis,48,"Buendia Av., Pasay City"
1.13,0.05347674108437181,0.730157208588957,0.006662193251533742,0.5,0.04689855645825026,0.4828903146959976,0.005957836846929423,0.48,0.08534810324524239,0.5065232177085266,0.01187163791504359,0.08,0.06796067618985333,0.7223864711447493,0.008632923368022705,P_longicornis,49,"Buendia Av., Pasay City"
1.04,0.04140102747047191,0.7108848705870435,0.005166388086916882,0.73,0.06663083912353945,0.48391608391608393,0.006475006475006475,0.44,0.08594815093298049,0.5121250224537452,0.014310520328124065,0.08,0.05249578648482786,0.7209962728509732,0.005561142992368219,P_longicornis,50,"Buendia Av., Pasay City"
1.11,0.06795393997899277,0.7209856536866689,0.005624136123159049,0.95,0.07435707721935124,0.4961820480404551,0.005764854614412136,0.19,0.05102152213763152,0.49759467127174045,0.013075120266436414,0.05,0.011814814814814816,0.7462896000863511,0.01009228776512494,P_longicornis,51,"Buendia Av., Pasay City"
1.51,0.06841429276968994,0.7200138606999653,0.007771892480570269,0.84,0.07121919593767181,0.5131623273497281,0.008470089994706194,0.43,0.08641123477915601,0.49994003358119454,0.007315903094267211,0.02,0.0074632243130227,0.7225516621743037,0.0088649296196466,P_longicornis,52,"Buendia Av., Pasay City"
1.13,0.06020677228991064,0.7396794125548491,0.0053281991582340826,0.75,0.056654140522518916,0.4684618222058281,0.007904305211571903,0.4,0.06325550087054933,0.5065837158733993,0.014677458323266489,0.03,0.025712560260912256,0.741058495821727,0.005738161559888579,P_longicornis,53,"Buendia Av., Pasay City"
0.94,0.04191084844483967,0.7102938154920896,0.005342099856174234,1.3,0.10536231944984616,0.5023527105185767,0.008626605234780904,0.47,0.07486646772263175,0.4897843000822316,0.007464102726295148,0.01,0.0014722222222222222,0.7335003267262035,0.010781964713570028,S_geminata,54,"Buendia Av., Pasay City"
1.09,0.05612117172229317,0.7101976595535451,0.00516274953289409,1.02,0.09134354865623935,0.49340697616559687,0.0063691098173856795,0.33,0.0514185450844602,0.47810504365958556,0.010165515443763847,0.13,0.06650393584182392,0.7275174421798605,0.008185463934516288,P_longicornis,55,"Buendia Av., Pasay City"
1.03,0.045233480756252074,0.728793830932635,0.00678985401813861,0.71,0.07133973482599971,0.5072129255626082,0.007741873437199461,0.37,0.05513958987834785,0.4831588242714772,0.007064463226945881,0.07,0.06906721622378023,0.7466475095785441,0.008939974457215836,P_longicornis,56,"Buendia Av., Pasay City"
1.3,0.07333932374311516,0.7494484452399783,0.004745452274903218,1.05,0.11200317038397509,0.5273520943624036,0.006408470325996099,0.34,0.055625072463670336,0.4722405380456284,0.013319266780957404,0.09,0.057291295024430276,0.735787410150294,0.005390982356785014,P_longicornis,57,"Buendia Av., Pasay City"
1.19,0.06313175130358986,0.7049454330940911,0.008258774948382657,0.77,0.06598785005271847,0.49583667736757625,0.011637239165329053,0.34,0.05351601215598392,0.49052265241439313,0.013858678764526754,0.02,0.008918192340067339,0.7268993839835729,0.005749486652977412,P_longicornis,58,"Buendia Av., Pasay City"
0.62,0.03442328251959177,0.7142068827129527,0.00591953446373031,0.91,0.0587859601817935,0.4885507836352534,0.010075310400977,0.49,0.08076072641962088,0.49972217077236525,0.009446193739581403,0.08,0.022893628835229423,0.7236714975845411,0.00574026712134129,S_geminata,59,"Buendia Av., Pasay City"
1.06,0.05426771030084587,0.7240126231232668,0.005976857607344363,0.76,0.07751852472288133,0.4939246962348117,0.010500525026251312,0.59,0.09032680259594562,0.5053299648776881,0.012138763941093105,0.04,0.011628754732150626,0.7369759294835575,0.009831619392021698,P_longicornis,60,"Buendia Av., Pasay City"
0.97,0.0480491967621319,0.7231260752027525,0.005799950847874171,0.68,0.07446484393021793,0.4983545360774105,0.006287145734073383,0.24,0.03468096913589967,0.49871754770096965,0.012449171097904286,0.02,0.017117851981981284,0.7465607337101419,0.007305108243574704,P_longicornis,61,"Buendia Av., Pasay City"
1.08,0.051769113430236116,0.714546891985374,0.006127087656883091,0.43,0.03418457884939425,0.4535192563081009,0.00619743249225321,0.27,0.037241458273289875,0.4793019997452554,0.0096166093491275,0.06,0.07150061209927572,0.7443303380402225,0.010109114249037227,P_longicornis,62,"Buendia Av., Pasay City"
1.35,0.07538017090735184,0.7384796998187108,0.004890594038534508,0.62,0.05438035881568699,0.47757483510908166,0.008168442415017758,0.38,0.04829721184180704,0.49084203288116524,0.009751828467837719,0.01,0.0019767528223410577,0.7338328820603237,0.007430262577923305,P_longicornis,63,"Buendia Av., Pasay City"
0.91,0.0561635189259467,0.7397656969856522,0.005221359308498969,0.65,0.04580430737109659,0.48240111969312116,0.009849152454512467,0.72,0.08877873277460235,0.4889817629179331,0.006775582573454914,0.02,0.010850601105137395,0.729529749892986,0.007643857396196416,P_longicornis,64,"Buendia Av., Pasay City"
1.34,0.0675844953845266,0.717899578382522,0.00637217324645458,0.67,0.06736707408510183,0.500927734375,0.008203125,0.4,0.06058803156801387,0.5013433302093095,0.01162136832239925,0.03,0.0074802929943907385,0.7336871508379889,0.0067597765363128495,P_longicornis,65,"Buendia Av., Pasay City"
0.96,0.05631829059260826,0.7271347434390912,0.006462984723854289,0.96,0.09565038962868483,0.5220687409887912,0.0059997209432119435,0.28,0.06376645702875315,0.5055854115089669,0.014793792645371655,0.12,0.07761005470238237,0.7328804054782703,0.006039038067507819,P_longicornis,66,"Buendia Av., Pasay City"
1.03,0.05048527734231237,0.7135067533766883,0.007953976988494246,0.99,0.09527920401685855,0.5084566596194503,0.008024216798001154,0.52,0.06857863600593853,0.4972722142095692,0.0111619740390042,0.08,0.07749148733575525,0.7388117885544987,0.005717552887364208,P_longicornis,67,"Buendia Av., Pasay City"
1.17,0.08143046361750818,0.7422860384934317,0.005149914895474185,1.01,0.09112053145280832,0.5091585855617592,0.006758742286218043,0.33,0.057323150058692866,0.47188454787752715,0.008385880517454333,0.03,0.008198829760737247,0.727751448130595,0.005558481071909192,P_longicornis,68,"Buendia Av., Pasay City"
0.93,0.04553065553492533,0.708489135927236,0.0052551793835270335,0.7,0.06905827491792006,0.47731040198922503,0.008910070451719852,0.33,0.04162529906699855,0.4848314606741573,0.0116729088639201,0.04,0.07792118546214598,0.7308402879531121,0.00949225966745238,P_longicornis,69,"Buendia Av., Pasay City"
0.79,0.0345659379688607,0.7053417576105686,0.005326092632238526,0.84,0.0880612479597692,0.4950500025126891,0.005578169757274235,0.5,0.06961610463138003,0.4919436052366566,0.013658106747230614,0.01,0.0015379818594104307,0.7321338771861206,0.005643403922445103,S_geminata,70,"Buendia Av., Pasay City"
1.26,0.06084086321884486,0.7134640392117635,0.008902670801240372,1.12,0.11459987293815939,0.5315951880506239,0.005903134922409552,0.34,0.052031773856194695,0.49293364598517014,0.010583687179162178,0.07,0.06578155843808045,0.7400788294368554,0.009826683224447925,P_longicornis,71,"Buendia Av., Pasay City"
0.81,0.037076046895491335,0.7006597745337421,0.00753285884981038,1.2,0.12765183195782012,0.5371519070872377,0.006071004355285733,0.34,0.06911255605914662,0.4944416996047431,0.012351778656126482,0.02,0.009893599947613985,0.7195616188138593,0.0068497060334493974,S_geminata,72,"Buendia Av., Pasay City"
1.02,0.04275343285462333,0.6984760903836048,0.009196006305832895,0.84,0.06449892982531871,0.49067307200899474,0.006081668114682885,0.29,0.04153445997597149,0.48160514048129016,0.00812649615723825,0.03,0.008447649338305184,0.7318555595280658,0.010547014658562746,P_longicornis,73,"Buendia Av., Pasay City"
1.15,0.054158498003771545,0.7143863179074447,0.006287726358148894,0.74,0.054978708686203526,0.4788320418740699,0.009493508492841382,0.41,0.059594972700926965,0.4934169278996865,0.009780564263322885,0.02,0.009005002986857826,0.7353463587921847,0.00994671403197158,P_longicornis,74,"Buendia Av., Pasay City"
1.38,0.06749525816531772,0.7108359426890597,0.006120125249074865,0.93,0.07403737174492106,0.4799165096981113,0.009367204602148347,0.35,0.07617857517027904,0.49305855494539397,0.013882890109212068,0.09,0.018416666666666668,0.7374551971326165,0.0076164874551971325,P_longicornis,75,"Buendia Av., Pasay City"
1.13,0.05551390907123585,0.7127504376580431,0.00748881540556312,0.91,0.08171968532742845,0.49302575107296137,0.00907140070230199,0.42,0.061984254380379154,0.5034587378640777,0.011953883495145631,0.07,0.013448372615039282,0.7328774928774929,0.005584045584045584,P_longicornis,76,"Buendia Av., Pasay City"
1.1,0.05992938164786254,0.7331634510374955,0.00673461958500182,0.89,0.07904621315914323,0.5259633027522935,0.007064220183486239,0.34,0.04655765027456204,0.44657960619798365,0.006969348399756411,0.05,0.07767450733291925,0.7480068034442436,0.009779951100244499,P_longicornis,77,"Buendia Av., Pasay City"
1.27,0.06522695073725306,0.7304488040849234,0.004926990952252979,0.85,0.07414532687952387,0.49776230730979615,0.009099950273495774,0.55,0.07067910622476997,0.5009200196270854,0.010549558390578999,0.05,0.040148217128581604,0.7149506505159264,0.006280843427545985,P_longicornis,78,"Buendia Av., Pasay City"
1.08,0.051554466754372155,0.7263713862120089,0.004818383988139363,1.15,0.08707612742728367,0.4807085786375105,0.0055719091673675355,0.58,0.07058069012473565,0.4825445099157321,0.01064436418931762,0.04,0.05382123693661386,0.7394935050758651,0.00895098788341884,S_geminata,79,"Buendia Av., Pasay City"
1.19,0.06554431635726997,0.7313344824457951,0.005715322507484351,0.87,0.07951984598116012,0.48149092392412807,0.01004487048745666,0.31,0.04333822473114091,0.4757073170731707,0.010926829268292682,0.03,0.007870738636363636,0.7333296380466715,0.009256693087966299,P_longicornis,80,"Buendia Av., Pasay City"
0.73,0.03154343279428157,0.7114794352363413,0.00915694700225087,0.97,0.09636351878879405,0.5239628540762518,0.007186522936207943,0.26,0.051683903281583905,0.48974899406016476,0.01264610078559111,0.17,0.06910323340114258,0.7303974221267454,0.005766295437842727,S_geminata,81,"Buendia Av., Pasay City"
1.05,0.05027779565492686,0.7029702970297029,0.007036236618585716,0.69,0.06310806014143829,0.4990232467278765,0.006397733932408674,0.57,0.10770548084862415,0.5116195280129706,0.01008827238335435,0.0,0.0,0.7157344806392133,0.005531653349723417,P_longicornis,82,"Buendia Av., Pasay City"
1.03,0.06942088825594678,0.7277580071174378,0.0071642629705937445,0.8,0.07266820600831439,0.5102541883304448,0.009050645099171962,0.55,0.07398817896103727,0.49512089004910187,0.008515134563987817,0.03,0.010866599775071938,0.724213260908071,0.009860069669953356,P_longicornis,83,"Buendia Av., Pasay City"
0.92,0.05127205413405904,0.7237845786232883,0.005698005698005698,0.9,0.0767093542125563,0.48109597428440226,0.008418796877391704,0.44,0.05541759829022903,0.4869855675300939,0.01411735047583034,0.07,0.0787685152497652,0.7348183802540997,0.00912296412380366,P_longicornis,84,"Buendia Av., Pasay City"
1.25,0.05692156536389034,0.7111428571428572,0.007333333333333333,0.77,0.06159808781297356,0.4730346401161585,0.009541588881974695,0.41,0.04127852120573364,0.48909501128102284,0.009087490599147655,0.06,0.023709048499469705,0.7340785169029443,0.0056706652126499455,P_longicornis,85,"Buendia Av., Pasay City"
1.03,0.053160066098983674,0.7327162555465433,0.007013693401402739,0.75,0.09574476805955684,0.5128937101532021,0.009039870587115806,0.56,0.07306967341283249,0.5050680927802997,0.012810148622598097,0.03,0.0065694444444444455,0.7458486838592557,0.0098777297239575,P_longicornis,86,"Buendia Av., Pasay City"
1.31,0.05961546945252193,0.7247422680412371,0.004779756326148079,0.58,0.05180017882977335,0.479874084012798,0.006553823924037568,0.46,0.06862216990681472,0.5106613661004699,0.01240814359715697,0.02,0.006074829931972789,0.7485402666079101,0.009970254489368734,P_longicornis,87,"Buendia Av., Pasay City"
1.1,0.05508117749965068,0.7208042207329246,0.005085793051000523,0.74,0.07107915308930864,0.4962846316618277,0.006741794203041189,0.26,0.025495156492668928,0.4965521564694082,0.012224172517552657,0.14,0.10330762916805986,0.7361218408564176,0.009601589228561969,P_longicornis,88,"Buendia Av., Pasay City"
1.23,0.06949567707922023,0.7106674612634089,0.0060091378625347636,1.02,0.09397847277878593,0.5144888974892361,0.008514343766629578,0.45,0.06252282923477877,0.49048785081936336,0.008287813147485402,0.07,0.016086682557956422,0.7521188657528514,0.008737051375954798,P_longicornis,89,"Buendia Av., Pasay City"
1.78,0.10870227633537194,0.763621418506341,0.004305620792234226,0.96,0.08588989300781966,0.47573472041612486,0.005565669700910273,0.46,0.05163305026689701,0.4777484382044181,0.009467379403619502,0.01,0.004378337147215866,0.7408733419415424,0.008569080878037328,P_longicornis,90,"Buendia Av., Pasay City"
0.91,0.049567107701891315,0.7360170054470573,0.0051813471502590676,1.12,0.0972399987994277,0.48972773511518897,0.006582227984442007,0.28,0.0402194913091399,0.49142242197885677,0.013546875989111857,0.04,0.006929032144925963,0.7257677683533197,0.009827434922491957,S_geminata,91,"Buendia Av., Pasay City"
1.13,0.06950043082230412,0.7351147776183644,0.005738880918220947,0.7,0.06396014026518519,0.4993143304927025,0.009011656381624057,0.53,0.058569943698904905,0.4877252464368682,0.01293401142713631,0.05,0.008312925170068028,0.7365138417769996,0.010340299813984025,P_longicornis,92,"Buendia Av., Pasay City"
0.76,0.03465451160386797,0.7219230769230769,0.007596153846153846,1.31,0.11521575229361665,0.5171864756017608,0.006322000561955606,0.53,0.08246446374071258,0.5043147667612093,0.010077846840866574,0.01,0.005102548785344484,0.7349249178789301,0.006628343500703895,S_geminata,93,"Buendia Av., Pasay City"
0.82,0.04320894030648663,0.7116845229113223,0.005231125194909713,0.94,0.07581412613765247,0.4512215028021111,0.005332172588280102,0.33,0.06475035413712758,0.5023760204703303,0.013342268794931157,0.12,0.08321467341602017,0.7335092348284961,0.005670016280244765,S_geminata,94,"Buendia Av., Pasay City"
0.77,0.04067233300961229,0.7106119129904452,0.009199024191908925,0.82,0.08915587856419956,0.5235520872508462,0.00686348251222264,0.18,0.053939965669360046,0.5074974610191768,0.011290997072704463,0.04,0.012357426303854875,0.7263030442804428,0.005765682656826568,S_geminata,95,"Buendia Av., Pasay City"
1.33,0.08191802317242602,0.7263243831640058,0.006213715529753265,0.69,0.06529778555937704,0.4732245581006171,0.011557368476100826,0.34,0.034452663585119406,0.4552596537949401,0.006924101198402131,0.07,0.02727808748884121,0.7050847457627119,0.007344632768361582,P_longicornis,96,"Buendia Av., Pasay City"
0.84,0.03937022487205235,0.7055465353794584,0.0077515319750693975,0.91,0.06364951182209914,0.4639699973211894,0.005143316367532815,0.25,0.04674236726746962,0.46730345334313006,0.00881704628949302,0.01,0.003799390968508616,0.7350390815828041,0.006472887151929653,S_geminata,97,"Buendia Av., Pasay City"
1.08,0.06682779229218767,0.7303458042117765,0.00566442830386917,0.85,0.07286547550615233,0.5041836933255497,0.010507880910683012,0.43,0.09063030916060008,0.5099824018447722,0.011347775957278962,0.04,0.018409451207383538,0.7233053729313081,0.008671503060530493,P_longicornis,98,"Buendia Av., Pasay City"
1.03,0.04053669607141829,0.7157621448899096,0.008887113685156524,0.73,0.06817610904184222,0.4825638128498793,0.008576857891222844,0.38,0.060280981741719655,0.50651712640194,0.013519248257047591,0.03,0.04124196062389432,0.7296287648844269,0.0058954004202661685,P_longicornis,99,"Buendia Av., Pasay City"
1.01,0.05487394060631948,0.6619988657680059,0.006456397504689613,0.64,0.05276475310581493,0.4428174703357738,0.008634183287048725,0.3,0.035402279040664605,0.41596925175128635,0.0066331907507284115,0.06,0.07732968720408967,0.6661875673733382,0.00523587084851907,P_longicornis,0,"Gil Puyat Av., Makati area"
1.34,0.070452305377886,0.643481150887855,0.0075016617605165705,0.82,0.06286587563670898,0.4709452355920864,0.0064513045971518685,0.41,0.08270978862312729,0.4521865889212828,0.012361516034985422,0.06,0.05879676869105282,0.6451708943670359,0.009050851494581399,P_longicornis,1,"Gil Puyat Av., Makati area"
1.38,0.07372266839239311,0.6668791549039249,0.004735452144613423,0.57,0.05400351037851037,0.4552499031383185,0.008087950406819063,0.43,0.06932581082344032,0.4534092890774865,0.009649479741905482,0.03,0.008468492660221984,0.6320134793597304,0.005447907891041842,P_longicornis,2,"Gil Puyat Av., Makati area"
1.09,0.058558172082361706,0.6478394332939788,0.005714285714285714,0.49,0.05494663136165329,0.4603575592693354,0.011853867081228138,0.44,0.06477571952676602,0.44469633695263094,0.014079465457582627,0.07,0.037996904529162594,0.6123303235065478,0.005561203133409077,P_longicornis,3,"Gil Puyat Av., Makati area"
1.34,0.06368449070897633,0.6547415978977457,0.00576275874786778,0.94,0.07546089777492332,0.46163552535792285,0.00761950982771172,0.29,0.0462718763164827,0.44486601849656154,0.013101731088451507,0.03,0.01323611111111111,0.6265951439864483,0.005759457933370977,P_longicornis,4,"Gil Puyat Av., Makati area"
1.22,0.05378112396323083,0.6324472049689441,0.006857142857142857,0.62,0.06265257350082584,0.4664756446991404,0.005396370582617001,0.27,0.054188958277215586,0.4419281978126486,0.015335235378031383,0.04,0.03580069889046584,0.6422382058107267,0.0055502067168828224,P_longicornis,5,"Gil Puyat Av., Makati area"
1.07,0.044965568639179755,0.6475064996454739,0.007468683526353108,0.96,0.1054303263711375,0.48457174484571747,0.005258060052580601,0.48,0.07380727095063831,0.46358519529251235,0.009494570470180227,0.05,0.03283391548881223,0.6301278555414167,0.00527176876931467,P_longicornis,6,"Gil Puyat Av., Makati area"
1.14,0.060149670367907575,0.6427659272572482,0.005155370571820461,0.69,0.09359559505150984,0.4862730861732541,0.0087126196850751,0.6,0.0742984931867271,0.42974402626618835,0.008268985225269046,0.08,0.057177871847148655,0.6586813981103826,0.006505240332490061,P_longicornis,7,"Gil Puyat Av., Makati area"
1.13,0.06886304706037812,0.667760095748925,0.006205948845250233,0.87,0.07027010970148224,0.4706756109247724,0.007714422616195496,0.39,0.06210467423404999,0.4503315109922066,0.01273700127951611,0.12,0.07718359484745323,0.662862430598396,0.009304955788607855,P_longicornis,8,"Gil Puyat Av., Makati area"
1.29,0.0666293934155401,0.6580461051411245,0.006510010255495608,0.78,0.062024247071202694,0.45668286457566387,0.00755902419869435,0.42,0.07923836454865904,0.43707851637764933,0.006201830443159923,0.07,0.013305555555555553,0.656805346873219,0.008807833790995286,P_longicornis,9,"Gil Puyat Av., Makati area"
1.44,0.08795921160860197,0.6883116883116883,0.004490836266537201,0.65,0.055348600073771216,0.44400435686701656,0.005594613328052282,0.58,0.08794196544665221,0.4493432324386065,0.013135351227869789,0.08,0.07291172853071712,0.6478304742684158,0.008656859100323969,P_longicornis,10,"Gil Puyat Av., Makati area"
1.01,0.041756396381396374,0.6345815531540588,0.0051269163106308115,0.99,0.08110696206398697,0.451660662290875,0.008932537136653013,0.3,0.05958621308747439,0.45163197729422894,0.009992904446546831,0.06,0.05723947929668832,0.6349004168596573,0.008047707271885132,P_longicornis,11,"Gil Puyat Av., Makati area"
1.21,0.06191902795859697,0.6631281607362522,0.004966057679165338,0.84,0.062212009597661225,0.4434541792547835,0.007150050352467271,0.31,0.032333304362369183,0.4321915732040012,0.009396786905122764,0.06,0.01965063159104306,0.6417773952337403,0.009467964925493571,P_longicornis,12,"Gil Puyat Av., Makati area"
1.05,0.06107927617375633,0.6752915766738661,0.005183585313174946,0.66,0.0682467616805852,0.46293706293706294,0.009983120327947913,0.34,0.04765495636721442,0.42214511431935065,0.01301195860957928,0.06,0.06428244182835048,0.643586379969201,0.00615981292420008,P_longicornis,13,"Gil Puyat Av., Makati area"
1.14,0.053730148230148225,0.6408967726040897,0.0051244148805124415,0.86,0.0909817804673685,0.4630898576080089,0.006317733391650872,0.44,0.08435474581492901,0.43036897453042366,0.006321804145644642,0.1,0.09217952665813223,0.6597392013039934,0.006112469437652812,P_longicornis,14,"Gil Puyat Av., Makati area"
1.49,0.08222503149012947,0.6789227947306987,0.004418876104719026,0.71,0.06927332638562747,0.45941866692633526,0.007643994352207995,0.42,0.061222944797823,0.44787690139190695,0.014623832736242438,0.03,0.010746488179283878,0.6504437446321214,0.005496707701116519,P_longicornis,15,"Gil Puyat Av., Makati area"
1.49,0.09273466089888889,0.6917062061112166,0.004327196811539192,1.04,0.096739648980013,0.48072994056463597,0.005386329866270431,0.2,0.04688112008686831,0.4258804761320407,0.00901951159651491,0.05,0.05373525913629814,0.6588440313679931,0.008771420273017716,P_longicornis,16,"Gil Puyat Av., Makati area"
1.05,0.0662150307991847,0.6542471217478016,0.006572386909618348,0.83,0.08918956151281074,0.4606529625151149,0.006626360338573156,0.5,0.04970036500096024,0.4033460865054147,0.006679203683289022,0.04,0.01200658267444392,0.6556409080486127,0.008598945196055951,P_longicornis,17,"Gil Puyat Av., Makati area"
1.32,0.06830983367383367,0.6744464392579294,0.005001282380097461,0.91,0.07879149093282821,0.45542358681188705,0.008624513331033463,0.36,0.057796090078349335,0.4184854811159613,0.009615992914531536,0.05,0.032231281695074214,0.6375869028930253,0.005382372729311505,P_longicornis,18,"Gil Puyat Av., Makati area"
1.09,0.06170790945772033,0.6533236071851919,0.005607732287772408,0.71,0.05485775828333939,0.44859906271811745,0.01121746933891714,0.38,0.07106960571994557,0.44015421115065245,0.012692763938315539,0.05,0.012805555555555556,0.6554004408523145,0.006560302298729926,P_longicornis,19,"Gil Puyat Av., Makati area"
1.16,0.05512510912830929,0.6436345229055935,0.005213869906352822,1.0,0.07577827691783183,0.45239746383990487,0.007132950267485635,0.18,0.037994547593743155,0.4384444043103967,0.00776593823370056,0.05,0.0074305555555555566,0.6565907094507312,0.005373843848498941,P_longicornis,20,"Gil Puyat Av., Makati area"
1.1,0.06411570814180935,0.6548076022844302,0.006694129763130793,0.69,0.04934379547921215,0.4503812989084384,0.01096545880476499,0.33,0.04879606122971919,0.4409556720686368,0.010426596758817921,0.14,0.03625087111225401,0.6524096385542169,0.009036144578313253,P_longicornis,21,"Gil Puyat Av., Makati area"
1.29,0.06865898099984663,0.6736228127025276,0.005184705119896306,0.73,0.05473707175177764,0.46700654097729893,0.0076471719892266254,0.34,0.03618839616782654,0.4178775869660942,0.007988928728690947,0.08,0.015388888888888886,0.6519970414201184,0.006973795435333897,P_longicornis,22,"Gil Puyat Av., Makati area"
1.19,0.04569598765432098,0.6371247399187556,0.006291489150896661,0.71,0.08878676632778557,0.490519410496046,0.007952911574406902,0.37,0.05577072673542406,0.43736198149806027,0.015338704864219637,0.04,0.009755044459439945,0.6482346241457859,0.009965831435079727,P_longicornis,23,"Gil Puyat Av., Makati area"
1.5,0.07502873839152875,0.6726511071214841,0.004830298367102676,0.97,0.09856833654638905,0.4595286390418236,0.007147686660871245,0.41,0.07049822348403621,0.43830295787272183,0.01254855094114132,0.06,0.02485189633111533,0.6523200705389618,0.007825416069657224,P_longicornis,24,"Gil Puyat Av., Makati area"
1.31,0.06509632174753946,0.6529241246031381,0.005981686835687664,0.43,0.034782316630355845,0.4552670259676629,0.011464968152866241,0.26,0.025055555555555553,0.42646062919411437,0.008926922366557902,0.09,0.07183155186773568,0.6436130807492857,0.00820192612974918,P_longicornis,25,"Gil Puyat Av., Makati area"
1.12,0.05956726926568076,0.6716981132075471,0.00614304519526108,0.65,0.06562395788314403,0.4646547959827277,0.009897627480471592,0.42,0.0660781731116733,0.4472444653791804,0.00730098916627414,0.08,0.05013302918594273,0.6326810643121346,0.007874955255936046,P_longicornis,26,"Gil Puyat Av., Makati area"
0.84,0.04143607015984198,0.6563951616612242,0.0063468702570942375,0.64,0.06972509984647665,0.45875182837640177,0.010628961482203802,0.29,0.04221043099950991,0.41981697696434206,0.01154938466393184,0.1,0.020110549943883275,0.6287170773152082,0.005097706032285472,P_longicornis,27,"Gil Puyat Av., Makati area"
1.25,0.06614052393698923,0.6399750216159094,0.006772984916898837,0.68,0.053691092851845194,0.4676238196184236,0.008864906533050684,0.27,0.04774018957108091,0.4375529468715963,0.01167856710637783,0.12,0.06803235330154514,0.6515483767449324,0.007541316788789646,P_longicornis,28,"Gil Puyat Av., Makati area"
1.27,0.06472276507246519,0.6459078978764018,0.006633261751371988,0.7,0.06160826471762248,0.431529965228063,0.008488443444467171,0.32,0.06432896152989938,0.4670391692064567,0.0122474319900666,0.15,0.08985728491465324,0.6622090392639888,0.006786989090543462,P_longicornis,29,"Gil Puyat Av., Makati area"
1.42,0.07915494260665851,0.6669001138054802,0.006565700779129826,0.93,0.088680185624276,0.4833905539575021,0.008443908323281062,0.53,0.061254178450848365,0.448899230356184,0.013603006980490424,0.1,0.02334247923525161,0.6351733287189248,0.006863932629636038,P_longicornis,30,"Gil Puyat Av., Makati area"
1.18,0.07020866222372198,0.6585677749360613,0.005480453050785532,0.74,0.06124618556360406,0.42180218859626156,0.005131158699408346,0.43,0.06187944548323529,0.4360274381151208,0.00918580375782881,0.02,0.010167239404352806,0.650634278002699,0.0065317139001349524,P_longicornis,31,"Gil Puyat Av., Makati area"
1.12,0.0627735467970492,0.6607159374710943,0.006844880214596245,0.66,0.05913997513937127,0.4659052412524803,0.009098388423752601,0.41,0.05113593599396339,0.44410422670509125,0.009726224783861672,0.08,0.014250000000000002,0.637150946538611,0.005607061566646311,P_longicornis,32,"Gil Puyat Av., Makati area"
0.93,0.04151272813443866,0.6126126126126126,0.005458399576046635,0.67,0.05338505579731527,0.45069018787063336,0.006876962176708028,0.32,0.05254104886130643,0.4390095885422988,0.011591212525791966,0.02,0.006928480204342274,0.6537870876589471,0.008600036857300817,P_longicornis,33,"Gil Puyat Av., Makati area"
1.2,0.05816466256621994,0.6596298834818368,0.005346127484578478,0.67,0.07329742263478348,0.4745285674078244,0.005629045876723895,0.48,0.057099169810998676,0.42883446879027803,0.006321733259682072,0.15,0.09342587970622583,0.659170653907496,0.00531632110579479,P_longicornis,34,"Gil Puyat Av., Makati area"
1.45,0.07846275503260386,0.6628088137102159,0.005564210994880926,1.0,0.08619443510914436,0.4771045978087836,0.008661859724693324,0.43,0.05660344495260445,0.4349762108088325,0.008417713797730876,0.11,0.052441627091136894,0.6440826139219757,0.005518522565839799,P_longicornis,35,"Gil Puyat Av., Makati area"
1.07,0.057330047201321475,0.6446447856505612,0.006902380616988308,0.55,0.04969970866469926,0.4442013129102845,0.00810622637756117,0.38,0.08281372337274182,0.4540420819490587,0.01375531852888034,0.03,0.008314814814814815,0.6360698125404007,0.00953458306399483,P_longicornis,36,"Gil Puyat Av., Makati area"
1.12,0.05668918539774926,0.6495540980512433,0.006464398622186571,0.93,0.08538658118738528,0.4702452081640457,0.0065962430094163756,0.33,0.05351785302059805,0.45697907709945546,0.011808541129263399,0.08,0.08631799426327551,0.6587334437086093,0.007760761589403973,P_longicornis,37,"Gil Puyat Av., Makati area"
1.56,0.08125769436771463,0.6741276595744681,0.0051489361702127655,0.88,0.08493687839950634,0.47608254238088493,0.0076970297964773105,0.75,0.11226946165205307,0.4714494054296612,0.0118914067758582,0.04,0.00908701814058957,0.6458832498366369,0.010509692877368765,P_longicornis,38,"Gil Puyat Av., Makati area"
1.09,0.050547406196198096,0.6545805116629044,0.00536117381489842,0.6,0.06109987369351126,0.4507218768798877,0.005764988971325446,0.46,0.06196644609996215,0.4420582986317668,0.01189767995240928,0.02,0.008167848098403653,0.6345976557355459,0.005333860134334255,P_longicornis,39,"Gil Puyat Av., Makati area"
1.36,0.07661741355696251,0.6844429630864095,0.004541288225981168,0.9,0.08923106211512107,0.4747092615945075,0.010321797207043109,0.38,0.03403465207631874,0.442861473173689,0.012731130645650197,0.1,0.05992152286724038,0.6592229875161429,0.006080499354283254,P_longicornis,40,"Gil Puyat Av., Makati area"
1.08,0.04790186873249204,0.6547014856510104,0.0065054904493863615,0.88,0.08908825002577636,0.4691275806298164,0.008324612310912378,0.32,0.08349312682647461,0.4451270428247644,0.010974591435047119,0.03,0.005019329896907216,0.67105609691862,0.0071108770081643406,P_longicornis,41,"Gil Puyat Av., Makati area"
0.98,0.05091782563259823,0.6367917657911346,0.006165946497062679,0.94,0.1013495726279703,0.48963506310082466,0.007016264977903321,0.39,0.05297847305620521,0.4353437729385858,0.007646195253241987,0.06,0.044734178542243375,0.639508864536118,0.0053933100005737564,P_longicornis,42,"Gil Puyat Av., Makati area"
1.11,0.04789442003802196,0.5983191406467413,0.005064841097567763,0.59,0.0615090575231082,0.4437019544792242,0.008742400643119128,0.44,0.05421765280060223,0.4388027792624265,0.010867628719045074,0.06,0.01166249603957983,0.6467551213012824,0.007661133625714762,P_longicornis,43,"Gil Puyat Av., Makati area"
1.07,0.057871933845101246,0.657448427081935,0.007517787622499664,0.97,0.08553226999630535,0.4733472512178149,0.008211551844119694,0.33,0.04601889890378228,0.43340952839268526,0.009925409047160732,0.18,0.074807285926787,0.6483923080931784,0.007816978477252592,P_longicornis,44,"Gil Puyat Av., Makati area"
1.47,0.07867872668973536,0.6660681420298963,0.005207164339902141,0.62,0.05726297239168573,0.42976306227931016,0.0055268410009723145,0.59,0.07692401789185008,0.43288228954616215,0.006825529876661477,0.06,0.02129037800687285,0.6461442786069652,0.008447346600331675,P_longicornis,45,"Gil Puyat Av., Makati area"
1.18,0.06741290954556244,0.6664714099040238,0.004821340062181769,0.5,0.06522327968445643,0.4668344333127582,0.009543706376715255,0.39,0.06090546633137976,0.4281391830559758,0.012344931921331317,0.06,0.025920369006709215,0.6644860791291606,0.006751099016118903,P_longicornis,46,"Gil Puyat Av., Makati area"
0.93,0.03841649898209264,0.617036805338338,0.0059430716296528,0.75,0.08065376318103683,0.4832986832986833,0.006237006237006237,0.43,0.07500791675967328,0.4472718664930761,0.007397325127233992,0.06,0.013708333333333335,0.6526837588614679,0.009754277490538884,P_longicornis,47,"Gil Puyat Av., Makati area"
1.34,0.07309681417577522,0.6960193481880897,0.004400919831892792,0.75,0.0682432410437171,0.44790787710329083,0.005559140318657865,0.36,0.06971999099893642,0.46225312609559427,0.011277316816641346,0.05,0.0632796790053517,0.6552824768592403,0.009575486753909991,P_longicornis,48,"Gil Puyat Av., Makati area"
1.08,0.050125335983685675,0.6512458776108465,0.006916452913155002,0.85,0.06864771526515798,0.435161404038878,0.0072518507327390845,0.43,0.07050904168779508,0.4620583013573106,0.00933508962831453,0.04,0.008648734341813773,0.6476580666592847,0.010021038644668365,P_longicornis,49,"Gil Puyat Av., Makati area"
1.27,0.06496412518186712,0.6385026737967915,0.008167233835683034,0.58,0.056061483469400215,0.43866133360336185,0.008050225305047846,0.3,0.05332100638422907,0.450276082534147,0.012147631502470212,0.1,0.067078040135014,0.640696709980647,0.0051423831904893556,P_longicornis,50,"Gil Puyat Av., Makati area"
1.17,0.06212786738468034,0.6583595782555114,0.00460997763476197,0.4,0.043293384993107635,0.44970589689091,0.009342098759329742,0.3,0.035930555555555556,0.4321534818772388,0.008499787505312367,0.06,0.022509025218143405,0.6445350209160141,0.009599914190711144,P_longicornis,51,"Gil Puyat Av., Makati area"
1.07,0.054087635615413396,0.6400677425782029,0.006774257820282925,0.59,0.07198347254999303,0.47850414995803414,0.009232490907395318,0.45,0.07041297898567753,0.45501195404979883,0.013936672692285264,0.05,0.012218714927048261,0.6454314583671044,0.008915545469281893,P_longicornis,52,"Gil Puyat Av., Makati area"
1.41,0.08368262715900199,0.7020065075921909,0.004338394793926247,0.78,0.07200297916517931,0.4610113877629801,0.008540822235089751,0.42,0.057443818807091596,0.44009312876843176,0.012297773267267626,0.06,0.07569464411046307,0.6716274846130562,0.008223186358591464,P_longicornis,53,"Gil Puyat Av., Makati area"
1.3,0.06679255966934493,0.6595656384008853,0.0056254899248397655,0.73,0.05895188406746714,0.4530222590229409,0.0068676635331937075,0.23,0.044172419949008744,0.44694362017804157,0.011097922848664689,0.08,0.07352490070703402,0.6655081184831665,0.005239404471650153,P_longicornis,54,"Gil Puyat Av., Makati area"
1.38,0.08979934714086146,0.6811409809152473,0.004555715165195978,0.82,0.06076555429634504,0.4403481566705017,0.00765344404982242,0.53,0.09867810125084492,0.4400679913252447,0.00703358537014243,0.11,0.07187440410656344,0.6371829465731247,0.005504587155963303,P_longicornis,55,"Gil Puyat Av., Makati area"
1.41,0.08087299413816613,0.6924693659039537,0.004322480866082405,0.71,0.07897325896343199,0.4817467652495379,0.008364140480591498,0.5,0.07100076082111836,0.44390446275114087,0.009897469329698335,0.1,0.02235535331600222,0.6394324039687379,0.0050440662934427135,P_longicornis,56,"Gil Puyat Av., Makati area"
0.84,0.03734664936401048,0.6374803459119497,0.008156446540880503,1.0,0.10982115547514333,0.481404768480162,0.00883733775200221,0.39,0.07124032822348411,0.45512449334105387,0.008801389693109438,0.04,0.008994614512471655,0.6311150778155854,0.005578178167010654,S_geminata,57,"Gil Puyat Av., Makati area"
1.35,0.0671113014754386,0.6657608695652174,0.004632929436920884,0.86,0.07075509050349588,0.47212929369080714,0.009942044008858314,0.48,0.06963145409911567,0.4576407660896072,0.008051992868234888,0.11,0.06612252506238836,0.6484828386668877,0.005913889349472172,P_longicornis,58,"Gil Puyat Av., Makati area"
1.26,0.07258070193679168,0.6707035755478662,0.004746695058113743,0.87,0.08529710745128338,0.478388176240937,0.00915597694738799,0.35,0.039902723517881836,0.4214794789874662,0.011489309412632097,0.08,0.06979608706739011,0.6554293064637153,0.008200235823775324,P_longicornis,59,"Gil Puyat Av., Makati area"
1.48,0.07713096014180518,0.6631871035940803,0.005373502466525722,0.84,0.07939489803478741,0.48589185265831975,0.006804572672836146,0.57,0.089390847373901,0.4524063537221432,0.014046941678520625,0.09,0.0871434685838559,0.6502355131996933,0.005477051155657794,P_longicornis,60,"Gil Puyat Av., Makati area"
1.12,0.053719878213448674,0.675167077031305,0.005759760816039395,0.73,0.07683836012775273,0.4782263339874778,0.008036632090458835,0.46,0.0540684578216041,0.44439157844653265,0.008445343166408945,0.06,0.06248696739013418,0.6545651430525475,0.0063262282001595805,P_longicornis,61,"Gil Puyat Av., Makati area"
1.23,0.0701142299405983,0.6758576874205845,0.004489623041084286,0.86,0.08187542744344087,0.4776070304055642,0.005968325579209549,0.42,0.05839193459340688,0.4509470474403331,0.012783674426787076,0.03,0.012284832513083165,0.6436797752808989,0.008286516853932585,P_longicornis,62,"Gil Puyat Av., Makati area"
0.9,0.03970212913828505,0.6182945736434109,0.005581395348837209,0.76,0.06217442029389698,0.4439092915914108,0.0089805338149709,0.25,0.046402468442484204,0.4387626641088664,0.01474731730711588,0.11,0.06339355368820583,0.6446121545707314,0.007944163876751972,P_longicornis,63,"Gil Puyat Av., Makati area"
1.63,0.08797237072081747,0.6961225982827,0.004196988949212583,0.8,0.07338192019987654,0.4632356491092551,0.009704050596243905,0.51,0.07881297886130073,0.44632968068811124,0.016083421703782255,0.03,0.009808484907785056,0.6453184824225549,0.008295625942684766,P_longicornis,64,"Gil Puyat Av., Makati area"
1.25,0.05774993000602781,0.6327020138923592,0.005247114087252012,1.14,0.11341493026258416,0.4886782996947469,0.005877260923048886,0.46,0.037528064146620854,0.4132939074724327,0.0070843343805827635,0.02,0.007027777777777779,0.6563965884861407,0.005490405117270789,P_longicornis,65,"Gil Puyat Av., Makati area"
1.05,0.07251201679120758,0.6632211326088877,0.0060959448714550755,0.9,0.08472676501212055,0.472773585812467,0.006872687076464651,0.54,0.07524810225783561,0.43950528768596525,0.011531337754675271,0.01,0.032074014830633026,0.658003235739262,0.00772402275455352,P_longicornis,66,"Gil Puyat Av., Makati area"
1.13,0.052911356237734374,0.6326243980738363,0.005116372391653291,0.68,0.06591365832946501,0.44858516279300265,0.005599881064472967,0.47,0.06832138879946832,0.46342448367370487,0.013845621322256836,0.02,0.012768624037142557,0.6469382356831107,0.004959661420447031,P_longicornis,67,"Gil Puyat Av., Makati area"
1.22,0.05986465938353372,0.6590247452692868,0.005049126637554585,0.68,0.06294228127694666,0.45714707183950437,0.009834292176820573,0.36,0.05437942923545654,0.45498514072606494,0.009673095973428122,0.01,0.041094260288073524,0.6546568372962309,0.007631606271415222,P_longicornis,68,"Gil Puyat Av., Makati area"
0.92,0.034076009874733,0.6057671499675394,0.006546202120753084,0.52,0.05695708183060769,0.46807390388665515,0.009620907524411257,0.46,0.0648269750943759,0.4445371639744889,0.01579543422542767,0.07,0.01582051885106784,0.6451357913161312,0.008638699113545254,P_longicornis,69,"Gil Puyat Av., Makati area"
0.91,0.0478056013475749,0.6582782069667391,0.005319887125873155,0.75,0.07263353453555747,0.473426506940483,0.009222285605628447,0.34,0.05314503082236364,0.4459835434795477,0.011484046646539988,0.08,0.024121226758146402,0.6428490351872872,0.008967082860385925,P_longicornis,70,"Gil Puyat Av., Makati area"
1.42,0.06952371728550238,0.6404664833601972,0.0072532473689200724,0.55,0.05522195943146923,0.46317512274959083,0.006594781938962164,0.4,0.05791983809724348,0.42701337112576254,0.013371125762523877,0.08,0.01942970953881492,0.635580304806565,0.008558030480656507,P_longicornis,71,"Gil Puyat Av., Makati area"
1.5,0.07914541166396645,0.6639823293911923,0.004877824306290553,0.64,0.06502983641872531,0.46193962011387013,0.009999521553992632,0.46,0.06950241277345523,0.4550267628578078,0.014254130788922504,0.12,0.06608086505160113,0.6477967362993674,0.005102854409185138,P_longicornis,72,"Gil Puyat Av., Makati area"
0.98,0.05446159510780242,0.6395799051398703,0.008760042590262317,0.6,0.05143872938448067,0.4414598831694044,0.008737330870238154,0.31,0.0482799478794752,0.41361191042161893,0.008382334542724884,0.15,0.07096335705975189,0.6375654238385583,0.005881400744617709,P_longicornis,73,"Gil Puyat Av., Makati area"
1.25,0.07500753526518515,0.6840399002493766,0.004696591853699085,0.92,0.08029435224842713,0.48133567988143755,0.009725824379399778,0.37,0.07500374854549548,0.4548245105988648,0.011699293409011931,0.08,0.05962508527567013,0.6625032662660048,0.008779723020642801,P_longicornis,74,"Gil Puyat Av., Makati area"
1.24,0.058007804217991725,0.6336530338418724,0.0068081300004969435,0.48,0.04400791323972439,0.46515209857527917,0.007556796303427031,0.28,0.06028205279896244,0.4530103645044835,0.009665773844183068,0.05,0.01275373130951088,0.6384379611760699,0.005335452378249518,P_longicornis,75,"Gil Puyat Av., Makati area"
0.84,0.03690042530720594,0.6232834597253536,0.008044681287149006,0.78,0.07633630239901554,0.463221711741581,0.010230663572206698,0.5,0.059242352921255174,0.45569027118842614,0.011011538686815439,0.09,0.05527748832957166,0.6341704134225244,0.00548305735277991,P_longicornis,76,"Gil Puyat Av., Makati area"
1.51,0.06115472874365152,0.6415758827948911,0.008029676934635613,0.93,0.07777133249294975,0.4770306258322237,0.006420011413353624,0.56,0.08855181456901888,0.4443916913946587,0.006112759643916914,0.1,0.03749969203444881,0.6433942587408749,0.005269224436028322,P_longicornis,77,"Gil Puyat Av., Makati area"
1.23,0.060780828715475306,0.65794441761426,0.005444088334723624,0.69,0.04913484696923876,0.4269196868356924,0.008866075594960336,0.51,0.09358500950510648,0.4679631294964029,0.010397931654676259,0.02,0.004837909992372234,0.640322204062573,0.010506654214335746,P_longicornis,78,"Gil Puyat Av., Makati area"
1.03,0.04596446641558629,0.6553351353827828,0.0062308150455857424,0.65,0.05226070964448157,0.4589850453542535,0.005932826673204217,0.41,0.05792317800588388,0.4552636198724326,0.012464158230440635,0.09,0.021208333333333333,0.6560730018879799,0.008181246066708621,P_longicornis,79,"Gil Puyat Av., Makati area"
1.27,0.05725021576051209,0.6592355186878447,0.005891502097374747,0.53,0.07025997407222725,0.46717817561807334,0.005872880553187459,0.33,0.08341871040704804,0.4468547912992357,0.013580246913580247,0.03,0.008875000000000001,0.6516524245856069,0.007618655410274889,P_longicornis,80,"Gil Puyat Av., Makati area"
1.22,0.07240577795552738,0.6790123456790124,0.004707048185309055,0.48,0.048758955790515666,0.4518876382109772,0.008765813328020719,0.53,0.08471423699899204,0.45980910763569455,0.00908463661453542,0.08,0.06885164319407272,0.6436014046399171,0.00851994703816706,P_longicornis,81,"Gil Puyat Av., Makati area"
1.28,0.061766212473917274,0.6627682107008012,0.007459250391380422,0.83,0.06010380658404122,0.4384808056024127,0.009405510402290037,0.38,0.03290277777777779,0.4312450628911709,0.009904599866318285,0.05,0.01125,0.6332115762854734,0.005619556055071649,P_longicornis,82,"Gil Puyat Av., Makati area"
0.94,0.04750148643326453,0.6413700470114171,0.0064760625539671875,0.59,0.058640016084876574,0.40759031617370767,0.00837404047452896,0.55,0.06202538575822367,0.4549005681818182,0.008167613636363636,0.11,0.06766378789235458,0.674502712477396,0.006680731364275668,P_longicornis,83,"Gil Puyat Av., Makati area"
1.18,0.054086344546583946,0.6480657152035244,0.0076178238722408335,0.98,0.07960344769995152,0.45997674193235777,0.009109409826533578,0.47,0.0585739175298073,0.445967598362115,0.008367455937333096,0.05,0.05951846695010363,0.6592376919004764,0.006881948120698782,P_longicornis,84,"Gil Puyat Av., Makati area"
0.98,0.043226170204139554,0.6284521354192867,0.0077971728960209265,1.15,0.11172241708078659,0.47955651197604793,0.0061751497005988025,0.54,0.09299346671076246,0.4750226039783002,0.010793399638336348,0.08,0.06615402586761372,0.6515740691418527,0.006498694934214031,S_geminata,85,"Gil Puyat Av., Makati area"
1.58,0.08566477608926965,0.6626154594069033,0.006319883325230919,0.43,0.036005359785875844,0.4297503503399595,0.0061763637307313025,0.15,0.016756888084618945,0.43536743382489046,0.011168013821188375,0.14,0.023263888888888883,0.6523435467929043,0.009727930083753836,P_longicornis,86,"Gil Puyat Av., Makati area"
0.76,0.041395757629063695,0.6333969372278487,0.007485689123734038,0.8,0.06483527449469478,0.45933084057689505,0.006458505317340844,0.47,0.05584464673851385,0.4388291517323775,0.007168458781362007,0.12,0.07271015210475715,0.6385950793285813,0.008737640836974018,S_geminata,87,"Gil Puyat Av., Makati area"
1.29,0.06642344749690317,0.6509703334462565,0.004936359676716837,0.69,0.07651844759692507,0.471632056016498,0.007002062251210973,0.27,0.0532960013844122,0.44277340280656047,0.009769672567943631,0.05,0.010754911346689705,0.6401137980085349,0.006657183499288763,P_longicornis,88,"Gil Puyat Av., Makati area"
0.86,0.04773347900151478,0.6301577225450461,0.004980711948825626,0.33,0.05160843842960286,0.45507527926177754,0.00932491500728509,0.29,0.04310063895306644,0.4298256236376847,0.010474691208525067,0.06,0.0105,0.6430084745762712,0.009269067796610169,P_longicornis,89,"Gil Puyat Av., Makati area"
1.15,0.06117055228059246,0.671322548365577,0.005503669112741828,0.97,0.08281198931225657,0.47678948603614174,0.010185402487678949,0.32,0.04188931428900777,0.4211307682791043,0.007237411852035135,0.17,0.03688609085961843,0.6253535761704093,0.00565721872654852,P_longicornis,90,"Gil Puyat Av., Makati area"
0.9,0.04067804316171648,0.6322032270457165,0.0072992700729927005,0.76,0.07276184815059172,0.47038246268656714,0.006296641791044776,0.38,0.05846511247690617,0.4195293821567887,0.012394614319869133,0.09,0.06069510545777479,0.6372316323227964,0.006041644190311792,P_longicornis,91,"Gil Puyat Av., Makati area"
1.22,0.06287306669071102,0.6532558908249516,0.0067053879208575345,0.64,0.06868857576742138,0.4361869083177239,0.009264415531817952,0.39,0.06839078880359971,0.46108164206642066,0.011646678966789668,0.06,0.014313566654732069,0.6492409605299475,0.005244272702180514,P_longicornis,92,"Gil Puyat Av., Makati area"
0.95,0.06051070200212016,0.6650443873642468,0.005182281104952459,0.78,0.08151068686730543,0.47878508973768985,0.005522319374137137,0.36,0.06827015213323934,0.4329952915610286,0.007002293854883496,0.1,0.07462133666515151,0.6613775510204082,0.007448979591836735,P_longicornis,93,"Gil Puyat Av., Makati area"
1.52,0.0916266460410056,0.701082233983727,0.0042262421992258475,0.81,0.06945566219423746,0.45533585055643877,0.005713434022257552,0.48,0.05129653159319,0.4417750481695568,0.0072254335260115606,0.05,0.05021622686054649,0.662887665558402,0.007630675314765357,P_longicornis,94,"Gil Puyat Av., Makati area"
1.08,0.05548696075973167,0.6473052482937162,0.0085667215815486,0.98,0.09111426166573745,0.47541889154851774,0.008654023200147302,0.37,0.06456856836974502,0.43658944351564366,0.011284929543826129,0.03,0.021531646416264403,0.6486535772901343,0.009908212266731506,P_longicornis,95,"Gil Puyat Av., Makati area"
1.16,0.05471686711306195,0.6603904194932854,0.006414693802205916,0.85,0.07230598193497496,0.4713624874815203,0.006199628022318661,0.42,0.07745552688580169,0.454292343387471,0.014617169373549885,0.09,0.06308825828313355,0.634804469273743,0.00553072625698324,P_longicornis,96,"Gil Puyat Av., Makati area"
1.07,0.05393564745893177,0.6231603605438713,0.005347048938228854,0.51,0.048946450411728196,0.46300750432942084,0.007360015393496248,0.32,0.051607332336368474,0.42876410004904364,0.014529180971064247,0.07,0.025071845244560294,0.6359900027770063,0.004998611496806442,P_longicornis,97,"Gil Puyat Av., Makati area"
0.91,0.04305037705290949,0.6359832635983264,0.007464815519208825,0.86,0.07590035839084472,0.4455313472654513,0.005385109431352206,0.38,0.06343732545512554,0.44169465558894583,0.014023923163042839,0.05,0.009928889884335986,0.6452261919278137,0.00701134008047799,P_longicornis,98,"Gil Puyat Av., Makati area"
1.16,0.05368964742267429,0.6393170500355703,0.005406687218401708,0.75,0.07431100760401063,0.4670484371271773,0.00935337628251014,0.23,0.025817597746169173,0.4365599223677826,0.012493934983017952,0.05,0.09438208734212158,0.6482543640897755,0.006483790523690773,P_longicornis,99,"Gil Puyat Av., Makati area"
0.73,0.0377330363991628,0.8974414104493658,0.007955278434745217,0.89,0.07303973133418357,0.6099019502208813,0.01002047193190389,0.34,0.0397241269580795,0.6660347090564387,0.015312819017062855,0.02,0.05040221282280777,0.9281108767701115,0.007532389273877674,S_geminata,0,"Pamplona Tres, Las pinas"
0.84,0.03366694635597191,0.8815193069022893,0.008147340639164611,0.78,0.07217651210554821,0.6019193455346373,0.008338140437359065,0.32,0.05636863129264354,0.6576788643983166,0.015193665739353735,0.03,0.005861111111111112,0.9212436564527526,0.006680799126357037,P_longicornis,1,"Pamplona Tres, Las pinas"
0.56,0.02745164275025386,0.9030276194166159,0.008689876570542978,0.87,0.07434727055043554,0.5963987001225294,0.006605934686484471,0.42,0.05340551787082296,0.6673940853337347,0.008051772142373391,0.04,0.010569444444444446,0.9239931599740551,0.009729347249248187,S_geminata,2,"Pamplona Tres, Las pinas"
0.52,0.03144557381378711,0.9005814557159173,0.006489461115148998,0.79,0.05769100746157064,0.6054511775602011,0.009579253770838847,0.25,0.03612823379396061,0.6405759362793904,0.007888488933139311,0.08,0.09927967635357522,0.9335548172757475,0.007075181493786145,S_geminata,3,"Pamplona Tres, Las pinas"
0.95,0.04557775888545912,0.9045228785797316,0.006921695022720067,0.95,0.0692721307688413,0.6071945531549885,0.01184796011365464,0.36,0.05306661216669609,0.674210713018801,0.015324583185526782,0.03,0.01536122695042268,0.9302068161957472,0.00803961549665016,P_longicornis,4,"Pamplona Tres, Las pinas"
1.03,0.03768643146165076,0.8725895718030877,0.01071948732886688,0.79,0.07914088276329548,0.5998844355728319,0.008247097756999527,0.23,0.0533751526920984,0.6683514505296684,0.01827875095201828,0.04,0.008458333333333333,0.9283468375861652,0.011428225903978715,P_longicornis,5,"Pamplona Tres, Las pinas"
0.95,0.055184987396346,0.9080673429284614,0.005417175633331563,0.84,0.060955827769710307,0.5855341810672753,0.010487990435822193,0.44,0.03901388888888889,0.674174923373013,0.016038206572100647,0.02,0.005496913580246914,0.9244449972016666,0.007835333623530874,P_longicornis,6,"Pamplona Tres, Las pinas"
0.69,0.03715881657002181,0.9032886444368053,0.0075627363355104844,0.71,0.06447695816391309,0.6135801196122912,0.00701175500103114,0.3,0.043961497348267146,0.6744911708389476,0.014325225161336075,0.03,0.005986111111111112,0.9307977398383863,0.006257974360532232,S_geminata,7,"Pamplona Tres, Las pinas"
0.6,0.03410207653604706,0.8987508885955113,0.008225855590535189,0.91,0.06541134821363635,0.5970173447884585,0.011076889825471442,0.38,0.06511074893093745,0.6786916786916787,0.008451865594722737,0.03,0.06115558717644009,0.9324222157603954,0.008548996801395755,S_geminata,8,"Pamplona Tres, Las pinas"
0.7,0.03795286932987956,0.8931459271720844,0.009171324686601184,0.56,0.04272182395873056,0.591396086148464,0.013009729966109107,0.35,0.057746392513779735,0.6655363970853474,0.0077916456244138226,0.03,0.04923043210933471,0.9294458572357915,0.010290377905257555,P_longicornis,9,"Pamplona Tres, Las pinas"
0.76,0.03697969294548978,0.9018101734973412,0.008862867271848311,0.88,0.07725916278709476,0.5942934051144011,0.007806191117092867,0.45,0.05826371454528281,0.6431828210030887,0.007795264009413149,0.06,0.046739604873307146,0.9226276528074944,0.009830567281559012,S_geminata,10,"Pamplona Tres, Las pinas"
0.66,0.0437669052370453,0.9011794708320051,0.006641164594623313,0.58,0.0691158441009579,0.610517791162626,0.008250240421116566,0.43,0.05536103130650465,0.6569364161849711,0.011127167630057803,0.03,0.043421250576743654,0.9249009448338921,0.007436757086254191,P_longicornis,11,"Pamplona Tres, Las pinas"
0.74,0.030705208572962196,0.9007901146557358,0.007722925206439732,0.79,0.05237564087324623,0.5927491103202847,0.009842081850533807,0.29,0.04005211901467955,0.6612517580872012,0.01659634317862166,0.01,0.0015416666666666664,0.9376805359228074,0.008481347182103128,S_geminata,12,"Pamplona Tres, Las pinas"
0.7,0.033720001380634544,0.8952375591083089,0.00923215492006305,1.2,0.10018305285877938,0.627548263496586,0.007417595912953775,0.34,0.05359007802805752,0.678605026206155,0.014178201854589437,0.03,0.017263498148773516,0.9356008800618422,0.010406136647440091,S_geminata,13,"Pamplona Tres, Las pinas"
0.84,0.03585365226337448,0.8957089762360626,0.00743326951233247,0.71,0.053771168504172885,0.5834716229671424,0.005918796327027326,0.24,0.035883247356292135,0.6653562653562654,0.015444015444015444,0.01,0.0017083333333333334,0.9290005777007511,0.009358752166377816,P_longicornis,14,"Pamplona Tres, Las pinas"
0.87,0.047885209262595416,0.9073961190693894,0.0052321446713400385,0.79,0.06683310300454702,0.6085571716742754,0.009555154474997345,0.12,0.033783663623921836,0.677392852252499,0.015062303163083664,0.0,0.0,0.9323262097764677,0.009211495946941784,P_longicornis,15,"Pamplona Tres, Las pinas"
0.96,0.053397213304576537,0.8863578323714184,0.007712344859288013,0.69,0.05541195396832652,0.5976443768996961,0.011561007381676074,0.28,0.05298784514714991,0.6697719021850812,0.011302143982464553,0.01,0.003958333333333334,0.9232285747419692,0.009161544706018787,P_longicornis,16,"Pamplona Tres, Las pinas"
0.83,0.03745145903479237,0.9125631313131313,0.006628787878787879,0.9,0.08263542620753407,0.60001043677921,0.010749882586233888,0.35,0.05862935027515703,0.6766802796428324,0.012320897072056483,0.03,0.012821712018140589,0.9389796806064749,0.006151742993848257,S_geminata,17,"Pamplona Tres, Las pinas"
0.62,0.0412900958678115,0.8909903526462092,0.009592848967133591,0.75,0.07888198834690531,0.5938125371842717,0.009194656282113689,0.34,0.05237704020732541,0.6792207792207792,0.012303485987696514,0.0,0.0,0.9370357057272946,0.011322789360172537,S_geminata,18,"Pamplona Tres, Las pinas"
0.48,0.028803820435258698,0.8905645568200931,0.010708078712788024,1.03,0.0842122281659229,0.6054514838981268,0.010576720690380972,0.42,0.055561528481145254,0.675998069364959,0.01634144659725574,0.01,0.0030528900112233447,0.9284269869477296,0.00815000919173969,S_geminata,19,"Pamplona Tres, Las pinas"
0.86,0.05912153226661226,0.8886444584119003,0.007071024512884978,0.56,0.043892244346501595,0.5889930384256975,0.010963109137751467,0.33,0.07138671700140188,0.6528370075894471,0.008745934224792194,0.03,0.012624999999999999,0.923572744014733,0.009610957642725598,P_longicornis,20,"Pamplona Tres, Las pinas"
1.14,0.05786299474483903,0.8952442505520547,0.005655194700274681,0.62,0.052010504166921025,0.5871724890829695,0.0058951965065502186,0.36,0.03569579062983524,0.668931755078182,0.015051877831360515,0.0,0.001263888888888889,0.9322562031159839,0.007674552798615118,P_longicornis,21,"Pamplona Tres, Las pinas"
0.71,0.04762490033667329,0.9077537969624301,0.006554756195043965,1.17,0.10564035318206864,0.6013663889032659,0.009937373841933647,0.4,0.07016428701899188,0.6814809864332019,0.013165808995522289,0.0,0.00041666666666666664,0.9259455950905765,0.010444326429456542,S_geminata,22,"Pamplona Tres, Las pinas"
0.9,0.04279499504193569,0.8907545921742228,0.00758153971403857,0.59,0.04989428733998719,0.5897689225533783,0.007958724408584444,0.23,0.021472222222222222,0.6685878962536023,0.013354888592113586,0.0,0.0008333333333333333,0.9314671243415991,0.008167130259809434,P_longicornis,23,"Pamplona Tres, Las pinas"
0.71,0.029326719576719576,0.8862017463235294,0.007984834558823529,0.91,0.095214279171045,0.6385627054955378,0.0061531235321747296,0.22,0.022344748781528645,0.661240251381843,0.012644809570682213,0.02,0.002305555555555556,0.935373727340452,0.00645641917059846,S_geminata,24,"Pamplona Tres, Las pinas"
0.61,0.04469898569745173,0.9021562352447405,0.006505429935470332,0.71,0.04751315506368189,0.6014993306559572,0.010763052208835342,0.33,0.04869207702704447,0.6852479424579846,0.013693893076976278,0.0,0.0015416666666666669,0.9279962103268593,0.011072951207958313,S_geminata,25,"Pamplona Tres, Las pinas"
0.94,0.047667533070862196,0.9171179534787767,0.005312290473980092,0.56,0.04037311408634938,0.5728317059161402,0.01160252728317059,0.27,0.05546146578497814,0.6853917301414582,0.014757889009793253,0.03,0.024269174938817795,0.9310974496317488,0.0093128005356382,P_longicornis,26,"Pamplona Tres, Las pinas"
0.7,0.03957875933512371,0.9013674864782121,0.0069394836207776305,0.87,0.08885598709964279,0.5961174242424242,0.01057449494949495,0.25,0.04330649177871185,0.6757130988645804,0.014469675990030462,0.01,0.002763888888888889,0.9268016102511765,0.009979021375517379,S_geminata,27,"Pamplona Tres, Las pinas"
0.83,0.04905776549634089,0.8978469995419148,0.0052425306662594795,0.86,0.05552888126498163,0.5712988192552225,0.0060172570390554046,0.39,0.04650769410927315,0.6581048996330672,0.009353190877041513,0.03,0.005458333333333333,0.9268620268620269,0.006166056166056166,S_geminata,28,"Pamplona Tres, Las pinas"
0.91,0.05240093339251502,0.9073543457497613,0.0056301211481425625,1.01,0.09888344070138746,0.6133940637669553,0.008358776715551328,0.3,0.05926705633394103,0.67728280588591,0.012833434119465161,0.01,0.00930423641063522,0.9254576335157577,0.006290495061961376,S_geminata,29,"Pamplona Tres, Las pinas"
0.84,0.04894921312154283,0.8975332068311196,0.005584169151531581,0.92,0.07942066437414,0.5968375194965847,0.006938094981982466,0.37,0.06972590425978176,0.6805708013172338,0.017151481888035128,0.0,0.0017638888888888888,0.9334825899958759,0.007953808990750015,S_geminata,30,"Pamplona Tres, Las pinas"
0.7,0.035227065629843415,0.8851180669961559,0.008456891817682591,1.0,0.08892737893897927,0.6133597078514912,0.00801379590180564,0.24,0.03993366246917203,0.6733411585997376,0.0174687564731064,0.06,0.056595297855791926,0.9290711009174312,0.008658256880733945,S_geminata,31,"Pamplona Tres, Las pinas"
0.61,0.035935677604988746,0.903887342043264,0.009263225530092097,0.81,0.08209027347187972,0.6024583787147969,0.007883408536901613,0.28,0.051809284213817884,0.6589619667997478,0.0173005533375359,0.0,0.0,0.9318974852604981,0.0060762844423053785,S_geminata,32,"Pamplona Tres, Las pinas"
0.77,0.04126502418028929,0.8906953344277921,0.009002806757400837,0.82,0.05559707919775717,0.5654345654345654,0.010812716695069636,0.34,0.05116192100140868,0.6725198755617007,0.014932595921189076,0.03,0.011194444444444444,0.9353514020884665,0.00598380851812742,S_geminata,33,"Pamplona Tres, Las pinas"
0.85,0.03956826743278887,0.894987153556005,0.00852785218389548,1.14,0.10441114297481321,0.6003509315167467,0.009444186406564484,0.42,0.06359478653567066,0.6759964928846024,0.010588790719633102,0.03,0.004416666666666666,0.920647103973549,0.008088799669362934,S_geminata,34,"Pamplona Tres, Las pinas"
0.66,0.03596615633767542,0.9018562091503268,0.006640522875816994,0.69,0.055398085517877185,0.586766334440753,0.009080841638981174,0.46,0.09326344355386368,0.6783386492858133,0.00783525169879351,0.03,0.02919255078647699,0.9366449415771241,0.009218483941048676,S_geminata,35,"Pamplona Tres, Las pinas"
0.63,0.029164502164502167,0.8901429646350639,0.009728044716758035,0.78,0.0638002880211664,0.5910135726795096,0.008099824868651488,0.33,0.06024891746496069,0.6621213186195263,0.016799044071132353,0.02,0.010486111111111111,0.918949273101641,0.006239470892868285,S_geminata,36,"Pamplona Tres, Las pinas"
0.84,0.06600927752183607,0.8972082635399218,0.010217755443886097,0.81,0.08207534905500932,0.610531093962778,0.009330710647097392,0.49,0.07106170212972823,0.6707192827548734,0.012022006384568363,0.07,0.06289600339159498,0.9325053014238109,0.008300514995455923,P_longicornis,37,"Pamplona Tres, Las pinas"
0.84,0.04297637441916338,0.9008666120154585,0.011066869656868485,0.52,0.04195331790123457,0.5627933932193567,0.006085192697768763,0.37,0.0494075522575064,0.6636784480858255,0.013446983613784996,0.0,6.944444444444444e-05,0.9346754557871607,0.007363857711265515,P_longicornis,38,"Pamplona Tres, Las pinas"
0.91,0.05189628475298211,0.9069237777102945,0.005364915477275028,1.11,0.09119754089151096,0.6068290629767981,0.009470195191245331,0.35,0.04985962345727347,0.6499807173158504,0.011029695333590436,0.04,0.008083333333333333,0.9299508426966292,0.009187734082397004,S_geminata,39,"Pamplona Tres, Las pinas"
0.69,0.03222694872000428,0.8926023488091318,0.007957414114806279,0.81,0.07888392337643932,0.6052851909994768,0.005913134484563056,0.28,0.044669933862901565,0.68400352614091,0.014511426052756493,0.02,0.029547674213911326,0.9273392258457788,0.006156659555013716,S_geminata,40,"Pamplona Tres, Las pinas"
1.03,0.05948469445237489,0.9069716775599128,0.005664488017429194,0.7,0.06600856090819661,0.5977140415531699,0.009613843935266785,0.48,0.07243222745014177,0.6839950880065493,0.01610042297721381,0.03,0.010069444444444445,0.9222201823633804,0.011382412337066276,P_longicornis,41,"Pamplona Tres, Las pinas"
0.59,0.0357978741729818,0.9079236977256053,0.007022324703909444,0.7,0.0838302831477637,0.6041049623278774,0.009353078721745909,0.35,0.034628452715355806,0.671255233094444,0.016533030582558717,0.04,0.04643815235590964,0.9315843934506056,0.010895367946923125,S_geminata,42,"Pamplona Tres, Las pinas"
0.67,0.03659819601406071,0.9017225106182162,0.006075979235488438,0.73,0.05831888255632573,0.5830510388437218,0.00993676603432701,0.3,0.0707770147269318,0.6760029767945335,0.012786685609904607,0.01,0.0065,0.9319491118578973,0.007441190590494479,S_geminata,43,"Pamplona Tres, Las pinas"
1.0,0.05184281441792223,0.9041419497086461,0.009186833954538296,0.79,0.05947025490556589,0.5853409335340933,0.007205850720585072,0.26,0.0503367224698477,0.6788113874073561,0.009281706725774053,0.01,0.005750000000000001,0.9290361445783133,0.006746987951807229,P_longicornis,44,"Pamplona Tres, Las pinas"
0.78,0.03942633323198464,0.9034515416184363,0.006366410607176681,0.68,0.05402383207615067,0.5881029468254404,0.011523898370191516,0.26,0.021458333333333336,0.665428551405144,0.013946317191113602,0.0,0.00011111111111111112,0.92548794489093,0.007462686567164179,P_longicornis,45,"Pamplona Tres, Las pinas"
0.99,0.0570662228543245,0.9034952056913084,0.007474997422414682,0.71,0.06692944145883561,0.5906080347448426,0.008414766558089034,0.29,0.05173034180776518,0.6625170998632011,0.018673050615595075,0.04,0.010882845701209547,0.9262606181095246,0.010422314597264896,P_longicornis,46,"Pamplona Tres, Las pinas"
0.87,0.04897872451470701,0.9032783440159714,0.005358831564568667,0.74,0.051934876783528754,0.5774249422632795,0.007159353348729792,0.43,0.05602031515872472,0.6754771385418097,0.014829053961279693,0.01,0.0031805555555555554,0.9299833293641343,0.007978090021433674,P_longicornis,47,"Pamplona Tres, Las pinas"
0.41,0.019223214285714288,0.9004006231916314,0.005619853104829735,0.42,0.04475835361873373,0.5926557088670221,0.006321807487218954,0.37,0.07331600800591456,0.6793718963897464,0.012615756274325594,0.02,0.002847222222222222,0.9223580158159598,0.007728253055355859,S_geminata,48,"Pamplona Tres, Las pinas"
1.05,0.05224128830740389,0.9094749250945527,0.0056977258215040036,0.68,0.06321173548738811,0.5834218322061372,0.0059247666424459226,0.29,0.05539984412605436,0.6729723853011524,0.015873015873015872,0.05,0.05441691763137425,0.9301845627690312,0.010201073176484462,P_longicornis,49,"Pamplona Tres, Las pinas"
0.6,0.042724705733713224,0.8993443000115036,0.00598182445645922,0.79,0.070026617240634,0.5933395614661757,0.0064845853712150354,0.35,0.056984039450427355,0.6673772520973731,0.014165864392793288,0.01,0.012080832261593568,0.9370470458174671,0.011362240510993736,S_geminata,50,"Pamplona Tres, Las pinas"
0.58,0.03103174854974531,0.9013473395752455,0.007535967115779858,0.93,0.06328792123348156,0.5839925291144803,0.011645792133597012,0.36,0.056369869348315796,0.6776306716314991,0.010412356916287408,0.03,0.008527777777777778,0.9293863336135463,0.006124654737600576,S_geminata,51,"Pamplona Tres, Las pinas"
0.74,0.035241402578786246,0.914352452634311,0.006073189722294316,0.64,0.05665235010087952,0.5816418077828867,0.007513737804194236,0.5,0.07167625679242501,0.6889680202698075,0.01609258371567486,0.03,0.007291598366708016,0.9360667129951356,0.006127992924379304,P_longicornis,52,"Pamplona Tres, Las pinas"
0.81,0.04053396888706853,0.9007642294969773,0.0076993270217862435,0.75,0.05833200698853394,0.5919299581271412,0.007015063353091522,0.3,0.04682077447143991,0.6766,0.014,0.01,0.0020277777777777777,0.9376620315814282,0.0063045015319349515,P_longicornis,53,"Pamplona Tres, Las pinas"
0.88,0.05353142837997859,0.8960646845094928,0.007778516964331406,0.64,0.05610208737631131,0.57206678952365,0.008041547997989612,0.36,0.060287115107419804,0.6628897228637414,0.009237875288683603,0.04,0.007680555555555556,0.9291502662653393,0.010708497337346608,P_longicornis,54,"Pamplona Tres, Las pinas"
1.26,0.06181048658624271,0.8892572944297082,0.005407059783717609,0.91,0.07190528935287889,0.5877821472822281,0.010666379356785003,0.28,0.04424268679411668,0.6694656488549618,0.01707147814018043,0.0,0.00010233918128654972,0.9276219512195122,0.010609756097560976,P_longicornis,55,"Pamplona Tres, Las pinas"
0.59,0.039333332304482736,0.8939351671037215,0.007364838475701612,0.88,0.08939622069184987,0.6045236463331048,0.006801286444877946,0.3,0.03699079485782917,0.6209991263600985,0.008101024541339052,0.04,0.008483448437651824,0.9423297177120529,0.008084619012329044,S_geminata,56,"Pamplona Tres, Las pinas"
0.76,0.0309720466534192,0.8885431400282885,0.009504950495049505,1.04,0.10206785894169516,0.618983355825461,0.008147148498025692,0.31,0.04631535636920091,0.6680465899522874,0.014033118158854897,0.05,0.05712021601984113,0.9324974745974212,0.008972606809673777,S_geminata,57,"Pamplona Tres, Las pinas"
0.95,0.06077342791823526,0.9048925705410303,0.005487962723272068,0.61,0.050339851586259636,0.5973516429622364,0.008337420304070623,0.38,0.05751966390690164,0.6765203894454636,0.015450825455058558,0.0,0.0004629629629629629,0.9339759036144578,0.0071686746987951805,P_longicornis,58,"Pamplona Tres, Las pinas"
0.85,0.04258818959367575,0.8954015729950054,0.005970491991503531,0.61,0.06004620603319886,0.601875,0.00703125,0.33,0.061417764734015085,0.666984667802385,0.011584327086882453,0.04,0.009620425177251566,0.9308596313309073,0.008053451052914155,P_longicornis,59,"Pamplona Tres, Las pinas"
1.1,0.05298268074304219,0.9053362769910075,0.007538635506973238,0.91,0.07448967263601668,0.6155560056714604,0.006431030990480049,0.3,0.026402777777777775,0.6673496785133893,0.013142090016250971,0.02,0.005696592210767468,0.9281014186537881,0.007183821309990945,P_longicornis,60,"Pamplona Tres, Las pinas"
1.1,0.058248973122424726,0.8927581699346405,0.007790849673202614,0.67,0.055881642664626176,0.5940867493366546,0.007581090594032599,0.23,0.04832253568458435,0.6763856415898776,0.011827809104662357,0.03,0.009252718153759821,0.9257261680421079,0.009162388719215023,P_longicornis,61,"Pamplona Tres, Las pinas"
0.92,0.0511463636513176,0.9128285193858965,0.00624512099921936,0.6,0.05461722169490253,0.6007169592493015,0.009752754494174705,0.2,0.03608682699392617,0.6759528759528759,0.012058212058212059,0.0,0.00036111111111111115,0.9365436803510595,0.007563947110110283,P_longicornis,62,"Pamplona Tres, Las pinas"
0.96,0.04771442951767038,0.9053968920621588,0.006509869802603948,0.68,0.07268716446074108,0.6021482618127943,0.009418487750674638,0.37,0.05350925155928408,0.6738417384173842,0.013530135301353014,0.02,0.00965277777777778,0.933657598552118,0.005938578134720887,P_longicornis,63,"Pamplona Tres, Las pinas"
0.78,0.045280776761524796,0.8905582792978016,0.008803837840687438,0.83,0.07474119981537976,0.5981530343007916,0.006121372031662269,0.47,0.05439525181636028,0.6681830907054871,0.011128219484882419,0.01,0.0016527777777777778,0.9303266131503156,0.01133647895091611,S_geminata,64,"Pamplona Tres, Las pinas"
0.78,0.047734428641500536,0.8949283602456221,0.006026836479417785,0.49,0.048893962049759154,0.5965243672081602,0.009120837605915052,0.23,0.04400439003793977,0.6733494642239889,0.015485655029381266,0.02,0.010222222222222225,0.9282844990548205,0.010810491493383742,P_longicornis,65,"Pamplona Tres, Las pinas"
0.69,0.047506553998654014,0.9120125913891145,0.006498781478472786,0.79,0.09310466726563635,0.6131449260786483,0.007291561902846223,0.39,0.06840658336622318,0.684604394856793,0.009932648479488401,0.0,0.00938106195980372,0.9303061619945744,0.008461439090556775,S_geminata,66,"Pamplona Tres, Las pinas"
0.78,0.06589491725881458,0.8956780923994039,0.007153502235469449,0.5,0.05198261262172359,0.6029316663073938,0.011424876050873034,0.31,0.06083569573538053,0.6718761099666122,0.014633799815301557,0.01,0.04732128229646034,0.9230769230769231,0.009410130099785273,P_longicornis,67,"Pamplona Tres, Las pinas"
0.49,0.04184787172377279,0.8990811069209115,0.008817124342699314,0.92,0.06037037037037037,0.5807193760170585,0.01139105549632456,0.4,0.036944956429720684,0.6773167558189966,0.00824056671967616,0.05,0.007293683180603283,0.9237162362718908,0.006173938854259424,S_geminata,68,"Pamplona Tres, Las pinas"
0.68,0.03585776064686884,0.8955415434406562,0.009039674125327827,0.57,0.05399231301645057,0.5805192601391481,0.005939249957576786,0.28,0.023979308390022682,0.6649857487393116,0.007673755755316817,0.0,0.000625,0.9239680112901328,0.009232035752087498,P_longicornis,69,"Pamplona Tres, Las pinas"
0.47,0.02506850723188442,0.8979297330299162,0.010823111505800077,0.79,0.08409770708316804,0.6235370287364909,0.007221475173066387,0.34,0.06474373083776215,0.6604008293020042,0.016447823082239115,0.06,0.06682210479669141,0.9318720721762767,0.01087270834538199,S_geminata,70,"Pamplona Tres, Las pinas"
0.93,0.04616943682914702,0.8957516515387507,0.008485955207046566,0.68,0.06301824748063026,0.5940866006031883,0.013087031451960362,0.32,0.046678314237947244,0.680274914089347,0.013195876288659794,0.04,0.061395938524374936,0.9251859593041126,0.0061474150119874595,P_longicornis,71,"Pamplona Tres, Las pinas"
0.75,0.03596239372099284,0.9055722389055723,0.006339673006339673,0.81,0.06915135725835102,0.6092134949367752,0.010073980796474107,0.25,0.05189898871438867,0.6746134459505483,0.018731694026292486,0.02,0.004604893483494758,0.9351636614940001,0.010680404598856568,S_geminata,72,"Pamplona Tres, Las pinas"
0.76,0.052408649713903334,0.9096128608923885,0.007600612423447069,0.48,0.04738976712791886,0.5818622751113869,0.009418532513676612,0.33,0.06472364061827329,0.6912765518663642,0.01636076166907266,0.07,0.06985149123156309,0.9332587840621506,0.008828203166382203,P_longicornis,73,"Pamplona Tres, Las pinas"
0.97,0.04715163313765502,0.8896259243149195,0.010058721183123096,0.71,0.06180672592975104,0.6017836772788552,0.008555428808462096,0.44,0.05074021455033632,0.662907628214337,0.011133457836517742,0.03,0.009222222222222224,0.9377238590410167,0.010167533217793184,P_longicornis,74,"Pamplona Tres, Las pinas"
1.01,0.05878984847613368,0.9022710545683945,0.0076753233098517505,0.49,0.05988913465261686,0.6145969938464643,0.009179864823968526,0.37,0.06324347356937074,0.6772508591065292,0.012096219931271478,0.02,0.010339693985482758,0.9248702961844093,0.008077756616536416,P_longicornis,75,"Pamplona Tres, Las pinas"
0.6,0.041745872443471436,0.89161703562198,0.006292841892347455,1.11,0.09596443189029925,0.5832070494471572,0.005949374193186282,0.38,0.05413943856012678,0.6676329185520362,0.011524321266968326,0.06,0.07060020851591813,0.9256408738381386,0.009531703273932863,S_geminata,76,"Pamplona Tres, Las pinas"
0.94,0.051939373278423025,0.9103864489299117,0.006440815498529263,0.65,0.06316000010247175,0.6005321170657545,0.0123255687679861,0.25,0.052550491432231304,0.6839557399723375,0.014799446749654218,0.03,0.010939954051796158,0.9291175733266482,0.005891200802206066,P_longicornis,77,"Pamplona Tres, Las pinas"
0.44,0.020166666666666666,0.8898407335907336,0.00633445945945946,0.51,0.04082509685921521,0.5911385606874329,0.010096670247046188,0.45,0.06820253471772487,0.680073499387505,0.017013747107662992,0.01,0.0019009539842873174,0.9305555555555556,0.007927992370052456,S_geminata,78,"Pamplona Tres, Las pinas"
0.77,0.03420164609053498,0.8927791192365183,0.00977348510980798,0.56,0.058266187113318914,0.6060325303685402,0.011323862466543133,0.23,0.0526000474356798,0.6669491525423729,0.013488700564971751,0.02,0.012243656321277288,0.9174936758124149,0.0060323020042809886,P_longicornis,79,"Pamplona Tres, Las pinas"
0.86,0.04576597982498498,0.9026047565118913,0.007550018875047188,0.7,0.05199581218002271,0.5851449275362319,0.014986824769433466,0.25,0.05878416856189623,0.6770144418949926,0.010595222027264138,0.02,0.011152777777777779,0.9305288189333031,0.008039859585550901,P_longicornis,80,"Pamplona Tres, Las pinas"
1.06,0.06132693556535167,0.8956022944550669,0.009341709915323682,0.81,0.06489153382002352,0.5803968525487513,0.0067282472345763485,0.4,0.07089765350574026,0.7014522554941525,0.012209227605706207,0.04,0.010680555555555554,0.9329642922318876,0.009185473568951883,P_longicornis,81,"Pamplona Tres, Las pinas"
1.06,0.04712185399552639,0.8955105284068335,0.006129746296611612,0.74,0.05422955747955748,0.5938261575954509,0.008394259409694016,0.33,0.05356525321567739,0.6650727796920047,0.017438998663947682,0.01,0.004138888888888889,0.9307710814387105,0.006134969325153374,P_longicornis,82,"Pamplona Tres, Las pinas"
0.82,0.03455202148025919,0.8915398865996744,0.007522595856958401,0.71,0.07363478008461909,0.626070077642843,0.008162452717499503,0.35,0.05659033274713793,0.6788581623550402,0.01578261167913264,0.07,0.07233650301978443,0.9247814846731504,0.006894004678074603,P_longicornis,83,"Pamplona Tres, Las pinas"
0.8,0.03694041826028896,0.8903095956905227,0.006038003906943704,0.67,0.060651830739799774,0.5990626331487005,0.008734554750745633,0.16,0.03604280905100872,0.6733112629428752,0.011129111784179756,0.03,0.019891625203175136,0.932413541603355,0.006199477298972832,P_longicornis,84,"Pamplona Tres, Las pinas"
0.38,0.028838051728170926,0.9052724173951289,0.008356699103853978,0.85,0.0648090490917552,0.6038204187351608,0.009497086121303691,0.44,0.06866633801636544,0.6787110691654308,0.01678576243764325,0.01,0.06750431473268814,0.928821998415752,0.006223831617064615,S_geminata,85,"Pamplona Tres, Las pinas"
0.63,0.038554487996168924,0.898226395409494,0.007355242566510172,0.65,0.05943723075756172,0.6002436569733567,0.011970973038826209,0.34,0.0575661235889853,0.6702289023717595,0.011445118587975731,0.02,0.004319444444444445,0.9322983257229832,0.0060882800608828,S_geminata,86,"Pamplona Tres, Las pinas"
0.72,0.03264696293593493,0.905961791831357,0.007630654369784805,1.04,0.08962305867708445,0.611768352533967,0.00924730071808648,0.33,0.06015033828839399,0.674454285515029,0.016807308738405746,0.02,0.03638561803915616,0.9337752447032586,0.009540329575021683,S_geminata,87,"Pamplona Tres, Las pinas"
0.92,0.05149405827012517,0.9091194146851319,0.005487326887901751,0.99,0.0757934175889416,0.5951842275371687,0.006356388709329886,0.21,0.03574563945775819,0.6739251426186169,0.015931543063865312,0.01,0.006629026576541478,0.9308981359442666,0.01035586518546413,S_geminata,88,"Pamplona Tres, Las pinas"
0.61,0.028950882964771857,0.9010989010989011,0.0077986529599432825,0.76,0.07040579718347284,0.6014100932994063,0.009011874469889738,0.24,0.04296663206737447,0.6717010022271714,0.013432628062360803,0.01,0.008369355317884731,0.9262648365493005,0.00974736423314104,S_geminata,89,"Pamplona Tres, Las pinas"
0.84,0.04173365141818963,0.9092625499777877,0.008329631274988893,0.81,0.06733928009265,0.5952018278750952,0.007452943096507453,0.27,0.04772244367231317,0.658076590843651,0.01835588828102505,0.0,0.0003055555555555556,0.9247015021183721,0.006419309282321223,P_longicornis,90,"Pamplona Tres, Las pinas"
0.91,0.03956402227388116,0.8842432619212163,0.009560009214466713,0.56,0.05776536347659695,0.591385016003906,0.009548093093907665,0.26,0.055048385809656986,0.6736992159657876,0.01610833927298646,0.02,0.05035987706054326,0.9269642642281314,0.009024184815305017,P_longicornis,91,"Pamplona Tres, Las pinas"
0.8,0.03469681416140469,0.8986486486486487,0.0057598582188746125,0.49,0.039933534818196656,0.596537949400799,0.00900133155792277,0.59,0.0727763765056681,0.6684864200900777,0.007097038351303399,0.02,0.05268001799773911,0.9245639964528525,0.010582323381613952,P_longicornis,92,"Pamplona Tres, Las pinas"
0.76,0.036163215518907735,0.8891074502089993,0.006331448241947381,0.9,0.08254019768792784,0.6027173626836589,0.009110537679709305,0.47,0.07038377185369092,0.6824695326101513,0.01895004687290746,0.01,0.0025768799102132436,0.9321099841707217,0.010904613941490298,S_geminata,93,"Pamplona Tres, Las pinas"
0.77,0.040949056968631874,0.8906039907492067,0.005647286613241542,0.51,0.03741178364620702,0.5816997104032079,0.011973713521942526,0.57,0.0703387207989986,0.6805845511482255,0.012804453723034098,0.03,0.010577055274971943,0.9413446078723278,0.01089739772524266,P_longicornis,94,"Pamplona Tres, Las pinas"
0.65,0.03323106602070017,0.9084816753926701,0.006492146596858639,0.7,0.060339027051463046,0.5662749706227967,0.006169212690951821,0.23,0.034709746237027835,0.6752349757903731,0.008686983765309029,0.03,0.012222222222222223,0.947009886665059,0.006209307933445865,S_geminata,95,"Pamplona Tres, Las pinas"
0.62,0.04223226352997912,0.9017112299465241,0.006577540106951872,0.81,0.0712093725565738,0.5964670309267412,0.007851042385019363,0.32,0.05878487015926442,0.6887337182758158,0.012555391432791729,0.01,0.004777777777777778,0.9339733663672963,0.00842366057602973,S_geminata,96,"Pamplona Tres, Las pinas"
0.69,0.03347055876222543,0.8945518453427065,0.009940685413005272,0.49,0.0474674043570314,0.5818212650500254,0.011474761178000113,0.26,0.05015187426665754,0.6726893676164003,0.01626129256428075,0.01,0.006347222222222223,0.9298318087931543,0.009147241074063145,P_longicornis,97,"Pamplona Tres, Las pinas"
0.74,0.047278210787765,0.906599036786556,0.00727533558766267,0.93,0.07450459483062583,0.6034581532211863,0.006718400083328993,0.5,0.06447774227369,0.6911091368823892,0.015854575275063214,0.03,0.0047777777777777775,0.9360880252838581,0.008896172304810957,S_geminata,98,"Pamplona Tres, Las pinas"
0.77,0.036080484040061485,0.8963414634146342,0.006042128603104213,0.66,0.05934561297164309,0.5874693543993462,0.007300463089076546,0.41,0.04645643699752348,0.6791623755578442,0.014074836937864744,0.02,0.004097222222222223,0.9299183626537887,0.01029090490973899,P_longicornis,99,"Pamplona Tres, Las pinas"
0.0,0.0,0.0,0.0,0.0,0.0,0.0,0.0,0.0,0.0,0.0,0.0,0.0,0.0,0.0,0.0,P_longicornis,0,"Mla. Mem. Park, Paranaque"
0.0,0.0,0.0,0.0,0.0,0.0,0.0,0.0,0.0,0.0,0.0,0.0,0.0,0.0,0.0,0.0,P_longicornis,1,"Mla. Mem. Park, Paranaque"
0.0,0.0,0.0,0.0,0.0,0.0,0.0,0.0,0.0,0.0,0.0,0.0,0.0,0.0,0.0,0.0,P_longicornis,2,"Mla. Mem. Park, Paranaque"
0.0,0.0,0.0,0.0,0.0,0.0,0.0,0.0,0.0,0.0,0.0,0.0,0.0,0.0,0.0,0.0,P_longicornis,3,"Mla. Mem. Park, Paranaque"
0.0,0.0,0.0,0.0,0.0,0.0,0.0,0.0,0.0,0.0,0.0,0.0,0.0,0.0,0.0,0.0,P_longicornis,4,"Mla. Mem. Park, Paranaque"
0.0,0.0,0.0,0.0,0.0,0.0,0.0,0.0,0.0,0.0,0.0,0.0,0.0,0.0,0.0,0.0,P_longicornis,5,"Mla. Mem. Park, Paranaque"
0.0,0.0,0.0,0.0,0.0,0.0,0.0,0.0,0.0,0.0,0.0,0.0,0.0,0.0,0.0,0.0,P_longicornis,6,"Mla. Mem. Park, Paranaque"
0.0,0.0,0.0,0.0,0.0,0.0,0.0,0.0,0.0,0.0,0.0,0.0,0.0,0.0,0.0,0.0,P_longicornis,7,"Mla. Mem. Park, Paranaque"
0.0,0.0,0.0,0.0,0.0,0.0,0.0,0.0,0.0,0.0,0.0,0.0,0.0,0.0,0.0,0.0,P_longicornis,8,"Mla. Mem. Park, Paranaque"
0.0,0.0,0.0,0.0,0.0,0.0,0.0,0.0,0.0,0.0,0.0,0.0,0.0,0.0,0.0,0.0,P_longicornis,9,"Mla. Mem. Park, Paranaque"
0.0,0.0,0.0,0.0,0.0,0.0,0.0,0.0,0.0,0.0,0.0,0.0,0.0,0.0,0.0,0.0,P_longicornis,10,"Mla. Mem. Park, Paranaque"
0.0,0.0,0.0,0.0,0.0,0.0,0.0,0.0,0.0,0.0,0.0,0.0,0.0,0.0,0.0,0.0,P_longicornis,11,"Mla. Mem. Park, Paranaque"
0.0,0.0,0.0,0.0,0.0,0.0,0.0,0.0,0.0,0.0,0.0,0.0,0.0,0.0,0.0,0.0,P_longicornis,12,"Mla. Mem. Park, Paranaque"
0.0,0.0,0.0,0.0,0.0,0.0,0.0,0.0,0.0,0.0,0.0,0.0,0.0,0.0,0.0,0.0,P_longicornis,13,"Mla. Mem. Park, Paranaque"
0.0,0.0,0.0,0.0,0.0,0.0,0.0,0.0,0.0,0.0,0.0,0.0,0.0,0.0,0.0,0.0,P_longicornis,14,"Mla. Mem. Park, Paranaque"
0.0,0.0,0.0,0.0,0.0,0.0,0.0,0.0,0.0,0.0,0.0,0.0,0.0,0.0,0.0,0.0,P_longicornis,15,"Mla. Mem. Park, Paranaque"
0.0,0.0,0.0,0.0,0.0,0.0,0.0,0.0,0.0,0.0,0.0,0.0,0.0,0.0,0.0,0.0,P_longicornis,16,"Mla. Mem. Park, Paranaque"
0.0,0.0,0.0,0.0,0.0,0.0,0.0,0.0,0.0,0.0,0.0,0.0,0.0,0.0,0.0,0.0,P_longicornis,17,"Mla. Mem. Park, Paranaque"
0.0,0.0,0.0,0.0,0.0,0.0,0.0,0.0,0.0,0.0,0.0,0.0,0.0,0.0,0.0,0.0,P_longicornis,18,"Mla. Mem. Park, Paranaque"
0.0,0.0,0.0,0.0,0.0,0.0,0.0,0.0,0.0,0.0,0.0,0.0,0.0,0.0,0.0,0.0,P_longicornis,19,"Mla. Mem. Park, Paranaque"
0.0,0.0,0.0,0.0,0.0,0.0,0.0,0.0,0.0,0.0,0.0,0.0,0.0,0.0,0.0,0.0,P_longicornis,20,"Mla. Mem. Park, Paranaque"
0.0,0.0,0.0,0.0,0.0,0.0,0.0,0.0,0.0,0.0,0.0,0.0,0.0,0.0,0.0,0.0,P_longicornis,21,"Mla. Mem. Park, Paranaque"
0.0,0.0,0.0,0.0,0.0,0.0,0.0,0.0,0.0,0.0,0.0,0.0,0.0,0.0,0.0,0.0,P_longicornis,22,"Mla. Mem. Park, Paranaque"
0.0,0.0,0.0,0.0,0.0,0.0,0.0,0.0,0.0,0.0,0.0,0.0,0.0,0.0,0.0,0.0,P_longicornis,23,"Mla. Mem. Park, Paranaque"
0.0,0.0,0.0,0.0,0.0,0.0,0.0,0.0,0.0,0.0,0.0,0.0,0.0,0.0,0.0,0.0,P_longicornis,24,"Mla. Mem. Park, Paranaque"
0.0,0.0,0.0,0.0,0.0,0.0,0.0,0.0,0.0,0.0,0.0,0.0,0.0,0.0,0.0,0.0,P_longicornis,25,"Mla. Mem. Park, Paranaque"
0.0,0.0,0.0,0.0,0.0,0.0,0.0,0.0,0.0,0.0,0.0,0.0,0.0,0.0,0.0,0.0,P_longicornis,26,"Mla. Mem. Park, Paranaque"
0.0,0.0,0.0,0.0,0.0,0.0,0.0,0.0,0.0,0.0,0.0,0.0,0.0,0.0,0.0,0.0,P_longicornis,27,"Mla. Mem. Park, Paranaque"
0.0,0.0,0.0,0.0,0.0,0.0,0.0,0.0,0.0,0.0,0.0,0.0,0.0,0.0,0.0,0.0,P_longicornis,28,"Mla. Mem. Park, Paranaque"
0.0,0.0,0.0,0.0,0.0,0.0,0.0,0.0,0.0,0.0,0.0,0.0,0.0,0.0,0.0,0.0,P_longicornis,29,"Mla. Mem. Park, Paranaque"
0.0,0.0,0.0,0.0,0.0,0.0,0.0,0.0,0.0,0.0,0.0,0.0,0.0,0.0,0.0,0.0,P_longicornis,30,"Mla. Mem. Park, Paranaque"
0.0,0.0,0.0,0.0,0.0,0.0,0.0,0.0,0.0,0.0,0.0,0.0,0.0,0.0,0.0,0.0,P_longicornis,31,"Mla. Mem. Park, Paranaque"
0.0,0.0,0.0,0.0,0.0,0.0,0.0,0.0,0.0,0.0,0.0,0.0,0.0,0.0,0.0,0.0,P_longicornis,32,"Mla. Mem. Park, Paranaque"
0.0,0.0,0.0,0.0,0.0,0.0,0.0,0.0,0.0,0.0,0.0,0.0,0.0,0.0,0.0,0.0,P_longicornis,33,"Mla. Mem. Park, Paranaque"
0.0,0.0,0.0,0.0,0.0,0.0,0.0,0.0,0.0,0.0,0.0,0.0,0.0,0.0,0.0,0.0,P_longicornis,34,"Mla. Mem. Park, Paranaque"
0.0,0.0,0.0,0.0,0.0,0.0,0.0,0.0,0.0,0.0,0.0,0.0,0.0,0.0,0.0,0.0,P_longicornis,35,"Mla. Mem. Park, Paranaque"
0.0,0.0,0.0,0.0,0.0,0.0,0.0,0.0,0.0,0.0,0.0,0.0,0.0,0.0,0.0,0.0,P_longicornis,36,"Mla. Mem. Park, Paranaque"
0.0,0.0,0.0,0.0,0.0,0.0,0.0,0.0,0.0,0.0,0.0,0.0,0.0,0.0,0.0,0.0,P_longicornis,37,"Mla. Mem. Park, Paranaque"
0.0,0.0,0.0,0.0,0.0,0.0,0.0,0.0,0.0,0.0,0.0,0.0,0.0,0.0,0.0,0.0,P_longicornis,38,"Mla. Mem. Park, Paranaque"
0.0,0.0,0.0,0.0,0.0,0.0,0.0,0.0,0.0,0.0,0.0,0.0,0.0,0.0,0.0,0.0,P_longicornis,39,"Mla. Mem. Park, Paranaque"
0.0,0.0,0.0,0.0,0.0,0.0,0.0,0.0,0.0,0.0,0.0,0.0,0.0,0.0,0.0,0.0,P_longicornis,40,"Mla. Mem. Park, Paranaque"
0.0,0.0,0.0,0.0,0.0,0.0,0.0,0.0,0.0,0.0,0.0,0.0,0.0,0.0,0.0,0.0,P_longicornis,41,"Mla. Mem. Park, Paranaque"
0.0,0.0,0.0,0.0,0.0,0.0,0.0,0.0,0.0,0.0,0.0,0.0,0.0,0.0,0.0,0.0,P_longicornis,42,"Mla. Mem. Park, Paranaque"
0.0,0.0,0.0,0.0,0.0,0.0,0.0,0.0,0.0,0.0,0.0,0.0,0.0,0.0,0.0,0.0,P_longicornis,43,"Mla. Mem. Park, Paranaque"
0.0,0.0,0.0,0.0,0.0,0.0,0.0,0.0,0.0,0.0,0.0,0.0,0.0,0.0,0.0,0.0,P_longicornis,44,"Mla. Mem. Park, Paranaque"
0.0,0.0,0.0,0.0,0.0,0.0,0.0,0.0,0.0,0.0,0.0,0.0,0.0,0.0,0.0,0.0,P_longicornis,45,"Mla. Mem. Park, Paranaque"
0.0,0.0,0.0,0.0,0.0,0.0,0.0,0.0,0.0,0.0,0.0,0.0,0.0,0.0,0.0,0.0,P_longicornis,46,"Mla. Mem. Park, Paranaque"
0.0,0.0,0.0,0.0,0.0,0.0,0.0,0.0,0.0,0.0,0.0,0.0,0.0,0.0,0.0,0.0,P_longicornis,47,"Mla. Mem. Park, Paranaque"
0.0,0.0,0.0,0.0,0.0,0.0,0.0,0.0,0.0,0.0,0.0,0.0,0.0,0.0,0.0,0.0,P_longicornis,48,"Mla. Mem. Park, Paranaque"
0.0,0.0,0.0,0.0,0.0,0.0,0.0,0.0,0.0,0.0,0.0,0.0,0.0,0.0,0.0,0.0,P_longicornis,49,"Mla. Mem. Park, Paranaque"
0.0,0.0,0.0,0.0,0.0,0.0,0.0,0.0,0.0,0.0,0.0,0.0,0.0,0.0,0.0,0.0,P_longicornis,50,"Mla. Mem. Park, Paranaque"
0.0,0.0,0.0,0.0,0.0,0.0,0.0,0.0,0.0,0.0,0.0,0.0,0.0,0.0,0.0,0.0,P_longicornis,51,"Mla. Mem. Park, Paranaque"
0.0,0.0,0.0,0.0,0.0,0.0,0.0,0.0,0.0,0.0,0.0,0.0,0.0,0.0,0.0,0.0,P_longicornis,52,"Mla. Mem. Park, Paranaque"
0.0,0.0,0.0,0.0,0.0,0.0,0.0,0.0,0.0,0.0,0.0,0.0,0.0,0.0,0.0,0.0,P_longicornis,53,"Mla. Mem. Park, Paranaque"
0.0,0.0,0.0,0.0,0.0,0.0,0.0,0.0,0.0,0.0,0.0,0.0,0.0,0.0,0.0,0.0,P_longicornis,54,"Mla. Mem. Park, Paranaque"
0.0,0.0,0.0,0.0,0.0,0.0,0.0,0.0,0.0,0.0,0.0,0.0,0.0,0.0,0.0,0.0,P_longicornis,55,"Mla. Mem. Park, Paranaque"
0.0,0.0,0.0,0.0,0.0,0.0,0.0,0.0,0.0,0.0,0.0,0.0,0.0,0.0,0.0,0.0,P_longicornis,56,"Mla. Mem. Park, Paranaque"
0.0,0.0,0.0,0.0,0.0,0.0,0.0,0.0,0.0,0.0,0.0,0.0,0.0,0.0,0.0,0.0,P_longicornis,57,"Mla. Mem. Park, Paranaque"
0.0,0.0,0.0,0.0,0.0,0.0,0.0,0.0,0.0,0.0,0.0,0.0,0.0,0.0,0.0,0.0,P_longicornis,58,"Mla. Mem. Park, Paranaque"
0.0,0.0,0.0,0.0,0.0,0.0,0.0,0.0,0.0,0.0,0.0,0.0,0.0,0.0,0.0,0.0,P_longicornis,59,"Mla. Mem. Park, Paranaque"
0.0,0.0,0.0,0.0,0.0,0.0,0.0,0.0,0.0,0.0,0.0,0.0,0.0,0.0,0.0,0.0,P_longicornis,60,"Mla. Mem. Park, Paranaque"
0.0,0.0,0.0,0.0,0.0,0.0,0.0,0.0,0.0,0.0,0.0,0.0,0.0,0.0,0.0,0.0,P_longicornis,61,"Mla. Mem. Park, Paranaque"
0.0,0.0,0.0,0.0,0.0,0.0,0.0,0.0,0.0,0.0,0.0,0.0,0.0,0.0,0.0,0.0,P_longicornis,62,"Mla. Mem. Park, Paranaque"
0.0,0.0,0.0,0.0,0.0,0.0,0.0,0.0,0.0,0.0,0.0,0.0,0.0,0.0,0.0,0.0,P_longicornis,63,"Mla. Mem. Park, Paranaque"
0.0,0.0,0.0,0.0,0.0,0.0,0.0,0.0,0.0,0.0,0.0,0.0,0.0,0.0,0.0,0.0,P_longicornis,64,"Mla. Mem. Park, Paranaque"
0.0,0.0,0.0,0.0,0.0,0.0,0.0,0.0,0.0,0.0,0.0,0.0,0.0,0.0,0.0,0.0,P_longicornis,65,"Mla. Mem. Park, Paranaque"
0.0,0.0,0.0,0.0,0.0,0.0,0.0,0.0,0.0,0.0,0.0,0.0,0.0,0.0,0.0,0.0,P_longicornis,66,"Mla. Mem. Park, Paranaque"
0.0,0.0,0.0,0.0,0.0,0.0,0.0,0.0,0.0,0.0,0.0,0.0,0.0,0.0,0.0,0.0,P_longicornis,67,"Mla. Mem. Park, Paranaque"
0.0,0.0,0.0,0.0,0.0,0.0,0.0,0.0,0.0,0.0,0.0,0.0,0.0,0.0,0.0,0.0,P_longicornis,68,"Mla. Mem. Park, Paranaque"
0.0,0.0,0.0,0.0,0.0,0.0,0.0,0.0,0.0,0.0,0.0,0.0,0.0,0.0,0.0,0.0,P_longicornis,69,"Mla. Mem. Park, Paranaque"
0.0,0.0,0.0,0.0,0.0,0.0,0.0,0.0,0.0,0.0,0.0,0.0,0.0,0.0,0.0,0.0,P_longicornis,70,"Mla. Mem. Park, Paranaque"
0.0,0.0,0.0,0.0,0.0,0.0,0.0,0.0,0.0,0.0,0.0,0.0,0.0,0.0,0.0,0.0,P_longicornis,71,"Mla. Mem. Park, Paranaque"
0.0,0.0,0.0,0.0,0.0,0.0,0.0,0.0,0.0,0.0,0.0,0.0,0.0,0.0,0.0,0.0,P_longicornis,72,"Mla. Mem. Park, Paranaque"
0.0,0.0,0.0,0.0,0.0,0.0,0.0,0.0,0.0,0.0,0.0,0.0,0.0,0.0,0.0,0.0,P_longicornis,73,"Mla. Mem. Park, Paranaque"
0.0,0.0,0.0,0.0,0.0,0.0,0.0,0.0,0.0,0.0,0.0,0.0,0.0,0.0,0.0,0.0,P_longicornis,74,"Mla. Mem. Park, Paranaque"
0.0,0.0,0.0,0.0,0.0,0.0,0.0,0.0,0.0,0.0,0.0,0.0,0.0,0.0,0.0,0.0,P_longicornis,75,"Mla. Mem. Park, Paranaque"
0.0,0.0,0.0,0.0,0.0,0.0,0.0,0.0,0.0,0.0,0.0,0.0,0.0,0.0,0.0,0.0,P_longicornis,76,"Mla. Mem. Park, Paranaque"
0.0,0.0,0.0,0.0,0.0,0.0,0.0,0.0,0.0,0.0,0.0,0.0,0.0,0.0,0.0,0.0,P_longicornis,77,"Mla. Mem. Park, Paranaque"
0.0,0.0,0.0,0.0,0.0,0.0,0.0,0.0,0.0,0.0,0.0,0.0,0.0,0.0,0.0,0.0,P_longicornis,78,"Mla. Mem. Park, Paranaque"
0.0,0.0,0.0,0.0,0.0,0.0,0.0,0.0,0.0,0.0,0.0,0.0,0.0,0.0,0.0,0.0,P_longicornis,79,"Mla. Mem. Park, Paranaque"
0.0,0.0,0.0,0.0,0.0,0.0,0.0,0.0,0.0,0.0,0.0,0.0,0.0,0.0,0.0,0.0,P_longicornis,80,"Mla. Mem. Park, Paranaque"
0.0,0.0,0.0,0.0,0.0,0.0,0.0,0.0,0.0,0.0,0.0,0.0,0.0,0.0,0.0,0.0,P_longicornis,81,"Mla. Mem. Park, Paranaque"
0.0,0.0,0.0,0.0,0.0,0.0,0.0,0.0,0.0,0.0,0.0,0.0,0.0,0.0,0.0,0.0,P_longicornis,82,"Mla. Mem. Park, Paranaque"
0.0,0.0,0.0,0.0,0.0,0.0,0.0,0.0,0.0,0.0,0.0,0.0,0.0,0.0,0.0,0.0,P_longicornis,83,"Mla. Mem. Park, Paranaque"
0.0,0.0,0.0,0.0,0.0,0.0,0.0,0.0,0.0,0.0,0.0,0.0,0.0,0.0,0.0,0.0,P_longicornis,84,"Mla. Mem. Park, Paranaque"
0.0,0.0,0.0,0.0,0.0,0.0,0.0,0.0,0.0,0.0,0.0,0.0,0.0,0.0,0.0,0.0,P_longicornis,85,"Mla. Mem. Park, Paranaque"
0.0,0.0,0.0,0.0,0.0,0.0,0.0,0.0,0.0,0.0,0.0,0.0,0.0,0.0,0.0,0.0,P_longicornis,86,"Mla. Mem. Park, Paranaque"
0.0,0.0,0.0,0.0,0.0,0.0,0.0,0.0,0.0,0.0,0.0,0.0,0.0,0.0,0.0,0.0,P_longicornis,87,"Mla. Mem. Park, Paranaque"
0.0,0.0,0.0,0.0,0.0,0.0,0.0,0.0,0.0,0.0,0.0,0.0,0.0,0.0,0.0,0.0,P_longicornis,88,"Mla. Mem. Park, Paranaque"
0.0,0.0,0.0,0.0,0.0,0.0,0.0,0.0,0.0,0.0,0.0,0.0,0.0,0.0,0.0,0.0,P_longicornis,89,"Mla. Mem. Park, Paranaque"
0.0,0.0,0.0,0.0,0.0,0.0,0.0,0.0,0.0,0.0,0.0,0.0,0.0,0.0,0.0,0.0,P_longicornis,90,"Mla. Mem. Park, Paranaque"
0.0,0.0,0.0,0.0,0.0,0.0,0.0,0.0,0.0,0.0,0.0,0.0,0.0,0.0,0.0,0.0,P_longicornis,91,"Mla. Mem. Park, Paranaque"
0.0,0.0,0.0,0.0,0.0,0.0,0.0,0.0,0.0,0.0,0.0,0.0,0.0,0.0,0.0,0.0,P_longicornis,92,"Mla. Mem. Park, Paranaque"
0.0,0.0,0.0,0.0,0.0,0.0,0.0,0.0,0.0,0.0,0.0,0.0,0.0,0.0,0.0,0.0,P_longicornis,93,"Mla. Mem. Park, Paranaque"
0.0,0.0,0.0,0.0,0.0,0.0,0.0,0.0,0.0,0.0,0.0,0.0,0.0,0.0,0.0,0.0,P_longicornis,94,"Mla. Mem. Park, Paranaque"
0.0,0.0,0.0,0.0,0.0,0.0,0.0,0.0,0.0,0.0,0.0,0.0,0.0,0.0,0.0,0.0,P_longicornis,95,"Mla. Mem. Park, Paranaque"
0.0,0.0,0.0,0.0,0.0,0.0,0.0,0.0,0.0,0.0,0.0,0.0,0.0,0.0,0.0,0.0,P_longicornis,96,"Mla. Mem. Park, Paranaque"
0.0,0.0,0.0,0.0,0.0,0.0,0.0,0.0,0.0,0.0,0.0,0.0,0.0,0.0,0.0,0.0,P_longicornis,97,"Mla. Mem. Park, Paranaque"
0.0,0.0,0.0,0.0,0.0,0.0,0.0,0.0,0.0,0.0,0.0,0.0,0.0,0.0,0.0,0.0,P_longicornis,98,"Mla. Mem. Park, Paranaque"
0.0,0.0,0.0,0.0,0.0,0.0,0.0,0.0,0.0,0.0,0.0,0.0,0.0,0.0,0.0,0.0,P_longicornis,99,"Mla. Mem. Park, Paranaque"
0.93,0.0484531380244766,0.8373232896501909,0.005262614797234547,0.61,0.0564927690055551,0.5405774163619494,0.005675926431261256,0.37,0.06151158827870034,0.6032249537404176,0.008062384351044146,0.01,0.0028194444444444447,0.8764460897732531,0.005784359093012495,P_longicornis,0,"Boni Av., Mandaluyong"
1.0,0.05095034170152208,0.8415711617105064,0.006967233806230121,0.74,0.08106907376920196,0.5702904396934247,0.010437676482452602,0.26,0.05226831336675597,0.6079534305709987,0.0118385767545294,0.01,0.0025,0.879435047553961,0.009226037929267043,P_longicornis,1,"Boni Av., Mandaluyong"
0.86,0.038953342988040755,0.8316932838629887,0.008119589181050707,0.98,0.06675477665194204,0.5472987176792096,0.010458272020180787,0.21,0.05509855737583079,0.6041708043694141,0.013306852035749751,0.06,0.02181135760515723,0.8673171301706006,0.010458050946482823,S_geminata,2,"Boni Av., Mandaluyong"
0.76,0.03956879103994856,0.8315513855553132,0.006436831769583242,0.62,0.06310749073322172,0.5455555555555556,0.005873015873015873,0.28,0.025652777777777778,0.583871186901284,0.009851212718255316,0.03,0.018867039324753056,0.8528449547758035,0.009622169478478415,P_longicornis,3,"Boni Av., Mandaluyong"
0.98,0.03844791216837047,0.8379024545744341,0.005950483476782489,0.52,0.057352911505060215,0.5584489838349187,0.009252040126825718,0.33,0.03270833333333334,0.5932521087160263,0.014861427232561253,0.02,0.0027083333333333334,0.8743197278911564,0.010884353741496598,P_longicornis,4,"Boni Av., Mandaluyong"
0.91,0.04265653137698365,0.8236468620150019,0.009659489504074253,0.7,0.05831982861507179,0.5552687038988409,0.008324552160168598,0.45,0.06783704150591911,0.6004549407907941,0.013112999264066368,0.02,0.0037638888888888887,0.8753125908694388,0.007909275952311718,P_longicornis,5,"Boni Av., Mandaluyong"
0.96,0.04870137156025947,0.8335751813860395,0.006154615961971479,0.75,0.0680438312953974,0.56375394643039,0.007027192178429576,0.29,0.04190153781124139,0.6069064936766922,0.016643732389751656,0.04,0.009402777777777777,0.8566423357664233,0.010627737226277372,P_longicornis,6,"Boni Av., Mandaluyong"
0.55,0.025591269416848812,0.8252479809203751,0.009539812455959673,0.89,0.07145664791685209,0.5581087951194713,0.009811896288764617,0.37,0.05264831118775574,0.6054300435988902,0.01466508125247721,0.05,0.0601180507478452,0.8681951793062904,0.01064079952968842,S_geminata,7,"Boni Av., Mandaluyong"
0.67,0.036904082736071986,0.8410715203866522,0.007198313537971104,0.42,0.028079987599157773,0.5327746843817189,0.007883565797453002,0.4,0.04317689441547598,0.5851946825021931,0.012551454214184493,0.08,0.049458958506242,0.8625673834488479,0.010899828209229311,P_longicornis,8,"Boni Av., Mandaluyong"
0.97,0.05463498272658575,0.8342396880771599,0.0063615842396880775,0.5,0.040418987965556596,0.5370259860033635,0.008734335159767808,0.23,0.036377687090384546,0.575187180743125,0.01448464068294731,0.02,0.006711356010615715,0.8636694134755211,0.011754726126999515,P_longicornis,9,"Boni Av., Mandaluyong"
1.09,0.05705895982784622,0.8308894298816736,0.005718167921644115,0.7,0.05857025986168816,0.5463995668651868,0.010232809962100704,0.24,0.03079278506945029,0.5944944051623533,0.007551314615226196,0.03,0.040660230099287195,0.8718319638930679,0.005959958338155306,P_longicornis,10,"Boni Av., Mandaluyong"
1.05,0.05151739997287009,0.8416208155499563,0.00622203938910886,0.96,0.08443583447547189,0.567127043769676,0.00817507870417386,0.26,0.04245356329660952,0.5770119773061567,0.007424528962667227,0.05,0.011777777777777778,0.8623387238017397,0.005838052425710783,P_longicornis,11,"Boni Av., Mandaluyong"
0.88,0.04984740707222001,0.8396259792772303,0.006166287591609806,0.57,0.05374607946677427,0.5487713675213676,0.009829059829059829,0.42,0.05305548597016683,0.5976924661767735,0.009683400865325183,0.02,0.004930555555555555,0.8743994509265615,0.010409517272935254,P_longicornis,12,"Boni Av., Mandaluyong"
1.05,0.057220844693813944,0.8325043195978847,0.007696738049112519,0.83,0.07415441256658456,0.5574136587899247,0.008673071929368996,0.36,0.04856734565245172,0.591118530884808,0.010484140233722872,0.02,0.006375,0.8541996830427893,0.011386981276046253,P_longicornis,13,"Boni Av., Mandaluyong"
0.78,0.031039275995145173,0.8310733819507748,0.0071216955332725615,0.98,0.06477335925549196,0.568210197710718,0.008116545265348595,0.25,0.036193489878354954,0.5928118975488846,0.01466538143762049,0.06,0.015250000000000001,0.8868704052494076,0.0061364602952791785,S_geminata,14,"Boni Av., Mandaluyong"
0.86,0.04044459117201858,0.8273512527496111,0.006974623102097752,0.63,0.07392235999068107,0.5553567777550603,0.009762829687180535,0.35,0.05487991063437437,0.5868340685442823,0.007125890736342043,0.03,0.017325350915350653,0.8643917963224894,0.005893446487505893,P_longicornis,15,"Boni Av., Mandaluyong"
1.01,0.06422235015327502,0.8419656708201971,0.007256167742581194,0.68,0.06114468032724873,0.5396986535584527,0.005823893994443257,0.43,0.05202428357410021,0.5784408751038493,0.011284962614234284,0.02,0.010373864990045906,0.8726476040671872,0.008257963035784506,P_longicornis,16,"Boni Av., Mandaluyong"
0.66,0.042151940284010765,0.8427926475330538,0.007739438890680426,0.87,0.07582571304095113,0.5685613682092555,0.008098591549295774,0.13,0.015398148148148147,0.5952834035612342,0.014068234334647274,0.1,0.076111074519951,0.8711239770639648,0.008294828258086065,S_geminata,17,"Boni Av., Mandaluyong"
0.54,0.032175834496412536,0.8374936609004339,0.005691102721586747,0.58,0.046422203481293424,0.5578077287564494,0.008634305570180056,0.4,0.04577904131596963,0.6032612357657839,0.01239808638231925,0.02,0.0066388888888888895,0.8819250465549349,0.011813314711359404,S_geminata,18,"Boni Av., Mandaluyong"
0.67,0.04017901053643069,0.8287805150550248,0.007206301323948383,1.09,0.09581586779722774,0.5633216926869351,0.007292522596548891,0.27,0.04468235168720908,0.6108238989594922,0.014593285779726458,0.01,0.0019444444444444446,0.8700196753566158,0.006394490900147565,S_geminata,19,"Boni Av., Mandaluyong"
0.86,0.042099159941189436,0.844802118881475,0.006570569958742933,1.08,0.0929575906550408,0.5796901213855719,0.007056153162932991,0.3,0.059693982191018465,0.5942447008317682,0.012677756909042125,0.01,0.004194444444444444,0.8694598747193003,0.011937123271480913,S_geminata,20,"Boni Av., Mandaluyong"
0.87,0.03752628634225857,0.8371467735132855,0.009067903838043019,0.62,0.0647221185963528,0.5622036693465264,0.012059369202226345,0.3,0.0578428091485314,0.6192083062946139,0.014211550940947436,0.03,0.009486111111111112,0.874864962189413,0.009782739166966752,P_longicornis,21,"Boni Av., Mandaluyong"
1.12,0.05897806600880051,0.8438705847432473,0.007371128920550114,0.84,0.09344579694945937,0.5664981427981841,0.009543953776310359,0.42,0.05450880358152161,0.6011623192323287,0.014393837005000677,0.03,0.016245191023672452,0.8813070084285879,0.006003925643690105,P_longicornis,22,"Boni Av., Mandaluyong"
1.22,0.06418762065649551,0.8499583353757169,0.006813391500416646,0.85,0.0694761069851943,0.5484741101179458,0.006611307981170995,0.27,0.054956409990931744,0.5998933404439704,0.014265715618958737,0.04,0.05947214992364073,0.8745391705069124,0.007315668202764977,P_longicornis,23,"Boni Av., Mandaluyong"
0.92,0.050583624542248656,0.8418299963019705,0.00565270220296899,0.86,0.08109376528820972,0.5563423645320197,0.012520525451559935,0.36,0.06256949542050239,0.6091220218507305,0.016651309727524023,0.03,0.0329515409590049,0.8567921440261865,0.005962122983399579,P_longicornis,24,"Boni Av., Mandaluyong"
0.71,0.02977663982083178,0.828565152929548,0.00906045796496623,1.32,0.11599415779272661,0.5917696246535444,0.0054023582468173065,0.22,0.04167162264488785,0.5831230726100365,0.008270255116344266,0.04,0.0217134558932658,0.8677690582959642,0.007903587443946189,S_geminata,25,"Boni Av., Mandaluyong"
0.63,0.030051565426597208,0.8243406593406594,0.009230769230769232,0.73,0.07838759958058795,0.5667840555300362,0.010003572704537335,0.28,0.04870938673619661,0.6029629629629629,0.01872053872053872,0.05,0.051841013346221675,0.8499371983869901,0.006544589145236993,S_geminata,26,"Boni Av., Mandaluyong"
0.86,0.042501428858144924,0.8310375472117307,0.007831592979337925,0.56,0.04512335735252401,0.5474382286875602,0.010535886191036474,0.22,0.04566313803171836,0.5963036303630364,0.012475247524752476,0.01,0.004819444444444445,0.8711395101171459,0.012187906756596853,P_longicornis,27,"Boni Av., Mandaluyong"
1.07,0.06531615285219361,0.8508893233512946,0.00505459920843069,1.07,0.0827787799698642,0.5397218928532931,0.005605260321224534,0.43,0.05839331368157168,0.5902848251133211,0.007171368648941208,0.04,0.009648347058121494,0.868671828469327,0.01042287075640262,P_longicornis,28,"Boni Av., Mandaluyong"
1.13,0.0692805574575908,0.8559159389693888,0.005037904231839555,0.73,0.0552697041507428,0.5510987838702796,0.006667377853637722,0.25,0.06655255040851471,0.5936752591017805,0.012357161838958278,0.07,0.07923244772486952,0.8711963318049187,0.0068480914666825465,P_longicornis,29,"Boni Av., Mandaluyong"
0.91,0.04246314857472814,0.8310708898944194,0.008685702397669944,0.74,0.06017964334358701,0.551718667371761,0.012797461660497092,0.25,0.03799539698600831,0.6024739759361903,0.015006083547384075,0.03,0.0060813135190465745,0.874280521054226,0.007512874886398061,P_longicornis,30,"Boni Av., Mandaluyong"
0.83,0.05184341483274384,0.840509247656759,0.007769034133627387,0.73,0.06039142166008163,0.5407411420522267,0.008018203489002059,0.42,0.06160151738380736,0.6059205679458844,0.014935369365749112,0.02,0.009683415360583071,0.8698597575469456,0.0060613263608271925,P_longicornis,31,"Boni Av., Mandaluyong"
0.93,0.04237886663860051,0.8371222251939021,0.008558438085049478,0.86,0.09300880539813813,0.5679653243284108,0.008769719268182046,0.38,0.0655904476893538,0.5993105277114824,0.008353221957040573,0.03,0.0040277777777777786,0.8705085131826206,0.008484710437902169,P_longicornis,32,"Boni Av., Mandaluyong"
1.08,0.05748822604111585,0.8304741608950453,0.008630793819925413,0.74,0.06791122603595953,0.5590192465192465,0.011107698607698608,0.63,0.08049928416167192,0.6178553038105047,0.012937693099897013,0.02,0.0065694444444444455,0.8716014734257148,0.009822838098579197,P_longicornis,33,"Boni Av., Mandaluyong"
0.95,0.05934570883881602,0.8312999794955915,0.00799671929464835,0.95,0.08298433075758282,0.5695948656237465,0.009275972723626152,0.15,0.038954043949667484,0.5933815925542916,0.016546018614270942,0.03,0.04889757656760344,0.8674729471674093,0.009929980903882878,P_longicornis,34,"Boni Av., Mandaluyong"
0.61,0.02651873225764449,0.8301077695649721,0.005868081024657225,0.81,0.056736024288050906,0.5506386617497728,0.009887232109454332,0.31,0.056128262217460645,0.5971030042918455,0.012942596566523605,0.04,0.014999999999999998,0.8783744557329463,0.00795355587808418,S_geminata,35,"Boni Av., Mandaluyong"
1.21,0.0668390719864103,0.8562149950581258,0.0060243799124582295,0.46,0.04628013127389967,0.5429497568881686,0.006212857914640735,0.21,0.040288883093119746,0.5772815804117974,0.013494713411240956,0.02,0.0041089979088508016,0.8634586466165414,0.009263157894736843,P_longicornis,36,"Boni Av., Mandaluyong"
1.17,0.05647454497842094,0.8423951851474039,0.0052534938284198715,0.77,0.07192129266727812,0.555973070299045,0.006941182610510934,0.4,0.053816782299559315,0.597506678539626,0.012809096513459826,0.05,0.006447390572390573,0.8738598175708113,0.00600096015362458,P_longicornis,37,"Boni Av., Mandaluyong"
0.82,0.028994488536155202,0.8218811766073713,0.008719916288803628,0.78,0.06462434822051627,0.5584604968491225,0.007916254361751992,0.32,0.03440277777777778,0.5788026668499553,0.009691387724242216,0.05,0.017569444444444447,0.8764145658263305,0.006778711484593838,P_longicornis,38,"Boni Av., Mandaluyong"
0.92,0.03582876382876383,0.8343628939378076,0.009527798136320804,0.65,0.050910420370638185,0.5547916882042799,0.013077638788380027,0.55,0.06982169095294996,0.6180095414789293,0.013914656771799629,0.04,0.013709407447189402,0.880310221090404,0.011286028475518,P_longicornis,39,"Boni Av., Mandaluyong"
1.07,0.06097667458258799,0.8403007230761864,0.006656131781832112,0.69,0.060582952500330745,0.5581518012553405,0.006645920143467482,0.35,0.0643797956202994,0.617084517963298,0.015443266994055311,0.05,0.016799524885842076,0.8820221462113745,0.00573946315728448,P_longicornis,40,"Boni Av., Mandaluyong"
0.89,0.045748442038723976,0.8375969631952468,0.008417230566100017,0.96,0.08850989945663315,0.5754329762739013,0.009360296325958554,0.28,0.03707255079276677,0.5977522040514166,0.012248468941382326,0.01,0.05178559599110008,0.8638106249619668,0.009006267875616139,S_geminata,41,"Boni Av., Mandaluyong"
0.65,0.057021058793982775,0.8510432766615147,0.005651081916537867,0.81,0.07561915179426901,0.560188746986716,0.008975739857413961,0.51,0.08304988972113352,0.6182564503518374,0.008405003909304144,0.09,0.06207305817909288,0.8794318116730626,0.005842259006815969,S_geminata,42,"Boni Av., Mandaluyong"
0.65,0.02449140211640212,0.8264179672630377,0.008592093099135353,0.62,0.06630023066904994,0.5554790530162598,0.009374503469095916,0.32,0.026352025246220004,0.6005821036956817,0.014687965344524163,0.05,0.032277502225594716,0.867233238904627,0.007302486622599937,P_longicornis,43,"Boni Av., Mandaluyong"
0.77,0.03879736348243663,0.851776322850703,0.0072984866373296126,0.82,0.057083200462036784,0.5446871085452862,0.006807908066009476,0.47,0.0711622886895369,0.6059814548778895,0.012080449262113099,0.03,0.01169725979746763,0.8854561677448137,0.009034128931519073,S_geminata,44,"Boni Av., Mandaluyong"
0.75,0.039653908285932044,0.8390193472160685,0.005661399104022055,0.9,0.07283681102638483,0.5660719842340006,0.006119697126854061,0.43,0.061160803587561534,0.5830405405405406,0.016283783783783784,0.04,0.010986460138165557,0.8830642723260173,0.009069472156720479,S_geminata,45,"Boni Av., Mandaluyong"
0.95,0.04381067418360063,0.8349454300936223,0.007396679253090571,0.69,0.08249156714225629,0.5615921716528209,0.0073390754803526834,0.37,0.04422871566159507,0.5996555607074253,0.013247665099026296,0.0,0.0005277777777777778,0.8575491960294886,0.0077204388459975615,P_longicornis,46,"Boni Av., Mandaluyong"
1.04,0.045530569122991506,0.8301571920757967,0.005544788975021533,0.68,0.05556924333259192,0.5542085759661196,0.010640550555849657,0.24,0.040479319738798286,0.6025504072639872,0.018894378421685138,0.01,0.002138888888888889,0.8778511921861534,0.006607296753806378,P_longicornis,47,"Boni Av., Mandaluyong"
0.9,0.039831740301156326,0.8297294237518397,0.005830408694667723,0.59,0.047609277349677674,0.5586553732133404,0.010481736368448914,0.42,0.07520045283596548,0.5842155266015201,0.015404451682953312,0.0,0.0011250000000000001,0.8695571728136179,0.0075243616627605776,P_longicornis,48,"Boni Av., Mandaluyong"
0.97,0.04625361186875036,0.8396255371393493,0.007929199918150194,0.65,0.0511105031622273,0.5453909863396794,0.006830160266752716,0.48,0.059727239940246264,0.5813016747933009,0.007843968624125503,0.05,0.01446250701459035,0.8818070390474523,0.01015583960777447,P_longicornis,49,"Boni Av., Mandaluyong"
0.95,0.0504430762390484,0.8485045839386804,0.007063774360002004,0.84,0.07536511800732815,0.5572935425778235,0.011268330331875482,0.21,0.03127982775937987,0.5792802923812201,0.00801236997469778,0.06,0.01275,0.8717330116606353,0.005916479981618703,P_longicornis,50,"Boni Av., Mandaluyong"
1.03,0.05542449348573703,0.8482397232397232,0.007326007326007326,1.09,0.09767287962683552,0.5806592553036555,0.00611680178649449,0.2,0.04501526975886894,0.5916852264291017,0.013970439360194372,0.03,0.007236111111111112,0.8802133269415149,0.006112176414189837,S_geminata,51,"Boni Av., Mandaluyong"
1.06,0.04745113322891101,0.8347275959426959,0.005385339328662553,0.6,0.060979268472367794,0.5314539571107333,0.005868480228157736,0.47,0.07098195239484063,0.5981942796889416,0.016475550283379464,0.01,0.006753722794959908,0.8622532645004555,0.011235955056179775,P_longicornis,52,"Boni Av., Mandaluyong"
0.98,0.05556145365754518,0.8388511749347258,0.005848563968668407,0.43,0.04300879421110479,0.5461832266394104,0.005863682823174996,0.34,0.05190970278408731,0.6127611292798505,0.009944603884402322,0.04,0.014347222222222223,0.8738056199468536,0.006445411884434896,P_longicornis,53,"Boni Av., Mandaluyong"
0.88,0.052044700653642,0.8463375796178344,0.00527468152866242,0.71,0.047101930808310724,0.5377207945853739,0.007648709624167721,0.36,0.05726788391622237,0.6233145699698913,0.009098049482916612,0.07,0.05601554200810985,0.8754434145783271,0.009840942899645268,P_longicornis,54,"Boni Av., Mandaluyong"
0.95,0.04823763073562613,0.831398931799507,0.008268282662284306,0.76,0.07277472053198747,0.54995023311855,0.00963905914400964,0.27,0.04327250408727526,0.5984424920127795,0.015375399361022364,0.02,0.007391133557800225,0.8826419837732831,0.005827905382242029,P_longicornis,55,"Boni Av., Mandaluyong"
0.84,0.03817559523809523,0.8330001176055509,0.006056685875573327,0.66,0.06693109356265586,0.5559664565862805,0.007187874368456691,0.36,0.041049485137706856,0.6122123187441798,0.015032592789676733,0.06,0.09182659775573082,0.8684772829509672,0.00708502024291498,P_longicornis,56,"Boni Av., Mandaluyong"
1.12,0.06074234483547457,0.8410609134544015,0.006432777475382255,0.73,0.07019491313562634,0.5760520992648873,0.005772361734668706,0.37,0.05869590722507948,0.6006027648561881,0.014872567647251523,0.03,0.044005087375479,0.8718233407352578,0.010486059708857636,P_longicornis,57,"Boni Av., Mandaluyong"
0.68,0.04665618322968404,0.8408425378885178,0.005651168764449011,0.85,0.06334825136144787,0.5503633373998833,0.006258950830106615,0.27,0.027555555555555555,0.5899721448467966,0.012116991643454039,0.01,0.010542793108289967,0.8618126888217522,0.008096676737160122,S_geminata,58,"Boni Av., Mandaluyong"
0.99,0.05330248852901721,0.8637136424206222,0.005330147498047144,0.85,0.08089425730026242,0.5600061308945997,0.007561436672967864,0.31,0.04814321880448918,0.6015255839071149,0.016740920750641285,0.04,0.04527653217577588,0.8842080627230706,0.005909543034345562,P_longicornis,59,"Boni Av., Mandaluyong"
0.94,0.055732555735993464,0.8423185432162092,0.008617594254937163,0.65,0.047512423185764145,0.5388709677419354,0.007903225806451614,0.39,0.0516993886905239,0.6024761135782533,0.008545283272776209,0.02,0.007722222222222223,0.8831620908427377,0.008534051990343046,P_longicornis,60,"Boni Av., Mandaluyong"
0.79,0.0375706893910422,0.8296050519105213,0.0063684041528417,0.49,0.06555073127463462,0.5704998992138681,0.007810925216690184,0.42,0.041950032609180475,0.5884494224711235,0.007350367518375919,0.03,0.005596392185384255,0.8477700693756194,0.009910802775024777,P_longicornis,61,"Boni Av., Mandaluyong"
0.84,0.03754317587831484,0.8306173363766655,0.00960772864801741,0.5,0.061345852195814586,0.5678477954499698,0.008254479565129856,0.35,0.032777777777777774,0.5846905537459284,0.01696525515743757,0.01,0.0023472222222222223,0.8657941564778141,0.005855002583089375,P_longicornis,62,"Boni Av., Mandaluyong"
1.0,0.06343716980579399,0.8427828545463725,0.006563336194274751,0.82,0.049,0.5124174604102144,0.005901945889090166,0.35,0.05675573949463554,0.5980372785352038,0.016334057827833762,0.02,0.005065207662012173,0.8654205607476636,0.008079589990955684,P_longicornis,63,"Boni Av., Mandaluyong"
0.78,0.03390316191010635,0.8276548672566372,0.005696902654867257,0.55,0.06535415961623829,0.5621632611568568,0.00894581681406933,0.39,0.07407288747556236,0.6027958387516255,0.014564369310793237,0.02,0.0071111111111111115,0.864271225731672,0.007418139669660968,P_longicornis,64,"Boni Av., Mandaluyong"
1.29,0.060017519906170436,0.8392549694787916,0.00855637293264465,0.81,0.0616436484647734,0.5473745810501676,0.010054795978081609,0.28,0.05816345837265344,0.5862739836307527,0.014557896149201664,0.05,0.07028553472056066,0.8766237325294601,0.008769525897506167,P_longicornis,65,"Boni Av., Mandaluyong"
0.85,0.04453839182377405,0.8430140429484727,0.005573465930823452,0.74,0.05228432466990259,0.5471446124258774,0.006837972113894973,0.4,0.08952660725948923,0.595883134130146,0.009229747675962815,0.06,0.030563759132249867,0.8665490553152743,0.008707033917596176,P_longicornis,66,"Boni Av., Mandaluyong"
1.21,0.05803084904138525,0.8420813106796117,0.006169093851132686,1.06,0.07562781086249667,0.5551041941440253,0.008704827222368768,0.25,0.043799910176370305,0.5975448785638859,0.01260559662090813,0.03,0.067352963871879,0.880825894079632,0.005476751191193384,P_longicornis,67,"Boni Av., Mandaluyong"
1.0,0.052735472664677464,0.8438914027149321,0.00632455779514603,0.67,0.055135774188749306,0.5435700368045031,0.006873782203940247,0.3,0.029944053434967723,0.5865443425076453,0.013863404689092763,0.02,0.011368480725623586,0.8690223792697291,0.009893992932862191,P_longicornis,68,"Boni Av., Mandaluyong"
0.85,0.036936728395061735,0.8386160836481086,0.008704220725899162,0.64,0.050832610825554375,0.5333333333333333,0.007296849087893864,0.37,0.06079821994313107,0.6097736490906712,0.013999738322648175,0.03,0.013754629629629629,0.8512520169724497,0.007709316918663719,P_longicornis,69,"Boni Av., Mandaluyong"
1.09,0.05515704261027352,0.85191381495564,0.0054245880861850445,0.78,0.06277570037986704,0.5450269527534087,0.005601944826128316,0.33,0.042964570922975884,0.5940921995403542,0.0194673516290388,0.04,0.021275627865371474,0.8684615384615385,0.01088757396449704,P_longicornis,70,"Boni Av., Mandaluyong"
0.64,0.0421041356182377,0.8404802744425386,0.007416002421551811,0.81,0.06569153147912206,0.5543155149934811,0.010169491525423728,0.32,0.04073129156611776,0.6085994097129058,0.013281459618996513,0.01,0.0028842486651411135,0.8690099807823446,0.006137251255346848,S_geminata,71,"Boni Av., Mandaluyong"
0.87,0.04254767635276258,0.8374870962984811,0.007570171557784004,0.65,0.052660493827160496,0.5446628913345443,0.006731488406881077,0.6,0.08087159553873882,0.6129680010364037,0.01198341754113227,0.02,0.04554981819245665,0.8724079559881507,0.006488926505854141,P_longicornis,72,"Boni Av., Mandaluyong"
0.76,0.03787268052239458,0.8349958000839983,0.005774884502309954,0.9,0.07453863805835917,0.5665360541448272,0.010279375095414992,0.39,0.059271334946984035,0.5874983339997334,0.009196321471411436,0.1,0.07752797950257424,0.8769150719777996,0.007920448632710875,S_geminata,73,"Boni Av., Mandaluyong"
1.08,0.04904805908562308,0.8320402141842421,0.008578297453830182,0.87,0.08555693735401593,0.5595618439068918,0.005324813631522897,0.6,0.0817463606809345,0.6151281380753139,0.011048640167364017,0.03,0.01505611672278339,0.8834181902337422,0.010067114093959731,P_longicornis,74,"Boni Av., Mandaluyong"
1.26,0.06130022586238911,0.8610185185185185,0.004953703703703704,0.91,0.09511135132273342,0.5556531170910594,0.007489282578379216,0.42,0.055289050561391925,0.5953383880932323,0.007231114855377703,0.04,0.03965731663035584,0.8757573902931636,0.006120325601321991,P_longicornis,75,"Boni Av., Mandaluyong"
0.73,0.04048692579411236,0.8428463285389857,0.007267221801665405,0.98,0.08280427414943081,0.557130385662199,0.008935449083346172,0.34,0.05958857948605413,0.6037982118384129,0.015466945115186322,0.0,0.0005,0.870008899436369,0.0072382082468110355,S_geminata,76,"Boni Av., Mandaluyong"
1.07,0.050301661144572504,0.8514607532558958,0.007844320410318299,0.88,0.08583441747697326,0.5540138224348751,0.005741626794258373,0.3,0.02302777777777778,0.5951649525844798,0.012621877921731,0.05,0.05499770444718641,0.8709098279955986,0.00862917704291423,P_longicornis,77,"Boni Av., Mandaluyong"
0.91,0.05362478643999832,0.8468772360216702,0.005315342941837882,0.72,0.04935243874690377,0.5282219869616092,0.008135064356159804,0.44,0.07075053101682202,0.5881607892807146,0.008332777814812346,0.02,0.013569444444444443,0.8731181601022165,0.009610577190156103,P_longicornis,78,"Boni Av., Mandaluyong"
1.19,0.06757458568762602,0.8480642442869182,0.007138254102017548,0.91,0.09526141084614126,0.5767031450261264,0.005619639160011831,0.54,0.08576711819559243,0.6144711226476314,0.010253082414016871,0.07,0.024402243547293312,0.8727482678983833,0.008775981524249422,P_longicornis,79,"Boni Av., Mandaluyong"
0.89,0.052111751594066884,0.8418602395616119,0.007128655254352359,0.73,0.060705289823345374,0.5561272217025257,0.00841908325537886,0.42,0.06093230003190596,0.6088817549491706,0.010032102728731942,0.05,0.061557735541534334,0.8689948794660837,0.007939704274782808,P_longicornis,80,"Boni Av., Mandaluyong"
1.03,0.06629700131907659,0.8539336913148431,0.006749100940933051,0.67,0.0774472573551773,0.5657691912444764,0.007039358750385367,0.34,0.05390666427761884,0.589700531766023,0.008886090120347048,0.04,0.04316708407333407,0.8654376724354151,0.006458490092801605,P_longicornis,81,"Boni Av., Mandaluyong"
0.7,0.034812108089344165,0.8351466283757663,0.00822886176616778,0.73,0.06944768596504663,0.5624153381264979,0.006095654892153798,0.35,0.037205605100141745,0.5895169578622816,0.012675573826652964,0.03,0.009953769351184402,0.8667780459130005,0.011137924633376647,S_geminata,82,"Boni Av., Mandaluyong"
0.92,0.04962084215387905,0.8490471162065671,0.006486649570070901,0.84,0.06909942256817259,0.5565318653398263,0.013815371585856447,0.51,0.08179377578839844,0.6104278424702342,0.01628941515111867,0.03,0.01288888888888889,0.8775073703682293,0.008150760159546794,P_longicornis,83,"Boni Av., Mandaluyong"
0.69,0.033505923119831076,0.8318676486753875,0.008299439375618336,0.73,0.06785195125842938,0.5534440568542719,0.0065601082938512,0.39,0.0658802932391333,0.6064799190010125,0.012487343908201148,0.02,0.006319444444444445,0.8718753441250964,0.010020922805858385,S_geminata,84,"Boni Av., Mandaluyong"
0.93,0.03170833333333333,0.8106095589933041,0.009812976217963518,0.71,0.06911507646497216,0.5701208718960198,0.009760784908713903,0.43,0.059933974704245725,0.600981908669043,0.01089515098527137,0.01,0.005652777777777778,0.8737466866428489,0.009219776420421804,P_longicornis,85,"Boni Av., Mandaluyong"
0.75,0.03338548514242959,0.842030645073341,0.008451933038878891,0.75,0.07311855145109515,0.5607544432354008,0.010777760505725686,0.46,0.062285163314232644,0.6160761154855643,0.014566929133858268,0.02,0.004194444444444445,0.864560845358482,0.005681172594023407,P_longicornis,86,"Boni Av., Mandaluyong"
0.63,0.035290820257700896,0.8381317642114111,0.00704003362404119,0.68,0.06730834079539086,0.562583564743392,0.005913812609276972,0.4,0.05789650909715792,0.6011036657469452,0.014189988175009854,0.0,0.00020833333333333332,0.8766980146290491,0.009578544061302681,S_geminata,87,"Boni Av., Mandaluyong"
1.3,0.06883553861599633,0.8483631438845561,0.004810162051090459,0.81,0.07444767826915964,0.5681680468592204,0.007069278933548778,0.34,0.041994035126600285,0.5993653312177707,0.01507338357794526,0.02,0.014976335941304887,0.8679904501251965,0.01048156990624818,P_longicornis,88,"Boni Av., Mandaluyong"
0.76,0.040557244025755564,0.8325437020094756,0.007024995915700049,0.8,0.05406011658094991,0.5298610726739359,0.011069906459290419,0.28,0.05061838157715472,0.5952252495279201,0.01112759643916914,0.05,0.030900172544297173,0.8766251883265442,0.00937447687071034,S_geminata,89,"Boni Av., Mandaluyong"
0.93,0.042561681456894304,0.8421273031825796,0.006961892797319933,0.75,0.05904418591617149,0.5601709490801063,0.008078386407463386,0.34,0.0365462628952111,0.5867261572783046,0.013524818739542666,0.0,0.00022290809327846364,0.8786181769111396,0.009513528102017407,P_longicornis,90,"Boni Av., Mandaluyong"
0.84,0.05273577794171697,0.833544921875,0.00751953125,0.61,0.05818819418901118,0.5590584059710841,0.00829897176261809,0.34,0.05638440668503437,0.5841994429726242,0.009238502819101962,0.0,0.007466737792535416,0.867921220267664,0.00882473262813395,P_longicornis,91,"Boni Av., Mandaluyong"
0.98,0.043214376552918224,0.8353283898305085,0.008050847457627118,0.92,0.06328180114638449,0.5472951258703803,0.00867702196036422,0.29,0.022236111111111113,0.5975741970456702,0.012874373221303699,0.0,0.0007638888888888889,0.8651307895368371,0.006119510439164867,P_longicornis,92,"Boni Av., Mandaluyong"
1.23,0.07169571077900676,0.8270612038442084,0.005614567526555387,0.68,0.06794605412321722,0.5615036511364805,0.005348143577085262,0.33,0.043230352935009805,0.5429594272076372,0.007458233890214797,0.05,0.06574845712209418,0.8713056709779364,0.00708140691753965,P_longicornis,93,"Boni Av., Mandaluyong"
1.12,0.06319546951279519,0.8316133108677338,0.008845829823083403,0.66,0.045454886548636546,0.5411059656769273,0.006973576682102969,0.38,0.07056006096129912,0.5967267869071476,0.018036072144288578,0.03,0.06433382691284234,0.867287279332463,0.005846625418629733,P_longicornis,94,"Boni Av., Mandaluyong"
1.16,0.05949731523080413,0.8438702041621462,0.005178025446296479,0.94,0.07257888249664565,0.5416441026751868,0.009260262103325029,0.43,0.06511248502659404,0.5977589134125637,0.014193548387096775,0.02,0.004734573083018931,0.8799793364711285,0.00832281023992653,P_longicornis,95,"Boni Av., Mandaluyong"
0.97,0.05605536652533411,0.8482898219753984,0.006487777028079099,0.95,0.08936634885743201,0.5819719953325554,0.009140412290937379,0.33,0.0576812046980749,0.6041804471490938,0.010120386294483398,0.09,0.05221150614803526,0.8668619982420158,0.005918546733079402,P_longicornis,96,"Boni Av., Mandaluyong"
0.75,0.03910863589907772,0.8360075015628256,0.005521983746613878,0.77,0.07442052050414964,0.546079633281808,0.008581632109162624,0.17,0.026523381506647428,0.599919039265956,0.011401970044528404,0.01,0.002286941580756014,0.8759533163854865,0.009013173099144903,S_geminata,97,"Boni Av., Mandaluyong"
0.94,0.05352016023630277,0.8590477114041893,0.004994181536074476,0.79,0.06638524974631907,0.5605573974305843,0.005801906340654786,0.42,0.07593603450218911,0.6158036358863294,0.018770099100872874,0.02,0.0056944444444444456,0.865661252900232,0.010672853828306265,P_longicornis,98,"Boni Av., Mandaluyong"
0.97,0.050897182714939516,0.8344717785424477,0.008833650043654665,0.65,0.05707851195475147,0.5472919208530052,0.010025993316004456,0.44,0.06477359986808234,0.5787242912729295,0.0089633129516398,0.04,0.021208252077726086,0.8635830695274944,0.005745104936100363,P_longicornis,99,"Boni Av., Mandaluyong"
0.6,0.03501124338624339,0.9810975993951232,0.006552832209690631,0.58,0.04946731423823076,0.7146968984962406,0.01074953007518797,0.14,0.015055555555555555,0.8499768124903385,0.01878188282578451,0.02,0.007861111111111112,0.9854824935952178,0.00847401957564212,P_longicornis,0,"Pinagbuhatan, Pasig"
0.65,0.040475035225984016,0.9772020105313547,0.006163235998085209,1.0,0.07422818438941627,0.7227194492254734,0.010269650028686173,0.29,0.046565036680867485,0.8700667880995749,0.013812993321190042,0.0,0.0008421985815602837,0.9912758996728462,0.0121319520174482,S_geminata,1,"Pinagbuhatan, Pasig"
0.36,0.013875,0.9766180080093011,0.009688670714377987,0.61,0.04119813211479879,0.6974928072338676,0.008513886442369797,0.15,0.019625000000000004,0.8421721181327405,0.012464274372816768,0.0,0.00011111111111111112,0.9948014815777504,0.010786925726168042,S_geminata,2,"Pinagbuhatan, Pasig"
0.6,0.04139135243572313,0.9832304118746813,0.005835363435499405,0.7,0.0438487848843241,0.6952293577981652,0.009051987767584098,0.15,0.034106467521221796,0.8340796019900497,0.009286898839137645,0.01,0.015403027126337137,0.9849005646943285,0.006690400196415419,S_geminata,3,"Pinagbuhatan, Pasig"
0.53,0.02737557303984507,0.9797723617468762,0.008103426945441049,0.6,0.05970329952968842,0.7072308394160584,0.01397125912408759,0.11,0.008305555555555556,0.8505133802247554,0.009701673538685424,0.0,1.388888888888889e-05,0.9875214872349908,0.006493919908321131,S_geminata,4,"Pinagbuhatan, Pasig"
0.65,0.03387082182221071,0.9728854714690409,0.00971266693646297,0.44,0.04828827053981082,0.7062024575775308,0.010766530134581627,0.21,0.03974214801900841,0.8493609725685786,0.014183291770573566,0.01,0.001888888888888889,0.9878992263439794,0.00879455134563248,P_longicornis,5,"Pinagbuhatan, Pasig"
0.42,0.02820328282382114,0.9767835853673841,0.010478760117964486,0.68,0.06757656487482819,0.7121680049413218,0.008591161772137684,0.13,0.018778823178016726,0.8399121145541328,0.01757708917342223,0.0,0.0007777777777777778,0.9910222277258374,0.007615627515324129,S_geminata,6,"Pinagbuhatan, Pasig"
0.47,0.030584393011726184,0.9764758383271708,0.007586382761698329,0.83,0.07143462112453658,0.7114316113015723,0.01164440241163258,0.21,0.03417860823869522,0.8640061991476172,0.012320805889190236,0.0,0.00011574074074074073,0.9932150313152401,0.006393528183716075,S_geminata,7,"Pinagbuhatan, Pasig"
0.48,0.020549382716049384,0.9749841671944268,0.008423052564914503,0.73,0.06232769613531315,0.7211956828841046,0.009097587161665819,0.13,0.015875,0.8377260190009194,0.02183573398712841,0.06,0.01390277777777778,0.9853448837360776,0.012701100762066046,S_geminata,8,"Pinagbuhatan, Pasig"
0.64,0.02883358488219599,0.9781654135338346,0.010706766917293234,0.46,0.03276386196799362,0.7014742766256805,0.013152260353581698,0.22,0.04866117467907475,0.8377783022578869,0.0183305798127606,0.01,0.004123766584407854,0.9885152284263959,0.0064086294416243654,P_longicornis,9,"Pinagbuhatan, Pasig"
0.49,0.027076362771899357,0.9731984380546681,0.010531298071234173,0.64,0.06317027564618174,0.7267997986239302,0.011746937405604967,0.31,0.06548342007148736,0.8550811785929044,0.012627781118460614,0.01,0.006047404244971639,0.9919767515319983,0.008907701055025585,S_geminata,10,"Pinagbuhatan, Pasig"
0.71,0.041777015103044275,0.9791178350735138,0.00820370764969103,0.62,0.05585357017748473,0.7273077346242711,0.011277368247331939,0.19,0.039737489707121564,0.8485010706638115,0.014683389415723462,0.02,0.006805555555555556,0.9908048872653986,0.006361002645169417,P_longicornis,11,"Pinagbuhatan, Pasig"
0.49,0.026831643151087596,0.970982880560513,0.006675920417740763,0.45,0.047192140543017735,0.7178178963893249,0.011101143754204979,0.17,0.04058288364561018,0.8456021140052851,0.01978104945262363,0.0,0.0007575757575757575,0.99141143037575,0.00947268708556994,P_longicornis,12,"Pinagbuhatan, Pasig"
0.33,0.023591537766976364,0.9790498490356768,0.011584201121449257,0.55,0.04063049801362494,0.7079387349468023,0.012101017186951947,0.19,0.06509849139984093,0.8638739654421373,0.012632496006969652,0.01,0.007875,0.9860315862329327,0.011325740892216699,S_geminata,13,"Pinagbuhatan, Pasig"
0.52,0.023312536743092298,0.9808954524144398,0.006094702297233943,0.51,0.05765043913655139,0.7179303504518404,0.007824553669825877,0.44,0.048950921477377486,0.8574280230326295,0.013435700575815739,0.03,0.0061805555555555555,0.9868437778060252,0.0068641159272912165,P_longicornis,14,"Pinagbuhatan, Pasig"
0.43,0.035203645749694326,0.9808251376260283,0.007051401002041195,0.73,0.06476139289719095,0.7085657253566606,0.01227029883167968,0.24,0.023040091556464734,0.8603627532822342,0.020338468543674583,0.03,0.008437824662920448,0.9898547094188377,0.009018036072144289,S_geminata,15,"Pinagbuhatan, Pasig"
0.64,0.03970497955751049,0.9758007949497312,0.006838905775075988,0.69,0.05160421564959945,0.7029680101628364,0.007853100819956115,0.25,0.041437306789607775,0.8514859989692493,0.009019068888507129,0.01,0.009041666666666667,0.985840108401084,0.006842818428184282,S_geminata,16,"Pinagbuhatan, Pasig"
0.73,0.04833117118245788,0.9807834023014569,0.007425882886457684,0.76,0.07444252578469555,0.7227552010348173,0.011156623908591139,0.3,0.0415986402735801,0.8390716848614398,0.01641346667684556,0.01,0.05430943639823714,0.9856594754387068,0.0067299830177998616,S_geminata,17,"Pinagbuhatan, Pasig"
0.45,0.025924860376249265,0.9808486444431145,0.010473397570171765,0.41,0.058672243599035986,0.7319454182622297,0.009762148751415782,0.17,0.03351570108655625,0.8531712227987299,0.018895686517463022,0.0,1.388888888888889e-05,0.9901264071442047,0.0079240299352242,P_longicornis,18,"Pinagbuhatan, Pasig"
0.5,0.043385982958945996,0.9785276073619632,0.006703022040445353,0.8,0.07472151564248868,0.7367119190059825,0.011677404509894155,0.11,0.03465225655727315,0.8497834158415841,0.017481435643564358,0.01,0.0033749999999999995,0.9907313997477932,0.012421185372005044,S_geminata,19,"Pinagbuhatan, Pasig"
0.53,0.019646604938271604,0.9795713328868051,0.009645010046885465,0.45,0.04216380758711676,0.7236331569664903,0.011699000587889476,0.35,0.05448840568414738,0.8369276449445225,0.011173620878262229,0.0,0.0,0.9916562107904643,0.0064617314930991215,P_longicornis,20,"Pinagbuhatan, Pasig"
0.62,0.041295794737282024,0.9766109785202864,0.0065632458233890216,0.89,0.06994624047779889,0.7219783929777177,0.009396803961287418,0.26,0.05253844323323466,0.8561105874960729,0.008482563619227144,0.01,0.0031944444444444446,0.9897031291789249,0.008759026477667825,S_geminata,21,"Pinagbuhatan, Pasig"
0.65,0.04292323729507816,0.9761835439352472,0.005939556280207302,0.71,0.07482220544464531,0.711340808222378,0.007766876897921046,0.2,0.03920850993445216,0.8503456036007073,0.009484005786850989,0.02,0.007513888888888889,0.9822997331945077,0.011648337346261469,S_geminata,22,"Pinagbuhatan, Pasig"
0.49,0.029251497494907044,0.9805902038332827,0.008153331305141466,0.82,0.07033334916723158,0.7317686056458511,0.008982035928143712,0.26,0.0558695300996229,0.8550465838509317,0.012732919254658385,0.0,0.0001388888888888889,0.9885198323121573,0.007739438890680426,S_geminata,23,"Pinagbuhatan, Pasig"
0.5,0.024912374695889188,0.9737369938573398,0.006393380970289583,0.79,0.06642740663266361,0.7053581629155719,0.011995887124414486,0.27,0.025569444444444443,0.8516367061778789,0.014443833895910196,0.0,0.00011111111111111112,0.9863103425689396,0.012052138599593896,S_geminata,24,"Pinagbuhatan, Pasig"
0.51,0.022543815284398357,0.9726478494623656,0.00678763440860215,0.5,0.05035813557955119,0.7240754805164457,0.011917976280890342,0.2,0.037776254473917345,0.8573848760203295,0.01647928538425997,0.0,1.388888888888889e-05,0.989881621585874,0.0066133192249189865,P_longicornis,25,"Pinagbuhatan, Pasig"
0.48,0.037087750627036016,0.9800559832050385,0.008630744110100303,0.94,0.07909183417939333,0.6958174904942965,0.008020437262357414,0.16,0.02111248473748474,0.8448275862068966,0.016317733990147784,0.01,0.0025555555555555557,0.9900513687495937,0.00949346511476689,S_geminata,26,"Pinagbuhatan, Pasig"
0.48,0.030228332677246523,0.9795820321883257,0.011169829449915927,0.47,0.044496427107861454,0.7178868013428352,0.007597620590140762,0.09,0.02228545729132486,0.8495327849213321,0.014056385272741794,0.0,0.0008187134502923978,0.9898507462686568,0.009286898839137645,P_longicornis,27,"Pinagbuhatan, Pasig"
0.41,0.027372685185185184,0.9803360298693217,0.0062850031113876785,0.79,0.07985619493224191,0.7131114559981606,0.0075300339138932,0.24,0.04609184114258588,0.8597680373550234,0.01852688657930411,0.0,0.00047222222222222224,0.9862125452187565,0.009965190089413692,S_geminata,28,"Pinagbuhatan, Pasig"
0.52,0.037472374555082524,0.9765525598303544,0.007634050287791579,0.55,0.04350552835516604,0.709,0.011764705882352941,0.22,0.04787447433440605,0.8641900121802679,0.019716808769792937,0.06,0.051911902227972144,0.9897432709641325,0.007521601292969479,S_geminata,29,"Pinagbuhatan, Pasig"
0.59,0.034544099759955066,0.9776007666047793,0.007486374797867881,0.49,0.06324108464866002,0.732484076433121,0.009068336392097592,0.24,0.038238337993027845,0.8259968102073365,0.00901116427432217,0.01,0.0029318355375056405,0.9839617150617603,0.006596391385888896,P_longicornis,30,"Pinagbuhatan, Pasig"
0.48,0.025114895649617875,0.9753414498485878,0.009208330758296768,0.85,0.06658360249350172,0.7245880714783012,0.008064516129032258,0.17,0.040194125324534896,0.8423755487451338,0.017394185372318398,0.0,0.0008194444444444446,0.991827874608951,0.010342846198046351,S_geminata,31,"Pinagbuhatan, Pasig"
0.43,0.02499485031429476,0.9764637343431402,0.006641421497232741,0.61,0.04773457188387743,0.7020574190886046,0.012497789306136885,0.12,0.02603740818687079,0.8560171919770774,0.021887933779051256,0.0,1.388888888888889e-05,0.9940883427432746,0.008170043175024908,S_geminata,32,"Pinagbuhatan, Pasig"
0.66,0.040793637069644895,0.9829113924050633,0.006329113924050633,0.56,0.04410721475927661,0.6957358326609149,0.0105517969089442,0.26,0.039367684839240566,0.8415561307020382,0.008249757360077645,0.01,0.01001388888888889,0.9919028340080972,0.0063891700404858295,P_longicornis,33,"Pinagbuhatan, Pasig"
0.58,0.03863773739932255,0.9793974965562676,0.01006168772833443,0.8,0.06900751003954383,0.7230240549828179,0.006471935853379153,0.33,0.024916666666666667,0.8629132875857767,0.014036182158452901,0.01,0.006916666666666667,0.9885384876229231,0.006849779586300441,S_geminata,34,"Pinagbuhatan, Pasig"
0.59,0.04098749727663086,0.9819951611995724,0.007820851853935745,0.38,0.046386162489010466,0.7016211042651194,0.006520308667823174,0.16,0.017995014718082916,0.8541587253182893,0.0211176336052451,0.01,0.0016114097968936679,0.9918682520158535,0.011480114801148012,P_longicornis,35,"Pinagbuhatan, Pasig"
0.64,0.025139770723104058,0.9761226170118437,0.010893660143137628,0.45,0.03512510846359054,0.7156011730205278,0.01126099706744868,0.15,0.03398004844113553,0.851031321619557,0.017112299465240642,0.0,0.0,0.9868370850820297,0.007948620119547247,P_longicornis,36,"Pinagbuhatan, Pasig"
0.62,0.03209903180818213,0.9769283107564792,0.007484381765324426,0.71,0.05086150530220738,0.7024035046175704,0.011247928013260714,0.25,0.041750976218845694,0.8506769825918762,0.02034816247582205,0.02,0.005277777777777778,0.9933937334843337,0.0120800302000755,S_geminata,37,"Pinagbuhatan, Pasig"
0.51,0.028121067604931983,0.9793440736478711,0.006098964326812428,0.56,0.031931657848324524,0.6934407503156376,0.00691396621174773,0.17,0.022032851480765142,0.8485940314874285,0.018720137855408474,0.0,2.777777777777778e-05,0.9898487003750162,0.008858140437087806,S_geminata,38,"Pinagbuhatan, Pasig"
0.67,0.03354817019400353,0.9757958596535118,0.0065670148226906,0.56,0.06457921393721734,0.7281652910395425,0.010303716890543237,0.37,0.07190767480475434,0.8716368555538855,0.012776191191943485,0.0,5.555555555555556e-05,0.987115703533614,0.012692945528766424,P_longicornis,39,"Pinagbuhatan, Pasig"
0.4,0.028745015792550906,0.9784168212739641,0.006246134817563389,0.59,0.05674909144353588,0.706764168190128,0.006764168190127971,0.27,0.020934039154118258,0.8470715835140998,0.016888751162070035,0.0,1.388888888888889e-05,0.9925971622455274,0.00635410240592227,S_geminata,40,"Pinagbuhatan, Pasig"
0.51,0.02447075048990684,0.9807633212463893,0.00633028086780161,0.85,0.08954969045911863,0.7208767123287672,0.011232876712328766,0.25,0.023083333333333334,0.851313358502691,0.013896698530002409,0.01,0.0010138888888888888,0.9889586776859504,0.01315702479338843,S_geminata,41,"Pinagbuhatan, Pasig"
0.41,0.021654761904761906,0.9773458533061922,0.006566419331538512,0.64,0.06384685103878741,0.6958046113620157,0.006299025433800808,0.27,0.03191327824632388,0.8609099496221663,0.009209697732997481,0.02,0.004944444444444445,0.9879737372424104,0.0065656893973867255,S_geminata,42,"Pinagbuhatan, Pasig"
0.64,0.029638888888888895,0.9746192893401016,0.006812717071867486,0.7,0.060761489552161,0.7221657194137002,0.00676039485492073,0.21,0.034810270301456746,0.8421534365118988,0.017224163754368447,0.02,0.011222222222222222,0.9875032713949228,0.010141324260664747,S_geminata,43,"Pinagbuhatan, Pasig"
0.34,0.0271005937473537,0.9780206724486159,0.009742188428181062,0.52,0.04193347636768689,0.710010015907618,0.009485653685264833,0.06,0.008472222222222225,0.8608035431825372,0.018032268269534957,0.0,0.01232030605609579,0.9907021481243988,0.012568130811157423,S_geminata,44,"Pinagbuhatan, Pasig"
0.67,0.038865185005512046,0.9768964189449365,0.008214606597355923,0.93,0.07505953540228612,0.7290361913207338,0.007537549188050768,0.33,0.05564212258314147,0.8523434259643301,0.009954375777685608,0.02,0.008527777777777778,0.9928529660191021,0.00675719576375804,S_geminata,45,"Pinagbuhatan, Pasig"
0.46,0.028979306936720968,0.9777196839165825,0.011110450953597528,0.46,0.05762093587602545,0.7195743489218707,0.01008120974516942,0.18,0.011916666666666667,0.845460399227302,0.014166130070830651,0.01,0.008241568940766351,0.9921292749181584,0.009472731071950964,P_longicornis,46,"Pinagbuhatan, Pasig"
0.56,0.026326719576719577,0.9750526185464901,0.011018942676736412,0.64,0.05777238784877673,0.7037952338923212,0.006766696087084437,0.29,0.04706508740067085,0.8476234143359316,0.020021396912731162,0.02,0.012259792512452086,0.9907138711549622,0.00652930934416715,S_geminata,47,"Pinagbuhatan, Pasig"
0.53,0.0277526675821695,0.9758614758328078,0.009976492173613898,0.49,0.06261356628562662,0.7302146395156852,0.009631260319207484,0.43,0.048495437568892186,0.8551933282789992,0.01205458680818802,0.0,0.02202089607058373,0.9909833069331059,0.010661630315584257,P_longicornis,48,"Pinagbuhatan, Pasig"
0.44,0.01945814961787184,0.9770758441864577,0.006718133066179504,0.47,0.04908881164975525,0.7127135159922046,0.013355496962054339,0.2,0.025966940268800184,0.8460550605987639,0.012681595633678466,0.0,0.0011666666666666668,0.9861042490118577,0.011857707509881422,S_geminata,49,"Pinagbuhatan, Pasig"
0.6,0.04039543668201817,0.9766822118587608,0.00916055962691539,0.82,0.06677459890327538,0.717283950617284,0.006958473625140292,0.27,0.03613576735430839,0.8534358481499279,0.01497677398686529,0.01,0.0033750000000000004,0.9896215275619912,0.010378472438008825,S_geminata,50,"Pinagbuhatan, Pasig"
0.58,0.029420579805996477,0.9816144975288303,0.006589785831960461,0.53,0.03561610532260042,0.7096293536971503,0.006705159247532129,0.11,0.04496967852355495,0.8566966326375133,0.017522474478135,0.01,0.004694444444444445,0.989793953398806,0.011554015020219527,P_longicornis,51,"Pinagbuhatan, Pasig"
0.41,0.03870017972237689,0.9800191509735078,0.006447494414299393,0.8,0.08909175544356164,0.7256011315417256,0.010127298444130127,0.21,0.02882504088141343,0.8299271370179492,0.009418873289497068,0.0,0.0019583333333333336,0.9913081816464068,0.010203438936826856,S_geminata,52,"Pinagbuhatan, Pasig"
0.46,0.03545661492681266,0.9807010883320678,0.006643887623386484,0.69,0.04978310359231412,0.7098652861933055,0.010530031178304606,0.1,0.023416988139510098,0.8447543480003206,0.010900056103229944,0.0,0.0,0.9906267574829719,0.007998500281197276,S_geminata,53,"Pinagbuhatan, Pasig"
0.7,0.03211296031945542,0.9778348256214389,0.006323962181453886,0.68,0.05432982105874825,0.7053709317622834,0.010696104787507864,0.2,0.05433964424064197,0.8540436949022614,0.01701801456496742,0.0,0.0,0.9904865976730732,0.010541878254162114,P_longicornis,54,"Pinagbuhatan, Pasig"
0.53,0.021977478759535003,0.9767441860465116,0.010520487264673311,0.66,0.06888549624395213,0.719824641311774,0.007970849464814394,0.34,0.05818652272987786,0.8600964851826327,0.008806187303775173,0.01,0.005638888888888889,0.989939005219141,0.008992014085392692,S_geminata,55,"Pinagbuhatan, Pasig"
0.51,0.02285978835978836,0.9844995019920318,0.009462151394422311,0.6,0.05340241796195909,0.7267706115873656,0.011909556412174213,0.11,0.02236356900136927,0.8703259270728497,0.017883409460401022,0.0,0.0,0.9904539255795831,0.006623806740697448,S_geminata,56,"Pinagbuhatan, Pasig"
0.76,0.04609256041740895,0.9781271756788118,0.008354606637270829,0.43,0.04423038384269939,0.7050014624159111,0.012927756653992395,0.26,0.051860970472317816,0.8485263879369431,0.021171274084228163,0.01,0.0009305555555555556,0.991428384479487,0.008898776418242492,P_longicornis,57,"Pinagbuhatan, Pasig"
0.56,0.0479941504923521,0.9793411501954216,0.008486878838637633,0.47,0.03984393292991074,0.7107685092912832,0.014537780643648515,0.3,0.036232160383592574,0.8589184826472962,0.010895883777239709,0.0,0.0034455486715683774,0.9914122137404581,0.010642982971227247,P_longicornis,58,"Pinagbuhatan, Pasig"
0.36,0.01858507017696565,0.976675282103007,0.011662358948496501,0.63,0.04417399212694912,0.6816598423272016,0.011061541282160973,0.22,0.050173879326093046,0.8648421374512651,0.016818286063756592,0.01,0.0041887838647239675,0.9888984298331698,0.010120215897939155,S_geminata,59,"Pinagbuhatan, Pasig"
0.68,0.0363589012354307,0.9810126582278481,0.009786685419596812,0.56,0.044013557203508184,0.7026429083951208,0.008012437215977039,0.18,0.03836544273423368,0.8480637813211845,0.01662870159453303,0.02,0.008411579047799166,0.9900142653352354,0.009985734664764621,P_longicornis,60,"Pinagbuhatan, Pasig"
0.32,0.023775016779701324,0.9807871448532837,0.007510479739170936,0.55,0.04426121664331159,0.699055166107894,0.0065833587320938735,0.18,0.03745912300570708,0.852609635577517,0.009342186534898085,0.0,0.0010127314814814814,0.9896748988419143,0.006697362913352867,S_geminata,61,"Pinagbuhatan, Pasig"
0.47,0.027934736408592616,0.9766341660416546,0.0070962903132752555,0.8,0.06750563655397526,0.7159032128283235,0.006667049830450026,0.2,0.048618955918482254,0.8578676359230653,0.009086778736937756,0.0,0.0016553762162376392,0.9911077713069071,0.00670048218423195,S_geminata,62,"Pinagbuhatan, Pasig"
0.4,0.03348750343889233,0.9815375482338973,0.009498367468091422,0.59,0.05221470094716195,0.7170959923341412,0.008793190913702722,0.15,0.0237718771754977,0.8617127880983582,0.016649965312572266,0.0,0.00040277777777777783,0.9914882641217436,0.012058292494196543,S_geminata,63,"Pinagbuhatan, Pasig"
0.62,0.03171138456165789,0.9808036246572076,0.01049242875879337,0.83,0.06499603749517377,0.7091933570581257,0.010260972716488731,0.22,0.043123483906844,0.8353604510672573,0.018042690293999193,0.03,0.061297405875013866,0.9903820989269825,0.008636482596179012,S_geminata,64,"Pinagbuhatan, Pasig"
0.49,0.03165648464147091,0.9794636104485427,0.007912036767700274,0.76,0.050443740974538076,0.7002820874471086,0.008286318758815232,0.33,0.07586157758316436,0.85194431835376,0.015660463004993193,0.0,0.0005353009259259259,0.9898177920685959,0.006430868167202572,S_geminata,65,"Pinagbuhatan, Pasig"
0.65,0.031136446886446893,0.978006913815711,0.01078793658362141,0.85,0.07577669466553821,0.71227893440788,0.011305126483098277,0.2,0.018586504910756696,0.847113765120196,0.02266115449395192,0.01,0.017972222222222223,0.9868675164156044,0.011458735676580404,S_geminata,66,"Pinagbuhatan, Pasig"
0.44,0.028401508986575827,0.9783205750014609,0.006018816104715713,0.83,0.06947851900603115,0.7057738849832892,0.012561945372824708,0.24,0.046922260560327896,0.8703532315286133,0.015579207157180319,0.01,0.0033031705948372613,0.9911995177817963,0.009041591320072333,S_geminata,67,"Pinagbuhatan, Pasig"
0.55,0.02657495590828924,0.9814126394052045,0.006273234200743495,0.61,0.056526450656740904,0.7237786524658486,0.007351238712664969,0.11,0.01526388888888889,0.8512315270935961,0.015839333080712392,0.01,0.006361111111111111,0.9878733282516804,0.006998821980458735,S_geminata,68,"Pinagbuhatan, Pasig"
0.45,0.021756157355795037,0.975303238714518,0.0064399149681130426,0.47,0.03970510641772896,0.7035411352986536,0.01352393380390296,0.06,0.007500000000000001,0.8519663812242309,0.011417697431018078,0.0,0.0005555555555555556,0.9892880051314945,0.006478511866581142,S_geminata,69,"Pinagbuhatan, Pasig"
0.54,0.03662960097699752,0.9791397970055515,0.008411372175180844,0.7,0.07376922898498699,0.7275979652300296,0.006149030130247638,0.22,0.0527319676131691,0.8485163204747774,0.014243323442136498,0.0,0.0005555555555555556,0.9891324714258947,0.010430329148710261,S_geminata,70,"Pinagbuhatan, Pasig"
0.52,0.030063239715866524,0.9807093584030279,0.006165679750930957,0.75,0.06245831945831945,0.7107580728716975,0.010015541357278536,0.24,0.02921996906675351,0.8452984464431725,0.010874897792313981,0.01,0.01122222222222222,0.9900113205034294,0.008923220350269694,S_geminata,71,"Pinagbuhatan, Pasig"
0.43,0.036741472190814854,0.9805620749834507,0.00932779683456701,0.62,0.04380285408510383,0.7025815704553603,0.008067407673001075,0.18,0.0313820722289587,0.8500677884998804,0.011723422920488077,0.01,0.004472222222222223,0.9904019196160768,0.006731986935946144,S_geminata,72,"Pinagbuhatan, Pasig"
0.49,0.03211104570424465,0.9694588772018755,0.006399695856038525,0.64,0.03916600529100529,0.6972449288525583,0.006115652437178323,0.15,0.019146095054634615,0.8488836662749706,0.01880141010575793,0.0,0.0,0.9890990702148125,0.012183392112856685,S_geminata,73,"Pinagbuhatan, Pasig"
0.54,0.037470847568069794,0.9810838445807771,0.006191774596682572,0.48,0.03794871807042859,0.6939338811868766,0.007904146540367606,0.27,0.04022390306533912,0.8686812752155684,0.01234079582311526,0.0,9.722222222222223e-05,0.9902040306981968,0.006676233855369065,P_longicornis,74,"Pinagbuhatan, Pasig"
0.61,0.03218607279171722,0.974697205899988,0.007374985010193068,0.91,0.07436246640139788,0.7114558882464075,0.00635484055647793,0.28,0.04912002672179228,0.8501996835204582,0.015748624821038355,0.0,0.000375,0.9878419452887538,0.010448328267477203,S_geminata,75,"Pinagbuhatan, Pasig"
0.37,0.027099154582360896,0.9764021031547321,0.011392088132198297,0.51,0.04539243076296425,0.7094266277939747,0.007717372663351055,0.27,0.04259290106392978,0.8562856285628563,0.01665166516651665,0.0,1.388888888888889e-05,0.9858559882439383,0.012919421993632134,S_geminata,76,"Pinagbuhatan, Pasig"
0.37,0.029207776279700632,0.9778003222533866,0.008593423643850332,0.98,0.0868924068669403,0.7013459026634108,0.00914305184848657,0.25,0.032745456849129106,0.855883053944546,0.01874950345594661,0.0,0.0014861111111111108,0.9912688442211055,0.011306532663316583,S_geminata,77,"Pinagbuhatan, Pasig"
0.63,0.03567825098645576,0.9788490198326264,0.00762352401696664,0.55,0.032698217858757074,0.7048072863260751,0.013631702756499185,0.12,0.037393174700049214,0.851246643651707,0.016724204065976217,0.0,0.0,0.9891125041240515,0.0067304519960409105,P_longicornis,78,"Pinagbuhatan, Pasig"
0.39,0.036799806518405545,0.9786878136422774,0.00631931107118518,0.79,0.06286811947257245,0.7148389269278258,0.012010326635986081,0.12,0.018300028723336508,0.8490701001430615,0.01597520267048164,0.03,0.01619974046015713,0.9899504132231405,0.008264462809917356,S_geminata,79,"Pinagbuhatan, Pasig"
0.52,0.0308776139365914,0.9785538497597562,0.008320637524903316,0.94,0.09365661908899842,0.7330219573737048,0.009072851237451012,0.16,0.0317807850996993,0.8436835891381346,0.010783156237701692,0.0,0.0003333333333333333,0.9905216245056807,0.011800891343920658,S_geminata,80,"Pinagbuhatan, Pasig"
0.53,0.02797033038806971,0.9813369951938081,0.011984270644778729,0.43,0.03477373444504508,0.7104538799414348,0.01130307467057101,0.29,0.03921605591333672,0.8449335096041682,0.012987012987012988,0.0,0.01609226739603426,0.9921040995515129,0.009980418166887751,P_longicornis,81,"Pinagbuhatan, Pasig"
0.49,0.02971400313727823,0.9830103042198234,0.006440137389597644,0.51,0.051127231680527886,0.7156657355679702,0.01332635009310987,0.21,0.038467332321524224,0.8477877524847708,0.014267393395319012,0.01,0.003638888888888889,0.9904907779692387,0.009317761184504435,S_geminata,82,"Pinagbuhatan, Pasig"
0.38,0.021194885361552028,0.978051391862955,0.009635974304068522,0.82,0.05896184196613119,0.695872641509434,0.013797169811320755,0.29,0.04722476739575059,0.8438411487547678,0.01450901204098422,0.0,0.0011168384879725085,0.9889167436337247,0.0064652328803272196,S_geminata,83,"Pinagbuhatan, Pasig"
0.55,0.02496230158730159,0.9820718388990594,0.01066851840161606,0.53,0.04905775754371769,0.7148769701780248,0.01094228370563556,0.16,0.018763888888888892,0.8489473272286139,0.01408781404085466,0.0,0.016116879586111278,0.9872068230277186,0.012082444918265814,P_longicornis,84,"Pinagbuhatan, Pasig"
0.49,0.03911528293993608,0.9804240487946558,0.006099331977926227,0.64,0.06274487438182483,0.7268064228367529,0.01159678858162355,0.17,0.035893195619048655,0.8438507600184247,0.015046829418086903,0.01,0.007306336023110745,0.993603968150372,0.012335204281425401,S_geminata,85,"Pinagbuhatan, Pasig"
0.37,0.032795237715137135,0.9823025451816647,0.008879994997185918,0.73,0.07618826802336155,0.72347320780019,0.007654914231435436,0.28,0.044176235348709306,0.8475371383893667,0.015793588741204064,0.0,0.0008169934640522875,0.99379624785111,0.011660064279841544,S_geminata,86,"Pinagbuhatan, Pasig"
0.51,0.022489053898776125,0.9784500379606378,0.00946095894411026,0.48,0.058358847764213816,0.7305398959236774,0.009106678230702514,0.19,0.027883658303666663,0.8528575939374803,0.009551626144616356,0.0,0.0012222222222222224,0.9920556718807735,0.010469269614484543,P_longicornis,87,"Pinagbuhatan, Pasig"
0.39,0.019451278659611992,0.976869699306091,0.010986892829606784,0.65,0.06403124721829431,0.7037938024905879,0.013611352447147408,0.22,0.035132216928137894,0.8453616352201258,0.014937106918238994,0.02,0.012720803637743713,0.9864559819413092,0.008114209017143555,S_geminata,88,"Pinagbuhatan, Pasig"
0.51,0.03194060958348113,0.9816123622424533,0.00706756109247724,0.53,0.03879252708536983,0.6762741217219198,0.006308758040573973,0.29,0.057775356096412545,0.8622020936966367,0.016927760041576954,0.0,0.0010138888888888888,0.9917386883579055,0.010676156583629894,S_geminata,89,"Pinagbuhatan, Pasig"
0.48,0.026843037848326805,0.9815250032641337,0.011163337250293772,0.69,0.05207429453262787,0.6985237445900279,0.006936621805893164,0.25,0.04079175077222526,0.8561788617886179,0.01861788617886179,0.0,0.0022916666666666667,0.9904695783892956,0.00864680636202979,S_geminata,90,"Pinagbuhatan, Pasig"
0.53,0.030428917583027414,0.9807817782786642,0.008126223382169761,0.63,0.04164809363848322,0.6997828447339848,0.0077813970322113644,0.17,0.040646932325870515,0.8559489439294939,0.012536088740313022,0.0,0.0002916666666666667,0.9878826530612245,0.01173469387755102,S_geminata,91,"Pinagbuhatan, Pasig"
0.57,0.03801445543167034,0.9763852733358126,0.01128052559811578,0.84,0.09136148086886993,0.7235388739946381,0.009061662198391421,0.17,0.03540055417824279,0.8745030380316555,0.009751706548646013,0.0,1.388888888888889e-05,0.9874118831822759,0.008056394763343404,S_geminata,92,"Pinagbuhatan, Pasig"
0.5,0.025189846985802865,0.9807021912350598,0.012201195219123506,0.63,0.040337448042824214,0.694046040737616,0.00903941183560323,0.18,0.03565577725059052,0.8529433990780624,0.0199501246882793,0.01,0.003,0.9865697787581912,0.009602283786414065,S_geminata,93,"Pinagbuhatan, Pasig"
0.61,0.02855703941120608,0.9784405318002156,0.008803449514911965,0.56,0.041369711567337986,0.7166772866825002,0.010658634072872618,0.23,0.05251200968297866,0.8463720160718506,0.012526589458756796,0.0,4.1666666666666665e-05,0.9875233936369308,0.012476606363069246,P_longicornis,94,"Pinagbuhatan, Pasig"
0.64,0.027286706349206345,0.9796509796509797,0.010647010647010647,0.61,0.04258531746031747,0.7080161476355248,0.012399077277970011,0.12,0.03530143938654665,0.8570428560317337,0.015866842964921832,0.0,0.0,0.9889075630252101,0.0067226890756302525,P_longicornis,95,"Pinagbuhatan, Pasig"
0.67,0.039866974019670355,0.9772488624431221,0.0074670400186676,0.71,0.0718193604281002,0.7262210064398472,0.009061378013335612,0.19,0.04233042688298442,0.8576148521082442,0.02092511013215859,0.01,0.029861784775348208,0.9872286882667506,0.0067316766278704,S_geminata,96,"Pinagbuhatan, Pasig"
0.63,0.03636049751521327,0.9790055872227552,0.00897341836446752,0.62,0.04379647778596437,0.699526175892754,0.007627412458107015,0.09,0.007263888888888889,0.8418612218335638,0.009680305865126495,0.0,0.0008333333333333333,0.9907885728511857,0.009584863384577083,P_longicornis,97,"Pinagbuhatan, Pasig"
0.29,0.016373456790123458,0.9809815214782818,0.010979121670266379,0.61,0.03811728395061728,0.711641615089891,0.009666961391099321,0.16,0.031589604040555386,0.8435729197733373,0.01632866090068595,0.0,0.0,0.9905841660261338,0.006661542403279528,S_geminata,98,"Pinagbuhatan, Pasig"
0.5,0.024677248677248676,0.9749032338619054,0.007866150580596828,0.57,0.0475223093151108,0.6981661676646707,0.006736526946107785,0.27,0.04397964489984004,0.8395230806412632,0.014017562233142673,0.0,0.0008611111111111111,0.9916343603346256,0.006801333061280011,S_geminata,99,"Pinagbuhatan, Pasig"
0.0,0.0,1.0,0.14817320703653586,0.0,0.0,1.0,0.14907275320970043,0.0,0.0,0.0,0.0,0.0,0.0,1.0,0.32057416267942584,P_longicornis,0,"Madrigal Bus. Park, Mun."
0.0,0.0,1.0,0.4206730769230769,0.0,0.0,1.0,0.1430084745762712,0.0,0.0,0.0,0.0,0.0,0.0,0.0,0.0,P_longicornis,1,"Madrigal Bus. Park, Mun."
0.0,0.0,1.0,0.09008042895442359,0.0,0.0,1.0,0.07625272331154684,0.0,0.0,0.0,0.0,0.0,0.0,0.0,0.0,P_longicornis,2,"Madrigal Bus. Park, Mun."
0.0,0.0,0.0,0.0,0.0,0.0,1.0,0.1108719052744887,0.0,0.0,0.0,0.0,0.0,0.0,1.0,0.04456130639357874,P_longicornis,3,"Madrigal Bus. Park, Mun."
0.0,0.0,1.0,0.0682571239231279,0.0,0.0,1.0,0.10922112802148612,0.0,0.0,0.0,0.0,0.0,0.0,0.0,0.0,P_longicornis,4,"Madrigal Bus. Park, Mun."
0.0,0.0,0.0,0.0,0.0,0.0,1.0,0.14489311163895488,0.0,0.0,0.0,0.0,0.0,0.0,1.0,0.4677871148459384,P_longicornis,5,"Madrigal Bus. Park, Mun."
0.0,0.0,0.0,0.0,0.0,0.0,1.0,0.1784154709918902,0.0,0.0,0.0,0.0,0.0,0.0,0.0,0.0,P_longicornis,6,"Madrigal Bus. Park, Mun."
0.0,0.0,0.0,0.0,0.0,0.0,0.0,0.0,0.0,0.0,0.0,0.0,0.0,0.0,0.0,0.0,P_longicornis,7,"Madrigal Bus. Park, Mun."
0.0,0.0,1.0,0.09298440979955457,0.0,0.0,1.0,0.23877068557919623,0.0,0.0,0.0,0.0,0.0,0.0,1.0,0.19815668202764977,P_longicornis,8,"Madrigal Bus. Park, Mun."
0.0,0.0,1.0,0.11185532484929672,0.0,0.0,1.0,0.1732233502538071,0.0,0.0,0.0,0.0,0.0,0.0,1.0,0.544891640866873,P_longicornis,9,"Madrigal Bus. Park, Mun."
0.0,0.0,1.0,0.29982964224872233,0.0,0.0,1.0,0.1696264543784446,0.0,0.0,0.0,0.0,0.0,0.0,0.0,0.0,P_longicornis,10,"Madrigal Bus. Park, Mun."
0.0,0.0,0.0,0.0,0.0,0.0,1.0,0.2086864406779661,0.0,0.0,0.0,0.0,0.0,0.0,1.0,0.8647342995169082,P_longicornis,11,"Madrigal Bus. Park, Mun."
0.0,0.0,0.0,0.0,0.0,0.0,1.0,0.12696983340837462,0.0,0.0,0.0,0.0,0.0,0.0,1.0,0.423728813559322,P_longicornis,12,"Madrigal Bus. Park, Mun."
0.0,0.0,0.0,0.0,0.0,0.0,0.0,0.0,0.0,0.0,0.0,0.0,0.0,0.0,0.0,0.0,P_longicornis,13,"Madrigal Bus. Park, Mun."
0.0,0.0,1.0,0.1572379367720466,0.0,0.0,1.0,0.2521551724137931,0.0,0.0,0.0,0.0,0.0,0.0,1.0,0.13696612665684832,P_longicornis,14,"Madrigal Bus. Park, Mun."
0.0,0.0,1.0,0.23325635103926096,0.0,0.0,1.0,0.16461267605633803,0.0,0.0,0.0,0.0,0.0,0.0,1.0,0.3126984126984127,P_longicornis,15,"Madrigal Bus. Park, Mun."
0.0,0.0,1.0,0.20505050505050504,0.0,0.0,0.0,0.0,0.0,0.0,0.0,0.0,0.0,0.0,0.0,0.0,P_longicornis,16,"Madrigal Bus. Park, Mun."
0.0,0.0,0.0,0.0,0.0,0.0,1.0,0.12124151309408342,0.0,0.0,0.0,0.0,0.0,0.0,1.0,0.09480401093892434,P_longicornis,17,"Madrigal Bus. Park, Mun."
0.0,0.0,1.0,0.3431952662721893,0.0,0.0,1.0,0.21871713985278654,0.0,0.0,0.0,0.0,0.0,0.0,1.0,0.1341350601295097,P_longicornis,18,"Madrigal Bus. Park, Mun."
0.0,0.0,1.0,0.06964994586791771,0.0,0.0,1.0,0.12300413956238912,0.0,0.0,0.0,0.0,0.0,0.0,0.0,0.0,P_longicornis,19,"Madrigal Bus. Park, Mun."
0.0,0.0,0.0,0.0,0.0,0.0,1.0,0.09168241965973535,0.0,0.0,0.0,0.0,0.0,0.0,1.0,0.11162079510703364,P_longicornis,20,"Madrigal Bus. Park, Mun."
0.0,0.0,1.0,0.12389900176159718,0.0,0.0,1.0,0.19532908704883228,0.0,0.0,0.0,0.0,0.0,0.0,1.0,0.15004336513443192,P_longicornis,21,"Madrigal Bus. Park, Mun."
0.0,0.0,0.0,0.0,0.0,0.0,1.0,0.23612512613521694,0.0,0.0,0.0,0.0,0.0,0.0,0.0,0.0,P_longicornis,22,"Madrigal Bus. Park, Mun."
0.0,0.0,0.0,0.0,0.0,0.0,1.0,0.13602391629297458,0.0,0.0,0.0,0.0,0.0,0.0,1.0,0.07961269499731038,P_longicornis,23,"Madrigal Bus. Park, Mun."
0.0,0.0,1.0,0.1306930693069307,0.0,0.0,1.0,0.14337568058076225,0.0,0.0,0.0,0.0,0.0,0.0,0.0,0.0,P_longicornis,24,"Madrigal Bus. Park, Mun."
0.0,0.0,1.0,0.1313451776649746,0.0,0.0,1.0,0.08311688311688312,0.0,0.0,0.0,0.0,0.0,0.0,0.0,0.0,P_longicornis,25,"Madrigal Bus. Park, Mun."
0.0,0.0,1.0,0.6262975778546713,0.0,0.0,1.0,0.17289972899728998,0.0,0.0,0.0,0.0,0.0,0.0,1.0,0.49453551912568305,P_longicornis,26,"Madrigal Bus. Park, Mun."
0.0,0.0,0.0,0.0,0.0,0.0,1.0,0.09038290293855744,0.0,0.0,0.0,0.0,0.0,0.0,0.0,0.0,P_longicornis,27,"Madrigal Bus. Park, Mun."
0.0,0.0,0.0,0.0,0.0,0.0,0.0,0.0,0.0,0.0,0.0,0.0,0.0,0.0,0.0,0.0,P_longicornis,28,"Madrigal Bus. Park, Mun."
0.0,0.0,0.0,0.0,0.0,0.0,1.0,0.161231884057971,0.0,0.0,0.0,0.0,0.0,0.0,1.0,0.17830188679245282,P_longicornis,29,"Madrigal Bus. Park, Mun."
0.0,0.0,1.0,0.13862249346120314,0.0,0.0,1.0,0.09573033707865168,0.0,0.0,0.0,0.0,0.0,0.0,1.0,0.16272189349112426,P_longicornis,30,"Madrigal Bus. Park, Mun."
0.0,0.0,0.0,0.0,0.0,0.0,1.0,0.2200488997555012,0.0,0.0,0.0,0.0,0.0,0.0,0.0,0.0,P_longicornis,31,"Madrigal Bus. Park, Mun."
0.0,0.0,0.0,0.0,0.0,0.0,1.0,0.1335824381130313,0.0,0.0,0.0,0.0,0.0,0.0,1.0,0.05337658507814804,P_longicornis,32,"Madrigal Bus. Park, Mun."
0.0,0.0,0.0,0.0,0.0,0.0,1.0,0.164,0.0,0.0,0.0,0.0,0.0,0.0,0.0,0.0,P_longicornis,33,"Madrigal Bus. Park, Mun."
0.0,0.0,0.0,0.0,0.0,0.0,0.0,0.0,0.0,0.0,0.0,0.0,0.0,0.0,0.0,0.0,P_longicornis,34,"Madrigal Bus. Park, Mun."
0.0,0.0,0.0,0.0,0.0,0.0,0.0,0.0,0.0,0.0,1.0,1.221476510067114,0.0,0.0,1.0,0.10124101894186806,P_longicornis,35,"Madrigal Bus. Park, Mun."
0.0,0.0,1.0,0.10784867306606437,0.0,0.0,1.0,0.2930513595166163,0.0,0.0,0.0,0.0,0.0,0.0,1.0,0.15238817285822592,P_longicornis,36,"Madrigal Bus. Park, Mun."
0.0,0.0,0.0,0.0,0.0,0.0,1.0,0.06490599820948971,0.0,0.0,0.0,0.0,0.0,0.0,0.0,0.0,P_longicornis,37,"Madrigal Bus. Park, Mun."
0.0,0.0,1.0,0.07998454404945904,0.0,0.0,0.0,0.0,0.0,0.0,0.0,0.0,0.0,0.0,0.0,0.0,P_longicornis,38,"Madrigal Bus. Park, Mun."
0.0,0.0,0.0,0.0,0.0,0.0,1.0,0.19022801302931597,0.0,0.0,0.0,0.0,0.0,0.0,0.0,0.0,P_longicornis,39,"Madrigal Bus. Park, Mun."
0.0,0.0,1.0,0.1002493765586035,0.0,0.0,1.0,0.12597200622083982,0.0,0.0,0.0,0.0,0.0,0.0,1.0,0.055248618784530384,P_longicornis,40,"Madrigal Bus. Park, Mun."
0.0,0.0,0.0,0.0,0.0,0.0,1.0,0.12380446333687567,0.0,0.0,0.0,0.0,0.0,0.0,0.0,0.0,P_longicornis,41,"Madrigal Bus. Park, Mun."
0.0,0.0,0.0,0.0,0.0,0.0,1.0,0.1436818473380372,0.0,0.0,0.0,0.0,0.0,0.0,0.0,0.0,P_longicornis,42,"Madrigal Bus. Park, Mun."
0.0,0.0,1.0,0.30505709624796085,0.0,0.0,1.0,0.19672131147540983,0.0,0.0,0.0,0.0,0.0,0.0,0.0,0.0,P_longicornis,43,"Madrigal Bus. Park, Mun."
0.0,0.0,1.0,0.15810920945395274,0.0,0.0,1.0,0.2356948228882834,0.0,0.0,0.0,0.0,0.0,0.0,1.0,0.43665158371040724,P_longicornis,44,"Madrigal Bus. Park, Mun."
0.0,0.0,0.0,0.0,0.0,0.0,1.0,0.14167916041979012,0.0,0.0,0.0,0.0,0.0,0.0,0.0,0.0,P_longicornis,45,"Madrigal Bus. Park, Mun."
0.0,0.0,0.0,0.0,0.0,0.0,1.0,0.09749303621169916,0.0,0.0,0.0,0.0,0.0,0.0,0.0,0.0,P_longicornis,46,"Madrigal Bus. Park, Mun."
0.0,0.0,0.0,0.0,0.0,0.0,1.0,0.13717805151175813,0.0,0.0,0.0,0.0,0.0,0.0,0.0,0.0,P_longicornis,47,"Madrigal Bus. Park, Mun."
0.0,0.0,1.0,0.5177514792899408,0.0,0.0,1.0,0.2710526315789474,0.0,0.0,0.0,0.0,0.0,0.0,1.0,0.12396166134185303,P_longicornis,48,"Madrigal Bus. Park, Mun."
0.0,0.0,1.0,0.13543721236028927,0.0,0.0,1.0,0.1451831750339213,0.0,0.0,0.0,0.0,0.0,0.0,0.0,0.0,P_longicornis,49,"Madrigal Bus. Park, Mun."
0.0,0.0,0.0,0.0,0.0,0.0,1.0,0.1605769230769231,0.0,0.0,0.0,0.0,0.0,0.0,1.0,0.09379727685325265,P_longicornis,50,"Madrigal Bus. Park, Mun."
0.0,0.0,0.0,0.0,0.0,0.0,1.0,0.16902738432483475,0.0,0.0,0.0,0.0,0.0,0.0,0.0,0.0,P_longicornis,51,"Madrigal Bus. Park, Mun."
0.0,0.0,0.0,0.0,0.0,0.0,1.0,0.0983177570093458,0.0,0.0,0.0,0.0,0.0,0.0,0.0,0.0,P_longicornis,52,"Madrigal Bus. Park, Mun."
0.0,0.0,1.0,0.2956810631229236,0.0,0.0,1.0,0.1834319526627219,0.0,0.0,0.0,0.0,0.0,0.0,1.0,0.12740989103101424,P_longicornis,53,"Madrigal Bus. Park, Mun."
0.0,0.0,0.0,0.0,0.0,0.0,1.0,0.19703703703703704,0.0,0.0,0.0,0.0,0.0,0.0,1.0,0.13471849865951743,P_longicornis,54,"Madrigal Bus. Park, Mun."
0.0,0.0,0.0,0.0,0.0,0.0,1.0,0.29591836734693877,0.0,0.0,0.0,0.0,0.0,0.0,0.0,0.0,P_longicornis,55,"Madrigal Bus. Park, Mun."
0.0,0.0,1.0,0.12983770287141075,0.0,0.0,1.0,0.2953929539295393,0.0,0.0,0.0,0.0,0.0,0.0,1.0,0.051603206412825654,P_longicornis,56,"Madrigal Bus. Park, Mun."
0.0,0.0,0.0,0.0,0.0,0.0,1.0,0.11962750716332378,0.0,0.0,0.0,0.0,0.0,0.0,0.0,0.0,P_longicornis,57,"Madrigal Bus. Park, Mun."
0.0,0.0,0.0,0.0,0.0,0.0,1.0,0.080797481636936,0.0,0.0,0.0,0.0,0.0,0.0,1.0,0.36853448275862066,P_longicornis,58,"Madrigal Bus. Park, Mun."
0.0,0.0,0.0,0.0,0.0,0.0,0.0,0.0,0.0,0.0,0.0,0.0,0.0,0.0,0.0,0.0,P_longicornis,59,"Madrigal Bus. Park, Mun."
0.0,0.0,0.0,0.0,0.0,0.0,1.0,0.12894873122734335,0.0,0.0,0.0,0.0,0.0,0.0,0.0,0.0,P_longicornis,60,"Madrigal Bus. Park, Mun."
0.0,0.0,1.0,0.23850574712643677,0.0,0.0,1.0,0.11320754716981132,0.0,0.0,0.0,0.0,0.0,0.0,1.0,0.726530612244898,P_longicornis,61,"Madrigal Bus. Park, Mun."
0.0,0.0,1.0,0.2052896725440806,0.0,0.0,1.0,0.12141393442622951,0.0,0.0,0.0,0.0,0.0,0.0,0.0,0.0,P_longicornis,62,"Madrigal Bus. Park, Mun."
0.0,0.0,1.0,0.11557177615571776,0.0,0.0,1.0,0.10990338164251208,0.0,0.0,0.0,0.0,0.0,0.0,0.0,0.0,P_longicornis,63,"Madrigal Bus. Park, Mun."
0.0,0.0,0.0,0.0,0.0,0.0,1.0,0.11743341404358354,0.0,0.0,0.0,0.0,0.0,0.0,0.0,0.0,P_longicornis,64,"Madrigal Bus. Park, Mun."
0.0,0.0,1.0,0.13046815042210283,0.0,0.0,1.0,0.15173237753882915,0.0,0.0,0.0,0.0,0.0,0.0,0.0,0.0,P_longicornis,65,"Madrigal Bus. Park, Mun."
0.0,0.0,0.0,0.0,0.0,0.0,1.0,0.13248542660307366,0.0,0.0,0.0,0.0,0.0,0.0,1.0,0.06697388632872504,P_longicornis,66,"Madrigal Bus. Park, Mun."
0.0,0.0,1.0,0.445,0.0,0.0,1.0,0.3356521739130435,0.0,0.0,0.0,0.0,0.0,0.0,0.0,0.0,P_longicornis,67,"Madrigal Bus. Park, Mun."
0.0,0.0,1.0,0.6833976833976834,0.0,0.0,1.0,0.09748427672955975,0.0,0.0,0.0,0.0,0.0,0.0,1.0,0.6095890410958904,P_longicornis,68,"Madrigal Bus. Park, Mun."
0.0,0.0,0.0,0.0,0.0,0.0,1.0,0.11208406304728546,0.0,0.0,0.0,0.0,0.0,0.0,0.0,0.0,P_longicornis,69,"Madrigal Bus. Park, Mun."
0.0,0.0,0.0,0.0,0.0,0.0,1.0,0.3897216274089936,0.0,0.0,0.0,0.0,0.0,0.0,0.0,0.0,P_longicornis,70,"Madrigal Bus. Park, Mun."
0.0,0.0,1.0,0.05980184005661713,0.0,0.0,1.0,0.16370106761565836,0.0,0.0,0.0,0.0,0.0,0.0,1.0,0.09330727894479726,P_longicornis,71,"Madrigal Bus. Park, Mun."
0.0,0.0,1.0,0.15112262521588946,0.0,0.0,1.0,0.1373762376237624,0.0,0.0,0.0,0.0,0.0,0.0,1.0,0.12025316455696203,P_longicornis,72,"Madrigal Bus. Park, Mun."
0.0,0.0,0.0,0.0,0.0,0.0,1.0,0.10714285714285714,0.0,0.0,0.0,0.0,0.0,0.0,1.0,0.05816628327308577,P_longicornis,73,"Madrigal Bus. Park, Mun."
0.0,0.0,1.0,0.13239974538510502,0.0,0.0,1.0,0.1211972522080471,0.0,0.0,0.0,0.0,0.0,0.0,1.0,0.0829103214890017,P_longicornis,74,"Madrigal Bus. Park, Mun."
0.0,0.0,1.0,0.6532846715328468,0.0,0.0,1.0,0.17520775623268697,0.0,0.0,0.0,0.0,0.0,0.0,0.0,0.0,P_longicornis,75,"Madrigal Bus. Park, Mun."
0.0,0.0,1.0,0.38877755511022044,0.0,0.0,1.0,0.04818325434439179,0.0,0.0,0.0,0.0,0.0,0.0,1.0,0.12579415501905972,P_longicornis,76,"Madrigal Bus. Park, Mun."
0.0,0.0,0.0,0.0,0.0,0.0,0.0,0.0,0.0,0.0,0.0,0.0,0.0,0.0,0.0,0.0,P_longicornis,77,"Madrigal Bus. Park, Mun."
0.0,0.0,0.0,0.0,0.0,0.0,1.0,0.10137228862328464,0.0,0.0,0.0,0.0,0.0,0.0,1.0,0.10226612434631029,P_longicornis,78,"Madrigal Bus. Park, Mun."
0.0,0.0,0.0,0.0,0.0,0.0,1.0,0.11700844390832328,0.0,0.0,0.0,0.0,0.0,0.0,0.0,0.0,P_longicornis,79,"Madrigal Bus. Park, Mun."
0.0,0.0,0.0,0.0,0.0,0.0,1.0,0.41282565130260523,0.0,0.0,0.0,0.0,0.0,0.0,1.0,0.33275862068965517,P_longicornis,80,"Madrigal Bus. Park, Mun."
0.0,0.0,0.0,0.0,0.0,0.0,1.0,0.0678268630075859,0.0,0.0,0.0,0.0,0.0,0.0,0.0,0.0,P_longicornis,81,"Madrigal Bus. Park, Mun."
0.0,0.0,1.0,0.12240802675585284,0.0,0.0,1.0,0.15323076923076923,0.0,0.0,0.0,0.0,0.0,0.0,0.0,0.0,P_longicornis,82,"Madrigal Bus. Park, Mun."
0.0,0.0,0.0,0.0,0.0,0.0,0.0,0.0,0.0,0.0,0.0,0.0,0.0,0.0,0.0,0.0,P_longicornis,83,"Madrigal Bus. Park, Mun."
0.0,0.0,0.0,0.0,0.0,0.0,1.0,0.1154703522068658,0.0,0.0,0.0,0.0,0.0,0.0,0.0,0.0,P_longicornis,84,"Madrigal Bus. Park, Mun."
0.0,0.0,1.0,0.2773972602739726,0.0,0.0,1.0,0.10493119266055045,0.0,0.0,0.0,0.0,0.0,0.0,0.0,0.0,P_longicornis,85,"Madrigal Bus. Park, Mun."
0.0,0.0,0.0,0.0,0.0,0.0,1.0,0.12678682411435674,0.0,0.0,0.0,0.0,0.0,0.0,0.0,0.0,P_longicornis,86,"Madrigal Bus. Park, Mun."
0.0,0.0,1.0,0.0865654862282181,0.0,0.0,1.0,0.13316582914572864,0.0,0.0,0.0,0.0,0.0,0.0,0.0,0.0,P_longicornis,87,"Madrigal Bus. Park, Mun."
0.0,0.0,1.0,0.6206896551724138,0.0,0.0,0.0,0.0,0.0,0.0,0.0,0.0,0.0,0.0,0.0,0.0,P_longicornis,88,"Madrigal Bus. Park, Mun."
0.0,0.0,0.0,0.0,0.0,0.0,1.0,0.23776223776223776,0.0,0.0,0.0,0.0,0.0,0.0,0.0,0.0,P_longicornis,89,"Madrigal Bus. Park, Mun."
0.0,0.0,0.0,0.0,0.0,0.0,1.0,0.11895161290322581,0.0,0.0,0.0,0.0,0.0,0.0,0.0,0.0,P_longicornis,90,"Madrigal Bus. Park, Mun."
0.0,0.0,0.0,0.0,0.0,0.0,1.0,0.14187010594196223,0.0,0.0,0.0,0.0,0.0,0.0,0.0,0.0,P_longicornis,91,"Madrigal Bus. Park, Mun."
0.0,0.0,0.0,0.0,0.0,0.0,1.0,0.2544502617801047,0.0,0.0,0.0,0.0,0.0,0.0,0.0,0.0,P_longicornis,92,"Madrigal Bus. Park, Mun."
0.0,0.0,1.0,0.07462090981644054,0.0,0.0,1.0,0.15978994748687173,0.0,0.0,0.0,0.0,0.0,0.0,0.0,0.0,P_longicornis,93,"Madrigal Bus. Park, Mun."
0.0,0.0,1.0,0.19327731092436976,0.0,0.0,0.0,0.0,0.0,0.0,0.0,0.0,0.0,0.0,1.0,0.11827956989247312,P_longicornis,94,"Madrigal Bus. Park, Mun."
0.0,0.0,0.0,0.0,0.0,0.0,1.0,0.18556085918854415,0.0,0.0,0.0,0.0,0.0,0.0,0.0,0.0,P_longicornis,95,"Madrigal Bus. Park, Mun."
0.0,0.0,0.0,0.0,0.0,0.0,0.0,0.0,0.0,0.0,0.0,0.0,0.0,0.0,1.0,0.05177453027139875,P_longicornis,96,"Madrigal Bus. Park, Mun."
0.0,0.0,1.0,0.5507692307692308,0.0,0.0,0.0,0.0,0.0,0.0,0.0,0.0,0.0,0.0,0.0,0.0,P_longicornis,97,"Madrigal Bus. Park, Mun."
0.0,0.0,0.0,0.0,0.0,0.0,1.0,0.10259433962264151,0.0,0.0,0.0,0.0,0.0,0.0,1.0,0.15751575157515751,P_longicornis,98,"Madrigal Bus. Park, Mun."
0.0,0.0,0.0,0.0,0.0,0.0,1.0,0.18460388639760836,0.0,0.0,0.0,0.0,0.0,0.0,0.0,0.0,P_longicornis,99,"Madrigal Bus. Park, Mun."
0.0,0.0,0.0,0.0,0.0,0.0,0.0,0.0,0.0,0.0,0.0,0.0,0.0,0.0,0.0,0.0,P_longicornis,0,"Arca Circle, Western Bic."
0.0,0.0,0.0,0.0,0.0,0.0,0.0,0.0,0.0,0.0,0.0,0.0,0.0,0.0,0.0,0.0,P_longicornis,1,"Arca Circle, Western Bic."
0.0,0.0,0.0,0.0,0.0,0.0,0.0,0.0,0.0,0.0,0.0,0.0,0.0,0.0,0.0,0.0,P_longicornis,2,"Arca Circle, Western Bic."
0.0,0.0,0.0,0.0,0.0,0.0,0.0,0.0,0.0,0.0,0.0,0.0,0.0,0.0,0.0,0.0,P_longicornis,3,"Arca Circle, Western Bic."
0.0,0.0,0.0,0.0,0.0,0.0,0.0,0.0,0.0,0.0,0.0,0.0,0.0,0.0,0.0,0.0,P_longicornis,4,"Arca Circle, Western Bic."
0.0,0.0,0.0,0.0,0.0,0.0,0.0,0.0,0.0,0.0,0.0,0.0,0.0,0.0,0.0,0.0,P_longicornis,5,"Arca Circle, Western Bic."
0.0,0.0,0.0,0.0,0.0,0.0,0.0,0.0,0.0,0.0,0.0,0.0,0.0,0.0,0.0,0.0,P_longicornis,6,"Arca Circle, Western Bic."
0.0,0.0,0.0,0.0,0.0,0.0,0.0,0.0,0.0,0.0,0.0,0.0,0.0,0.0,0.0,0.0,P_longicornis,7,"Arca Circle, Western Bic."
0.0,0.0,0.0,0.0,0.0,0.0,0.0,0.0,0.0,0.0,0.0,0.0,0.0,0.0,0.0,0.0,P_longicornis,8,"Arca Circle, Western Bic."
0.0,0.0,0.0,0.0,0.0,0.0,0.0,0.0,0.0,0.0,0.0,0.0,0.0,0.0,0.0,0.0,P_longicornis,9,"Arca Circle, Western Bic."
0.0,0.0,0.0,0.0,0.0,0.0,0.0,0.0,0.0,0.0,0.0,0.0,0.0,0.0,0.0,0.0,P_longicornis,10,"Arca Circle, Western Bic."
0.0,0.0,0.0,0.0,0.0,0.0,0.0,0.0,0.0,0.0,0.0,0.0,0.0,0.0,0.0,0.0,P_longicornis,11,"Arca Circle, Western Bic."
0.0,0.0,0.0,0.0,0.0,0.0,0.0,0.0,0.0,0.0,0.0,0.0,0.0,0.0,0.0,0.0,P_longicornis,12,"Arca Circle, Western Bic."
0.0,0.0,0.0,0.0,0.0,0.0,0.0,0.0,0.0,0.0,0.0,0.0,0.0,0.0,0.0,0.0,P_longicornis,13,"Arca Circle, Western Bic."
0.0,0.0,0.0,0.0,0.0,0.0,0.0,0.0,0.0,0.0,0.0,0.0,0.0,0.0,0.0,0.0,P_longicornis,14,"Arca Circle, Western Bic."
0.0,0.0,0.0,0.0,0.0,0.0,0.0,0.0,0.0,0.0,0.0,0.0,0.0,0.0,0.0,0.0,P_longicornis,15,"Arca Circle, Western Bic."
0.0,0.0,0.0,0.0,0.0,0.0,0.0,0.0,0.0,0.0,0.0,0.0,0.0,0.0,0.0,0.0,P_longicornis,16,"Arca Circle, Western Bic."
0.0,0.0,0.0,0.0,0.0,0.0,0.0,0.0,0.0,0.0,0.0,0.0,0.0,0.0,0.0,0.0,P_longicornis,17,"Arca Circle, Western Bic."
0.0,0.0,0.0,0.0,0.0,0.0,0.0,0.0,0.0,0.0,0.0,0.0,0.0,0.0,0.0,0.0,P_longicornis,18,"Arca Circle, Western Bic."
0.0,0.0,0.0,0.0,0.0,0.0,0.0,0.0,0.0,0.0,0.0,0.0,0.0,0.0,0.0,0.0,P_longicornis,19,"Arca Circle, Western Bic."
0.0,0.0,0.0,0.0,0.0,0.0,0.0,0.0,0.0,0.0,0.0,0.0,0.0,0.0,0.0,0.0,P_longicornis,20,"Arca Circle, Western Bic."
0.0,0.0,0.0,0.0,0.0,0.0,0.0,0.0,0.0,0.0,0.0,0.0,0.0,0.0,0.0,0.0,P_longicornis,21,"Arca Circle, Western Bic."
0.0,0.0,0.0,0.0,0.0,0.0,0.0,0.0,0.0,0.0,0.0,0.0,0.0,0.0,0.0,0.0,P_longicornis,22,"Arca Circle, Western Bic."
0.0,0.0,0.0,0.0,0.0,0.0,0.0,0.0,0.0,0.0,0.0,0.0,0.0,0.0,0.0,0.0,P_longicornis,23,"Arca Circle, Western Bic."
0.0,0.0,0.0,0.0,0.0,0.0,0.0,0.0,0.0,0.0,0.0,0.0,0.0,0.0,0.0,0.0,P_longicornis,24,"Arca Circle, Western Bic."
0.0,0.0,0.0,0.0,0.0,0.0,0.0,0.0,0.0,0.0,0.0,0.0,0.0,0.0,0.0,0.0,P_longicornis,25,"Arca Circle, Western Bic."
0.0,0.0,0.0,0.0,0.0,0.0,0.0,0.0,0.0,0.0,0.0,0.0,0.0,0.0,0.0,0.0,P_longicornis,26,"Arca Circle, Western Bic."
0.0,0.0,0.0,0.0,0.0,0.0,0.0,0.0,0.0,0.0,0.0,0.0,0.0,0.0,0.0,0.0,P_longicornis,27,"Arca Circle, Western Bic."
0.0,0.0,0.0,0.0,0.0,0.0,0.0,0.0,0.0,0.0,0.0,0.0,0.0,0.0,0.0,0.0,P_longicornis,28,"Arca Circle, Western Bic."
0.0,0.0,0.0,0.0,0.0,0.0,0.0,0.0,0.0,0.0,0.0,0.0,0.0,0.0,0.0,0.0,P_longicornis,29,"Arca Circle, Western Bic."
0.0,0.0,0.0,0.0,0.0,0.0,0.0,0.0,0.0,0.0,0.0,0.0,0.0,0.0,0.0,0.0,P_longicornis,30,"Arca Circle, Western Bic."
0.0,0.0,0.0,0.0,0.0,0.0,0.0,0.0,0.0,0.0,0.0,0.0,0.0,0.0,0.0,0.0,P_longicornis,31,"Arca Circle, Western Bic."
0.0,0.0,0.0,0.0,0.0,0.0,0.0,0.0,0.0,0.0,0.0,0.0,0.0,0.0,0.0,0.0,P_longicornis,32,"Arca Circle, Western Bic."
0.0,0.0,0.0,0.0,0.0,0.0,0.0,0.0,0.0,0.0,0.0,0.0,0.0,0.0,0.0,0.0,P_longicornis,33,"Arca Circle, Western Bic."
0.0,0.0,0.0,0.0,0.0,0.0,0.0,0.0,0.0,0.0,0.0,0.0,0.0,0.0,0.0,0.0,P_longicornis,34,"Arca Circle, Western Bic."
0.0,0.0,0.0,0.0,0.0,0.0,0.0,0.0,0.0,0.0,0.0,0.0,0.0,0.0,0.0,0.0,P_longicornis,35,"Arca Circle, Western Bic."
0.0,0.0,0.0,0.0,0.0,0.0,0.0,0.0,0.0,0.0,0.0,0.0,0.0,0.0,0.0,0.0,P_longicornis,36,"Arca Circle, Western Bic."
0.0,0.0,0.0,0.0,0.0,0.0,0.0,0.0,0.0,0.0,0.0,0.0,0.0,0.0,0.0,0.0,P_longicornis,37,"Arca Circle, Western Bic."
0.0,0.0,0.0,0.0,0.0,0.0,0.0,0.0,0.0,0.0,0.0,0.0,0.0,0.0,0.0,0.0,P_longicornis,38,"Arca Circle, Western Bic."
0.0,0.0,0.0,0.0,0.0,0.0,0.0,0.0,0.0,0.0,0.0,0.0,0.0,0.0,0.0,0.0,P_longicornis,39,"Arca Circle, Western Bic."
0.0,0.0,0.0,0.0,0.0,0.0,0.0,0.0,0.0,0.0,0.0,0.0,0.0,0.0,0.0,0.0,P_longicornis,40,"Arca Circle, Western Bic."
0.0,0.0,0.0,0.0,0.0,0.0,0.0,0.0,0.0,0.0,0.0,0.0,0.0,0.0,0.0,0.0,P_longicornis,41,"Arca Circle, Western Bic."
0.0,0.0,0.0,0.0,0.0,0.0,0.0,0.0,0.0,0.0,0.0,0.0,0.0,0.0,0.0,0.0,P_longicornis,42,"Arca Circle, Western Bic."
0.0,0.0,0.0,0.0,0.0,0.0,0.0,0.0,0.0,0.0,0.0,0.0,0.0,0.0,0.0,0.0,P_longicornis,43,"Arca Circle, Western Bic."
0.0,0.0,0.0,0.0,0.0,0.0,0.0,0.0,0.0,0.0,0.0,0.0,0.0,0.0,0.0,0.0,P_longicornis,44,"Arca Circle, Western Bic."
0.0,0.0,0.0,0.0,0.0,0.0,0.0,0.0,0.0,0.0,0.0,0.0,0.0,0.0,0.0,0.0,P_longicornis,45,"Arca Circle, Western Bic."
0.0,0.0,0.0,0.0,0.0,0.0,0.0,0.0,0.0,0.0,0.0,0.0,0.0,0.0,0.0,0.0,P_longicornis,46,"Arca Circle, Western Bic."
0.0,0.0,0.0,0.0,0.0,0.0,0.0,0.0,0.0,0.0,0.0,0.0,0.0,0.0,0.0,0.0,P_longicornis,47,"Arca Circle, Western Bic."
0.0,0.0,0.0,0.0,0.0,0.0,0.0,0.0,0.0,0.0,0.0,0.0,0.0,0.0,0.0,0.0,P_longicornis,48,"Arca Circle, Western Bic."
0.0,0.0,0.0,0.0,0.0,0.0,0.0,0.0,0.0,0.0,0.0,0.0,0.0,0.0,0.0,0.0,P_longicornis,49,"Arca Circle, Western Bic."
0.0,0.0,0.0,0.0,0.0,0.0,0.0,0.0,0.0,0.0,0.0,0.0,0.0,0.0,0.0,0.0,P_longicornis,50,"Arca Circle, Western Bic."
0.0,0.0,0.0,0.0,0.0,0.0,0.0,0.0,0.0,0.0,0.0,0.0,0.0,0.0,0.0,0.0,P_longicornis,51,"Arca Circle, Western Bic."
0.0,0.0,0.0,0.0,0.0,0.0,0.0,0.0,0.0,0.0,0.0,0.0,0.0,0.0,0.0,0.0,P_longicornis,52,"Arca Circle, Western Bic."
0.0,0.0,0.0,0.0,0.0,0.0,0.0,0.0,0.0,0.0,0.0,0.0,0.0,0.0,0.0,0.0,P_longicornis,53,"Arca Circle, Western Bic."
0.0,0.0,0.0,0.0,0.0,0.0,0.0,0.0,0.0,0.0,0.0,0.0,0.0,0.0,0.0,0.0,P_longicornis,54,"Arca Circle, Western Bic."
0.0,0.0,0.0,0.0,0.0,0.0,0.0,0.0,0.0,0.0,0.0,0.0,0.0,0.0,0.0,0.0,P_longicornis,55,"Arca Circle, Western Bic."
0.0,0.0,0.0,0.0,0.0,0.0,0.0,0.0,0.0,0.0,0.0,0.0,0.0,0.0,0.0,0.0,P_longicornis,56,"Arca Circle, Western Bic."
0.0,0.0,0.0,0.0,0.0,0.0,0.0,0.0,0.0,0.0,0.0,0.0,0.0,0.0,0.0,0.0,P_longicornis,57,"Arca Circle, Western Bic."
0.0,0.0,0.0,0.0,0.0,0.0,0.0,0.0,0.0,0.0,0.0,0.0,0.0,0.0,0.0,0.0,P_longicornis,58,"Arca Circle, Western Bic."
0.0,0.0,0.0,0.0,0.0,0.0,0.0,0.0,0.0,0.0,0.0,0.0,0.0,0.0,0.0,0.0,P_longicornis,59,"Arca Circle, Western Bic."
0.0,0.0,0.0,0.0,0.0,0.0,0.0,0.0,0.0,0.0,0.0,0.0,0.0,0.0,0.0,0.0,P_longicornis,60,"Arca Circle, Western Bic."
0.0,0.0,0.0,0.0,0.0,0.0,0.0,0.0,0.0,0.0,0.0,0.0,0.0,0.0,0.0,0.0,P_longicornis,61,"Arca Circle, Western Bic."
0.0,0.0,0.0,0.0,0.0,0.0,0.0,0.0,0.0,0.0,0.0,0.0,0.0,0.0,0.0,0.0,P_longicornis,62,"Arca Circle, Western Bic."
0.0,0.0,0.0,0.0,0.0,0.0,0.0,0.0,0.0,0.0,0.0,0.0,0.0,0.0,0.0,0.0,P_longicornis,63,"Arca Circle, Western Bic."
0.0,0.0,0.0,0.0,0.0,0.0,0.0,0.0,0.0,0.0,0.0,0.0,0.0,0.0,0.0,0.0,P_longicornis,64,"Arca Circle, Western Bic."
0.0,0.0,0.0,0.0,0.0,0.0,0.0,0.0,0.0,0.0,0.0,0.0,0.0,0.0,0.0,0.0,P_longicornis,65,"Arca Circle, Western Bic."
0.0,0.0,0.0,0.0,0.0,0.0,0.0,0.0,0.0,0.0,0.0,0.0,0.0,0.0,0.0,0.0,P_longicornis,66,"Arca Circle, Western Bic."
0.0,0.0,0.0,0.0,0.0,0.0,0.0,0.0,0.0,0.0,0.0,0.0,0.0,0.0,0.0,0.0,P_longicornis,67,"Arca Circle, Western Bic."
0.0,0.0,0.0,0.0,0.0,0.0,0.0,0.0,0.0,0.0,0.0,0.0,0.0,0.0,0.0,0.0,P_longicornis,68,"Arca Circle, Western Bic."
0.0,0.0,0.0,0.0,0.0,0.0,0.0,0.0,0.0,0.0,0.0,0.0,0.0,0.0,0.0,0.0,P_longicornis,69,"Arca Circle, Western Bic."
0.0,0.0,0.0,0.0,0.0,0.0,0.0,0.0,0.0,0.0,0.0,0.0,0.0,0.0,0.0,0.0,P_longicornis,70,"Arca Circle, Western Bic."
0.0,0.0,0.0,0.0,0.0,0.0,0.0,0.0,0.0,0.0,0.0,0.0,0.0,0.0,0.0,0.0,P_longicornis,71,"Arca Circle, Western Bic."
0.0,0.0,0.0,0.0,0.0,0.0,0.0,0.0,0.0,0.0,0.0,0.0,0.0,0.0,0.0,0.0,P_longicornis,72,"Arca Circle, Western Bic."
0.0,0.0,0.0,0.0,0.0,0.0,0.0,0.0,0.0,0.0,0.0,0.0,0.0,0.0,0.0,0.0,P_longicornis,73,"Arca Circle, Western Bic."
0.0,0.0,0.0,0.0,0.0,0.0,0.0,0.0,0.0,0.0,0.0,0.0,0.0,0.0,0.0,0.0,P_longicornis,74,"Arca Circle, Western Bic."
0.0,0.0,0.0,0.0,0.0,0.0,0.0,0.0,0.0,0.0,0.0,0.0,0.0,0.0,0.0,0.0,P_longicornis,75,"Arca Circle, Western Bic."
0.0,0.0,0.0,0.0,0.0,0.0,0.0,0.0,0.0,0.0,0.0,0.0,0.0,0.0,0.0,0.0,P_longicornis,76,"Arca Circle, Western Bic."
0.0,0.0,0.0,0.0,0.0,0.0,0.0,0.0,0.0,0.0,0.0,0.0,0.0,0.0,0.0,0.0,P_longicornis,77,"Arca Circle, Western Bic."
0.0,0.0,0.0,0.0,0.0,0.0,0.0,0.0,0.0,0.0,0.0,0.0,0.0,0.0,0.0,0.0,P_longicornis,78,"Arca Circle, Western Bic."
0.0,0.0,0.0,0.0,0.0,0.0,0.0,0.0,0.0,0.0,0.0,0.0,0.0,0.0,0.0,0.0,P_longicornis,79,"Arca Circle, Western Bic."
0.0,0.0,0.0,0.0,0.0,0.0,0.0,0.0,0.0,0.0,0.0,0.0,0.0,0.0,0.0,0.0,P_longicornis,80,"Arca Circle, Western Bic."
0.0,0.0,0.0,0.0,0.0,0.0,0.0,0.0,0.0,0.0,0.0,0.0,0.0,0.0,0.0,0.0,P_longicornis,81,"Arca Circle, Western Bic."
0.0,0.0,0.0,0.0,0.0,0.0,0.0,0.0,0.0,0.0,0.0,0.0,0.0,0.0,0.0,0.0,P_longicornis,82,"Arca Circle, Western Bic."
0.0,0.0,0.0,0.0,0.0,0.0,0.0,0.0,0.0,0.0,0.0,0.0,0.0,0.0,0.0,0.0,P_longicornis,83,"Arca Circle, Western Bic."
0.0,0.0,0.0,0.0,0.0,0.0,0.0,0.0,0.0,0.0,0.0,0.0,0.0,0.0,0.0,0.0,P_longicornis,84,"Arca Circle, Western Bic."
0.0,0.0,0.0,0.0,0.0,0.0,0.0,0.0,0.0,0.0,0.0,0.0,0.0,0.0,0.0,0.0,P_longicornis,85,"Arca Circle, Western Bic."
0.0,0.0,0.0,0.0,0.0,0.0,0.0,0.0,0.0,0.0,0.0,0.0,0.0,0.0,0.0,0.0,P_longicornis,86,"Arca Circle, Western Bic."
0.0,0.0,0.0,0.0,0.0,0.0,0.0,0.0,0.0,0.0,0.0,0.0,0.0,0.0,0.0,0.0,P_longicornis,87,"Arca Circle, Western Bic."
0.0,0.0,0.0,0.0,0.0,0.0,0.0,0.0,0.0,0.0,0.0,0.0,0.0,0.0,0.0,0.0,P_longicornis,88,"Arca Circle, Western Bic."
0.0,0.0,0.0,0.0,0.0,0.0,0.0,0.0,0.0,0.0,0.0,0.0,0.0,0.0,0.0,0.0,P_longicornis,89,"Arca Circle, Western Bic."
0.0,0.0,0.0,0.0,0.0,0.0,0.0,0.0,0.0,0.0,0.0,0.0,0.0,0.0,0.0,0.0,P_longicornis,90,"Arca Circle, Western Bic."
0.0,0.0,0.0,0.0,0.0,0.0,0.0,0.0,0.0,0.0,0.0,0.0,0.0,0.0,0.0,0.0,P_longicornis,91,"Arca Circle, Western Bic."
0.0,0.0,0.0,0.0,0.0,0.0,0.0,0.0,0.0,0.0,0.0,0.0,0.0,0.0,0.0,0.0,P_longicornis,92,"Arca Circle, Western Bic."
0.0,0.0,0.0,0.0,0.0,0.0,0.0,0.0,0.0,0.0,0.0,0.0,0.0,0.0,0.0,0.0,P_longicornis,93,"Arca Circle, Western Bic."
0.0,0.0,0.0,0.0,0.0,0.0,0.0,0.0,0.0,0.0,0.0,0.0,0.0,0.0,0.0,0.0,P_longicornis,94,"Arca Circle, Western Bic."
0.0,0.0,0.0,0.0,0.0,0.0,0.0,0.0,0.0,0.0,0.0,0.0,0.0,0.0,0.0,0.0,P_longicornis,95,"Arca Circle, Western Bic."
0.0,0.0,0.0,0.0,0.0,0.0,0.0,0.0,0.0,0.0,0.0,0.0,0.0,0.0,0.0,0.0,P_longicornis,96,"Arca Circle, Western Bic."
0.0,0.0,0.0,0.0,0.0,0.0,0.0,0.0,0.0,0.0,0.0,0.0,0.0,0.0,0.0,0.0,P_longicornis,97,"Arca Circle, Western Bic."
0.0,0.0,0.0,0.0,0.0,0.0,0.0,0.0,0.0,0.0,0.0,0.0,0.0,0.0,0.0,0.0,P_longicornis,98,"Arca Circle, Western Bic."
0.0,0.0,0.0,0.0,0.0,0.0,0.0,0.0,0.0,0.0,0.0,0.0,0.0,0.0,0.0,0.0,P_longicornis,99,"Arca Circle, Western Bic."
