id	2000-02	2000-03	2000-04	2000-05	2000-06	2000-07	2000-09	2000-10	2000-11	2000-12	2001-01	2001-02	2001-03	2001-04	2001-05	2001-06	2001-07	2001-10	2001-11	2001-12	2002-01	2002-02	2002-03	2002-04	2002-05	2002-06	2002-07	2002-08	2002-09	2002-10	2002-11	2002-12	2003-01	2003-02	2003-03	2003-04	2003-05	2003-06	2003-07	2003-08	2003-10	2003-11	2003-12	2004-01	2004-02	2004-03	2004-04	2004-05	2004-06	2004-07	2004-08	2004-09	2004-10	2004-11	2004-12	2005-01	2005-02	2005-03	2005-04	2005-05	2005-06	2005-09	2005-10	2005-11	2005-12	2006-01	2006-02	2006-03	2006-04	2006-05	2006-06	2006-08	2006-09	2006-10	2006-11	2006-12	2007-01	2007-02	2007-03	2007-04	2007-05	2007-06	2007-07	2007-08	2007-09	2007-10	2007-11	2007-12	2008-01	2008-02	2008-03	2008-04	2008-05	2008-06	2008-08	2008-09	2008-10	2008-11	2008-12	2009-01	2009-02	2009-03	2009-04	2009-05	2009-08	2009-09	2009-10	2009-11	2009-12	2010-01	2010-02	2010-03	2010-04	2010-05	2010-06	2010-07	2010-09	2010-10	2010-11	2010-12	2011-01	2011-02	2011-03	2011-04	2011-05	2011-06	2011-07	2011-08	2011-09	2011-10	2011-12	2012-01	2012-02	2012-03	2012-04	2012-05	2012-06	2012-09	2012-10	2012-11	2012-12	2013-01	2013-02	2013-03	2013-04	2013-05	2013-06	2013-07	2013-08	2013-10	2013-11	2013-12	2014-01	2014-02	2014-03	2014-04	2014-05	2014-06	2014-08	2014-09	2014-10	2014-11	2014-12	2015-01	2015-02	2015-03	2015-04	2015-05	2015-06	2015-07	2015-08	2015-09	2015-10	2015-11	2015-12	2016-01	2016-02	2016-03	2016-04	2016-05	2016-06	2016-07	2016-10	2016-11	2016-12	2017-01	2017-02	2017-03	2017-04	2017-05	2017-06	2017-08	2017-09	2017-10	2017-11	2017-12	2018-01	2018-02	2018-03	2018-04	2018-05	2018-09	2018-10	2018-11	2018-12	2019-01	2019-02	2019-03	2019-04	2019-05	2019-06	2019-07	2019-09	2019-10	2019-11	2019-12	2020-01	2020-02	2020-03	2020-04	2020-05	2020-06	2020-07	2020-08	2020-09	2020-10	2020-11	2020-12	2021-01	2021-02	2021-03	2021-04	2021-05	2021-06	2021-07	2021-08	2021-09	2021-10	2021-11	2021-12	2022-01	2022-02	2022-03	2022-04	2022-05	2022-06	2022-07	2022-08	2022-09	2022-10	2022-11	2022-12	2023-01	2023-02	2023-03	2023-04	2023-05	2023-07	2023-08	2023-09	2023-10	2023-11	2023-12
2164226																																																																		31.77																																																																																																																																																																																																					
2165756																								40.39																																										31.77																																													33.67																																																																																																																									43.31																															
2165757																																																																		31.77																																																																																																																																																																																																					
2165761																																																																																																																																																																																		40.75									29.23																														36.65																																														
2165762																																																																																																																																																																																		40.75																																																																																					
2165768																																																																																																																																																																																																															35.65																																																								
2165775																																																								30.25																																																																																																	35.73												40.29													39.33																																																																																					
2165776																																																								30.25																																																																																																	35.73																																																																																																														
2165778																																																47.73								34.89																																											34.53												36.85																42.31			53.33										36.15			38.37	46.95								34.75	32.03		39.61		47.55								36.63		41.37	49.89					41.11						43.27																																																																																				
2167286																								40.39																																										31.77																																													33.67																																																																																																																									43.31																															
2167287																																																																		31.77																																																																																																																																														37.51	45.67																																																						
2167289																45.87				36.35			42.73																																											35.79			42.95										42.79																															37.27			46.31																																																																										29.81											38.37											46.95																									49.65									44.33																				
2167290																																																																																																																																																																																											30.93											41.55											49.79																																																						
2167291																																																																																																																																																																																		40.75									29.23																														36.65																																														
2167292																																																																																																																																																																																		42.07																																																																																					
2167294																																																																																																																																																																																											25.07											44.75										42.07									40.53																																														
2167296																																																																																																																																																																																																																37.93																																																							
2167297																																																																																																																																																																																																															35.65																																																								
2167298																																																																																																																																																																																																															35.65																																																								
2167299																																																																																																																																																																																																						40.51																																																																	
2167301																51.07																														51.33																																																																	36.23																																																						42.97																																																																																																		
2167302																																																																																																													34.83		36.9			40.83																			39.93																																37.57											41.41																																																																																							
2167303																																																																																																													34.83		36.9			40.83																			39.93																																37.57											41.41																																																																																							
2167304												45.21				47.61						41.59																					39.51																																			36.85													37.71																				38.66													47.55																			38.85		43.13							36.45	34.52		42.33		43.03								40.29	43.33		53.79										39.33					41.85					36.97									41.45	37.47																			37.39									50.55															38.21														37.41								
2167305																																																								30.25																																																																																																	35.73												40.29													39.33																																																																																					
2167306														44.91								34.47	40.33									36.89	32.3								39.09														33.99	33.49	37.06	41.15						44.05										40.19					39.09																						40.87	39.45									36.85	36.85	35.45	40.15			43.63													53.33			37.23							36.15		32.49	35.75	46.95	50.57							34.75	33.96	34.55	40.86				48.77	42.45					35.29			49.89				44.89							43.27								40.25							39.67											38.93		36.91	41.67								36.63	37.36		39.31												43.33																																
2167307																																																47.73								34.89																																											34.53												36.85																42.31			53.33										36.15			38.37	46.95								34.75	32.03		39.61		47.55								36.63		41.37	49.89					41.11						43.27																																																																																				
2167308											28.19	42.7		45.53	41.21	52.03	49.51		37.85		43.05	34.95		39.11				54.81				39.85	31.43	37.43	39.44					39.07	45.49				38.39			44.89				43.27			33.97	35.76	40.37	38.87																38.63	35.07		34.67	35.33													41.07				42.41				34.53			43.42				40.43				35.71	36.06			42.97										46.61			42.31			53.33			37.23		40.57					36.17		37.33	41.95	46.95								34.75	32.03	36.27	41.37		45.76							37.31	36.63	41.57	46.99	48.25					41.11			36.11		41.15	46.93								37.19				47.71			39.67				42.03		46.69							38.89	38.71	42.71							36.63	34.61		43.83				44.11																41.05		36.59										39.05				35.59								
2167309												39.91											40.33											37.83																								40.37																																																				35.71			40.67																																																				33.53																																																				35.33																						40.05																								
2168818																45.87				36.35			42.73																																											35.79			42.95										42.79																															37.27			46.31																																																																										29.81											38.37											46.95																									49.65									44.33																				
2168819																45.87				36.35			42.73																																											35.79			42.95										42.79																															37.27			46.31																																																																										29.81											38.37											46.95																									49.65									44.33																				
2168820			47.09									46.15			44.97	46.6			37.87	36.85		44.73	45.91		48.49		44.25						40.17							44.28					35.91			45.65	47.35		45.95			37.47		34.86										37.51			46.83	50.29		43.87			38.95			40.57	43.39											40.09											44.17	43.88		46.03		44.73																										40.15	40.81			47.87																				45.51	51.13			44.67				39.17		44.85							40.59						47.96										43.59									42.21					48.09							51.69										53.79			46.83					44.73					49.11	51.69						42.41		47.51								51.61			38.77										
2168821																			39.07														40.17							46.42																																			40.23																											43.77																																																																		49.83					37.85					41.65									36.21																														40.01											44.73																									38.75										
2168822																																																																													38.43				47.89																														43.73																																																														45.63																									45.53																			40.53										44.45																																				
2168823																																																																																																																																																																																											25.07											44.75										42.07									40.53																																														
2168824																																																																																																																																																																																											25.07											44.75										42.07									40.53																																														
2168825																																																																																																																																																																																																						41.67																																																																	
2168826																																																																																																																																																																																																																37.93																																																							
2168829																																														44.97																																																																												42.19											40.51																																																																																																																																		
2168830																																																																										46.19																																																43.07																																																				45.23																								41.6											48.11																																																						
2168831																51.07																														51.33																																																																	36.23																																																						42.97																																																																																																		
2168832																51.07	50.63					41.59	42.23																																	36.79	39.71																	40.57				36.69																														35.39			38.82													42.19									39.06			51.65									43.13							38.91			44.27										39.59	40.77										39.51		41.69					39.43				36.81	39.83										39.17	42.25					35.59													34.67									50.55																												40.97									
2168833																51.07	50.63					41.59	42.23																																	36.79	39.71																	40.57				36.69																														35.39			38.82													42.19									39.06			51.65									43.13							38.91			44.27										39.59	40.77										39.51		41.69					39.43				36.81	39.83										39.17	42.25					35.59													34.67									50.55																												40.97									
2168834												45.21				52.79	52.07					37.91						460.97						41.79	41.81					42.56			39.51		41.97												41.67																																												46.71	49.65				45.97		38.41			37.19666667	39.91		43.11										47.89			48.47						40.63										38.85	46.79								36.45	38.09		44.83					46.77					38.32	43.03							45.65										41.77				40.13										41.45	39.91																			37.39						43.67			50.55															37.11																						
2168835																	52.07					36.21						50.63						40.25	41.81					42.29																	40.59		40.63													46.99						38.09					37.39						36.59		42.39											49.65				45.21						39.03												49.73			48.47			53.85			40.63											47.55									36.97						45.15						37.82333333	43.31	46.15	42.33					45.49					40.66									39.78	36.97																													38.45		37.26				50.01								44.37																				43.25												
2168836														44.91								34.47	40.33									36.89	32.3								39.09														33.99	33.49	37.06	41.15						44.05										40.19					39.09																						40.87	39.45									36.85	36.85	35.45	40.15			43.63													53.33			37.23							36.15		32.49	35.75	46.95	50.57							34.75	33.96	34.55	40.86				48.77	42.45					35.29			49.89				44.89							43.27								40.25							39.67											38.93		36.91	41.67								36.63	37.36		39.31												43.33																																
2168837											28.19	42.7		45.53	41.21	52.03	49.51		37.85		43.05	34.95		39.11				54.81				39.85	31.43	37.43	39.44					39.07	45.49				38.39			44.89				43.27			33.97	35.76	40.37	38.87																38.63	35.07		34.67	35.33													41.07				42.41				34.53			43.42				40.43				35.71	36.06			42.97										46.61			42.31			53.33			37.23		40.57					36.17		37.33	41.95	46.95								34.75	32.03	36.27	41.37		45.76							37.31	36.63	41.57	46.99	48.25					41.11			36.11		41.15	46.93								37.19				47.71			39.67				42.03		46.69							38.89	38.71	42.71							36.63	34.61		43.83				44.11																41.05		36.59										39.05				35.59								
2168838											28.19	42.7		45.53	41.21	52.03	49.51		37.85		43.05	34.95		39.11				54.81				39.85	31.43	37.43	39.44					39.07	45.49				38.39			44.89				43.27			33.97	35.76	40.37	38.87																38.63	35.07		34.67	35.33													41.07				42.41				34.53			43.42				40.43				35.71	36.06			42.97										46.61			42.31			53.33			37.23		40.57					36.17		37.33	41.95	46.95								34.75	32.03	36.27	41.37		45.76							37.31	36.63	41.57	46.99	48.25					41.11			36.11		41.15	46.93								37.19				47.71			39.67				42.03		46.69							38.89	38.71	42.71							36.63	34.61		43.83				44.11																41.05		36.59										39.05				35.59								
2168839												39.91						39.33					40.93									35.59	34.63	38.73												40.75									33.67	36.27	38.43	37.57								32.65								40.85				37.13	45.11																						40.59	40.85							34.37	35.71	36.27666667		40.67	42.42								35.35		44.29																38.47			41.25													47.45									36.94	36.91	43.29												46.39												48.55									39.15					39.29		37.69		42.71								35.33																						40.05																36.75								
2168840																							36.63																																																																																																																																																																																																																																																
2170348			45.97									46.13		44.03	44.33	47.25			36.45	33.89	40.69	39.28	39.55					43.35				37.93	37.53					44.95		42.69			38.73		38.23	42.89		43.93	44.99		46.05		41.33		34.51	35.95	38.47									35.79			44.79			43.87			38.25		31.39	39.69	44.77		45.71						34.59	37.15		35.65	43.61				41.65						44.17	43.25				42.37		37.71	38.83	37.27	39.96	46.23													43.48		41.07					37.85	39.17	39.97		44.99				41.21					43.29		46.47		45.13			38.13		39.87	43.65	47.85			45.11	42.4				34.35	37.63	47.63		46.39	44.31				38.97						46.83			44.97	41.67		46.95		38.35	41.41										43.07			48.27		41.49		40.85			48.01		49.81										48.63					48.81									50.77						42.49			49.59								40.01		37.11										
2170349			45.97									46.13		44.03	44.33	47.25			36.45	33.89	40.69	39.28	39.55					43.35				37.93	37.53					44.95		42.69			38.73		38.23	42.89		43.93	44.99		46.05		41.33		34.51	35.95	38.47									35.79			44.79			43.87			38.25		31.39	39.69	44.77		45.71						34.59	37.15		35.65	43.61				41.65						44.17	43.25				42.37		37.71	38.83	37.27	39.96	46.23													43.48		41.07					37.85	39.17	39.97		44.99				41.21					43.29		46.47		45.13			38.13		39.87	43.65	47.85			45.11	42.4				34.35	37.63	47.63		46.39	44.31				38.97						46.83			44.97	41.67		46.95		38.35	41.41										43.07			48.27		41.49		40.85			48.01		49.81										48.63					48.81									50.77						42.49			49.59								40.01		37.11										
2170350			47.24									46.15			42.85	49.47	45.23		37.53	37.29	38.81		45.89		47.15		44.25	43.73				38.81	37.6	40.35				45.99		44.69	41.67			41.99	40.18	42.32		43.55	47.35				42.41		35.69	36.12										37.67			46.41			44.37					31.41				46.87									40.37	43.79	45.01			41.97						44.73	44.19				44.97		41.93	38.25		40.69				44.97	49.51						40.91		43.55	46.15		44.51			42.15		40.11	38.73	41.41		47.31							42.03						46.89				37.75		43.85	45.51	51.13			41.99				39.17	37.63			47.85	46.31		54.01		43.85			41.39			46.78				171.17		43.14		37.01	63.03	43.57			49.29						42.56			48.71		45.33		42.95					52.57				45.59					50.29						52.41		44.21	44.61						53.39						41.47											42.01		41.25	44.79									
2170351			46.17													44.29	45.63		37.53	38.52					48.71			47.09				40.67	40.17							45.6					40.19	44.49			51.05							36.31	39.19									37.71				43.91					40.23			40.87	44.91		46.19							38.39													44.31	44.21				45.85		112.01				46.55	49.59		44.99	52.55									46.31		46.57			38.53			40.07			47.87			47.95								45.41		46.89						45.97		44.31			44.49				39.47			43.47	46.01	47.37				43.61						46.33				172.27		43		40.69	53.82	44.73									41.31							44.51					53.65				45.59					49.73	52.71			193.39		53.15		43.27	45.53					47.19							40.97											42.93												
2170352																																																																													38.43				47.89																														43.73																																																														45.63																									45.53																			40.53										44.45																																				
2170353													48.93				50.69								41.85															46.1																																																																									49.15																																																							50.71																					50.33																												41.39																																	51.39													
2170354													48.93				50.69								41.85															46.1																																																																									49.15																																																							50.71																					50.33																												41.39																																	51.39													
2170355			42.85										44.53		45.57		45.65			42.13					45.93			44.85				40.75						47.49		42.56	42.21							51.61								34.07		42.27												49.65		44.61						36.57							48.97										41.63				35.13		41.91	44.41						37.88					47.67														44.63							43.03										46.81					48.75	43.73		40.77					47.87	59.49		43.95													40.77	46.83	37.91	35.61		41.99	48.45		71.65						39.81		44.69									43.51			47.93													44.57											51.45								44.09	50.79			48.39			38.51				63.41						48.07									41.27				
2170356															45.57																																																																																																																						39.71																																																																	45.05																			38.85																																														
2170358															46.59					43.99														41.81											45.89										36.53														49.67																										45.41							40.91						40.09																									39.56			54.19																		42.25						47.33															41.41			43.19										44.79										45.03																			40.43																						49.05	45.37																							
2170359																																														44.97																																																																												42.19											40.51																																																																																																																																		
2170360													45.29												47.23								38.99				48.99								44.85								40.37																	50.85				43.53																	45.67																		40.69													39.91											41.91																			40.99	40.21		48.23	50.45																		41.01		43.85		48.15	47.49				43.95															43.12			50.83																			57.67		51.61																																									
2170361																																																																																																															39.19																																																						42.97																																																																																																		
2170362												49.15				66.95	55.07		37.25			47.75						49.73																	43.83											38.67	42.35															47.69									50.55										42.45																	25.55			39.78333333																						38.82			59.21																41.11	37.31			48.51	46.49								37.73				45.47							40.59							41.85				39.11	41.65										41.75			50.81		38.63	40.51													38.11			55.45			49.79																															40.97									
2170363												49.15				66.95	55.07		37.25			47.75						49.73																	43.83											38.67	42.35															47.69									50.55										42.45																	25.55			39.78333333																						38.82			59.21																41.11	37.31			48.51	46.49								37.73				45.47							40.59							41.85				39.11	41.65										41.75			50.81		38.63	40.51													38.11			55.45			49.79																															40.97									
2170364												45.21				52.79	52.07					37.91						460.97						41.79	41.81					42.56			39.51		41.97												41.67																																												46.71	49.65				45.97		38.41			37.19666667	39.91		43.11										47.89			48.47						40.63										38.85	46.79								36.45	38.09		44.83					46.77					38.32	43.03							45.65										41.77				40.13										41.45	39.91																			37.39						43.67			50.55															37.11																						
2170365												50.55		47.13	44.75	58.85					39.39	39.03	43.65									42.85		41.71	41.81					43.49	46.19		43.39														42.73																					38.19											37.25										39.61		51.45	50.65				38.15		36.63	32.61		39.89											40.29											38.85											46.79								40.37	38.15		43.81		49.23		49.21	152.73					39.43	43.45		48.75					45.49										38.73				40.15																		36.67												39.29						44.01								41.33										39.27									49.47	40.71												
2170366												50.55		47.03	45.19	57.13					36.71	34.87	42.23									41.35	32.62	40.23	39.03					43.87	39.09				38.39										35.51	34.29	38.87							44.07		33.25												37.07											33.89										38.95		43.17	44.33				45.23			34.43	35.55	39.17	38.83										39.61		47.45						53.33														46.95	50.33							40.37	34.35	36.63	40.65		50.41		48.77	72.35				37.31	35.29	43.47		51.79				44.89	44.01										43.23				43.35	46.99										42.23		41.13					42.15		36.69	40.15									36.83						42.71								43.33										37.29										39.93												
2170367														46.84	48.22	52.87	50.83		40.63		40.57	34.87	43.13									38.45	34.27	39.63	40.44			47.61		42.17	41.35				38.39	40.75		47.71				44.65			35.73	37.16	40.01		40.01					42.43		32.65			45.17					40.49	37.23		34.25	35.47	45.11										36.11										37.93		45.85	43.65				40.43			35.75	35.71	38.26	41.05										37.25		44.29	45.23		48.47						39.95						45.31			38.51	38.85	49.45	49.11							34.61		38.35	44.79	48.29	46.53								39.65	41.93	44.94	50.45	49.13			45.77	43.59					41.67	46.93								39.25				48.55							39.55		43.41				38.79	42.15			38.71	41.13								37.31																								37.62									46.09	40.03												
2170368														46.84	48.22	52.87	50.83		40.63		40.57	34.87	43.13									38.45	34.27	39.63	40.44			47.61		42.17	41.35				38.39	40.75		47.71				44.65			35.73	37.16	40.01		40.01					42.43		32.65			45.17					40.49	37.23		34.25	35.47	45.11										36.11										37.93		45.85	43.65				40.43			35.75	35.71	38.26	41.05										37.25		44.29	45.23		48.47						39.95						45.31			38.51	38.85	49.45	49.11							34.61		38.35	44.79	48.29	46.53								39.65	41.93	44.94	50.45	49.13			45.77	43.59					41.67	46.93								39.25				48.55							39.55		43.41				38.79	42.15			38.71	41.13								37.31																								37.62									46.09	40.03												
2170369												39.91						39.33					40.93									35.59	34.63	38.73												40.75									33.67	36.27	38.43	37.57								32.65								40.85				37.13	45.11																						40.59	40.85							34.37	35.71	36.27666667		40.67	42.42								35.35		44.29																38.47			41.25													47.45									36.94	36.91	43.29												46.39												48.55									39.15					39.29		37.69		42.71								35.33																						40.05																36.75								
2170370																							36.63																																																																																																																								42.91												44.87												42.71																																																				42.29																																												
2170387		40.61										39.37	36.27						33.57	35.73	36.07	33.25		38.17			42.67	40.53				36.81	31.09	34.72	37.71	38.58		44.27		43.46	37.51			34.12		35.61				36.11		41.61	36.26333333			28.42										33.85	37.5		36.17					36.47	44.48		31.39	35.71666667		39.27	43.05							34.74	37.85		32.53								19.09		37.91			40.03		37.15		33.65	35.68		36.26333333	44.97		41.86								32.85			42.75							31.67	37.83	41.87	41.81	42.25			38.65	38.57	39.19	38.21	35.57	42.55	37.02		42.65	48.93	42.03	45.59	40.13	33.21	33.25	31.20333333	39.93	43.67						35.69			33.05	37.73666667		43.09	45.73			42.21	38.84	37.9				37.83					39.25	39.89			34.84	35.45		42.69					36.01	32.55	36.19	36.95		44.13	47.05				34.49	32.15	34.62		40.41	41.69						36.35	37.23		41.86				44.77				35.55			44.29	38.67		43.6	48.71			40.21		41.47	35.73										42.21	36.25			36.22333333	38.29			43.21			42.37		36.47
2170388		44.75										44.64	43.99						40.55	40.35	36.55	36.69	39.21				43.31	44.23				35.35	34.17	39.32	43.53			49.79		41.47	35.79			38.31				46.83		41.49		45.65	41.56333333			37.25	36.01		45.37								38.42							36.27	44.63		37.29	40.74			46.75					40.61		38.06	38.61										19.69		38.28333333	42.83		47.43		39.03		38.54	37.8	36.25	37.75	41.89		45.6								38.97		44.09	48.95								40.91		49.33	46.39		52.61	37.05	40.05	39.03	36.37	39.47			40.33	51.27		43.75		43.01	30.87	35.59	39.64	43.69	48.67	45.29					36.09			36.29	44.67		42.69				44.24	40.81	41.53		37.75						43.45	41.09	42.05			40.67	38.81		40.89		45.01			43.79		38.23	45.73	41.07	46.19					34.87	35.69										39.53	31.81		44.45			53.49	45.63							39.87	40.37		39.23	48.78			46.21		43.31	45.93	37.73			53.43							46.57			39.72				43.23			43.65		43.03
2170389		47.5	49.27									45.37	47.59		46.65		44.37	40.85	38.84	37.86	39.81	39.95	43.03		44.55		46.09	46.43			36.99	39.23	36.64	40.33	43.47		49.29			45.35	43.63			40.19		45.1	47.71		43.75	40.69		43.53	43.35			36.49	36.29									38.91	35.45			51.57				40.39	40.67		39.59	40.75								46.39		39.26	38.38333333		45.35			45.09					35.59		44.7	46.59		43.97		44.65		41.17666667	38.99	37.31	38.85	44.19		47.95							37.01	40.87			45.97	48.33	43.25					38.33	42.29		50.31				40.12	40.01	40.86	38.75			49.04	45.89	46.75	54.67	43.75		38.67		35.47	41.31	43.95		49.99			49.57				38.83	38.51	45.99		49.79	50.81			43.59	41.23	42.7		39.87	38.09	44.03		46.77		46.25	42.11	40.31			36.47	42.97		48.19		43.03			44.21	36.69		44.19	43.23						39.15	38.83										39.94	36.91		48.95	54.37	49.87		47.37				42.97	43.05		43.63			51.09	49.15			43.47		46.63	44.49	40.99		49.39	53.51						45.75	47.05			41.07	43.01			46.11			44.17		43.69
2171878			45.97									46.13		44.03	44.33	47.25			36.45	33.89	40.69	39.28	39.55					43.35				37.93	37.53					44.95		42.69			38.73		38.23	42.89		43.93	44.99		46.05		41.33		34.51	35.95	38.47									35.79			44.79			43.87			38.25		31.39	39.69	44.77		45.71						34.59	37.15		35.65	43.61				41.65						44.17	43.25				42.37		37.71	38.83	37.27	39.96	46.23													43.48		41.07					37.85	39.17	39.97		44.99				41.21					43.29		46.47		45.13			38.13		39.87	43.65	47.85			45.11	42.4				34.35	37.63	47.63		46.39	44.31				38.97						46.83			44.97	41.67		46.95		38.35	41.41										43.07			48.27		41.49		40.85			48.01		49.81										48.63					48.81									50.77						42.49			49.59								40.01		37.11										
2171879		38.01	45.59									45.63		44.03	40.75	46.53	45.23		35.35	35.86	39.87		43.73					43.15				38.61	30.99					44.95		42.18			38.73	42.37	38.23	42.07							39.55		34.87	35.92		41.07	42.21							36.43			45.03			41.87			36.67		31.39	38.97	42.78		45.71							39.73		35.11	43.91	45.01	46.25						39.27		43.32	43.1				44.25		36.19	38.42		39.97				45.79	44.73								42.53	43.19		45.43		47.79	39.83		39.17	38.07	42.87		45.71		50.77	40.89	41.21			44.01	44.25	45.31		46.27		45.13			38.91	37.33	38.75	43.65	49.49	49.31			41.17				38.75	40.18	47.65		47.65	45.89				41.57			42.29		43.93	46.25		60.33	44.97	41.71		48.55		34.13	46.95	44.85	46.79		45.83						44.83					43.51		40.85			49.71		49.56				46.83				41.43	49.67						51.23			41.37					47.97	49.73666667		45.13				41.77			49.75											40.49									
2171880			47.24									46.15			42.85	49.47	45.23		37.53	37.29	38.81		45.89		47.15		44.25	43.73				38.81	37.6	40.35				45.99		44.69	41.67			41.99	40.18	42.32		43.55	47.35				42.41		35.69	36.12										37.67			46.41			44.37					31.41				46.87									40.37	43.79	45.01			41.97						44.73	44.19				44.97		41.93	38.25		40.69				44.97	49.51						40.91		43.55	46.15		44.51			42.15		40.11	38.73	41.41		47.31							42.03						46.89				37.75		43.85	45.51	51.13			41.99				39.17	37.63			47.85	46.31		54.01		43.85			41.39			46.78				171.17		43.14		37.01	63.03	43.57			49.29						42.56			48.71		45.33		42.95					52.57				45.59					50.29						52.41		44.21	44.61						53.39						41.47											42.01		41.25	44.79									
2171881			46.74									45.55				104.96	45.69		37.53	37.45	41.31		41.73		45.89			46.17				37.71	38.03	42.15				46.47		44.15	42.43			42.67	39.62	42.32		41.29						38.87		36.16	39.19									36.89			46.55	48.87		45.79					41.79	40.49	41.95		47.81				48.79						42.91				44.67				36.65		43.29	43.19				45.85		37.86	38.47		40.43	46.55	49.59		44.85							39.91		44.32	43.87		46.57			44.05			40.07	45.29		47.31							42.67	47.49					46.89						46.55	46.09	48.61			44.51				40.17			46.47	50.81	45.63				43.52	63.97				44.99	48.25		67.31	47.73	171.29		41.96		36.77	47.45	48.29			49.61									52.93		47.55	44.69	42.57					52.25				45.65			37.71		49.67	52.41								45.53						50.53									46.13							49.37	42.93			44.55									
2171882			47.47									45.55	48.89				48.87		40.97		37.75		46.13		40.53							41.73	41.09											42.67		43.77										35.19													47.37	44.01							41.71	40.09	41.53		46.79										44.11			47.25					36.65									42.93	38.79		32.47	47.63	50.33																										43.65										50.63							45.59				46.39													45.23						48.2								39.33		47.95			47.33						45.09	48.37																		42.37			52.53																														51.33													
2171883			43.87									44.87	49.59		36.59		50.69			42.13					49.01							39.79	37.12					47.49		46.37	58.75													41.13		35.09										35.87			48.09	52.25								37.31	41.19												40.25			49.39	44.15				37.12		265.13							42.31	38.83				49.71	46.19										46.25	47.61									45.41		54.77								50.69					48.75	43.73					47.55	49.45	50.37			46.39								51.11	49.13				105.87						47.45						36.51		39.81		46.19			46.55						57.59							43.93												41.99																							40.37				64.53						51.39			41.83										
2171884			43.87									44.87	49.59		36.59		50.69			42.13					49.01							39.79	37.12					47.49		46.37	58.75													41.13		35.09										35.87			48.09	52.25								37.31	41.19												40.25			49.39	44.15				37.12		265.13							42.31	38.83				49.71	46.19										46.25	47.61									45.41		54.77								50.69					48.75	43.73					47.55	49.45	50.37			46.39								51.11	49.13				105.87						47.45						36.51		39.81		46.19			46.55						57.59							43.93												41.99																							40.37				64.53						51.39			41.83										
2171885			42.85										44.53		45.57		45.65			42.13					45.93			44.85				40.75						47.49		42.56	42.21							51.61								34.07		42.27												49.65		44.61						36.57							48.97										41.63				35.13		41.91	44.41						37.88					47.67														44.63							43.03										46.81					48.75	43.73		40.77					47.87	59.49		43.95													40.77	46.83	37.91	35.61		41.99	48.45		71.65						39.81		44.69									43.51			47.93													44.57											51.45								44.09	50.79			48.39			38.51				63.41						48.07									41.27				
2171886			49.83												46.43					40.57	40.75	43.71											38.3	40.29						45.35																		52.89					54.23			36.25			44.57																									122.73	44.63				35.13			42.04						40.03	37.33			47.55																						43.63		54.19				40.09			42.07												46.87	48.59										49.57			47.73				46.25	45.43		38.49							63.05					44.05	48.23			48.36											47.63		38.03												40.43																						49.05	38.63																							
2171887															46.59					43.99														41.81											45.89										36.53														49.67																										45.41							40.91						40.09																									39.56			54.19																		42.25						47.33															41.41			43.19										44.79										45.03																			40.43																						49.05	45.37																							
2171888		43.33	51.57												47.25						40.43	43.69			48.05							42.35		41.57				48.57		44.59				44.13	43.59	130.65										24.73	43.25											50.23	48.61	51.73								43.13	45.14									41.35					47.17		44.35							44.07666667						38.55	41.49		37.47		49.95									41.51			48.95		44.21									54.67							45.21	49.53	142.23										50.67	51.61	50.51	59.91		153.23					43.35			51.23	48.73				45.74	46.87	41.87				48.21				46.63				42.65	42.83				44.31																				52.49					40.91			54.09													48.45						47.01	46.23				64.63																			
2171889													48.41		47.59							48.31																		43.93						42.85				47.07								45.13																																	47.05											49.59		46.01					37.39		38.15																						39.63																			41.45			50.05	51.31												53.05							40.67	42.45											42.49														52.91																																							43.95														42.35									
2171890													45.29												47.23								38.99				48.99								44.85								40.37																	50.85				43.53																	45.67																		40.69													39.91											41.91																			40.99	40.21		48.23	50.45																		41.01		43.85		48.15	47.49				43.95															43.12			50.83																			57.67		51.61																																									
2171891			46.61																42.53		42.85	47.73	45.61											44.97			46.95								36.81	49.43	48.33									38.33		44.79											50.37										52.89																41.55						46.53	47.87						26.27			39.43			50.15											48.63																														45.83		53.09			69.83									48.29																		40.21	47.07																43.33															53.71				50.33										49.79						46.83					46.99											49.75								
2171892												49.15				66.95	55.07		37.25			47.75						49.73																	43.83											38.67	42.35															47.69									50.55										42.45																	25.55			39.78333333																						38.82			59.21																41.11	37.31			48.51	46.49								37.73				45.47							40.59							41.85				39.11	41.65										41.75			50.81		38.63	40.51													38.11			55.45			49.79																															40.97									
2171893			46.57									49.15			47.73		62.55		37.77		41.25	47.75					46.63					42.27	31.1	41.92											43.27				41.83				42.61		37.11	38.58	42.53		46.19										50.57	49.83				41.21				38.46	52.03	55.1	49.85										43.67										43.59	47.49						26.21	32.51		39.73		49.35	43.77	46.27										48.89								46.71			56.59							40.67	49.8	141.59				47.05			41.09	40.85			48.65									42.41				47.79				43.99						51.17				46.23				40.39	37.74	46.05									44.33						43.39													33.67			56.55					53.59								53.97	50.69					48.29		39.03			48.43						51.43			42.41	43.73									
2171894			42.69								35.47	51.73			44.93		55.07		43.09		42.35		60.29				47.09	69.89				42.77		41.56						42.57			43.25	39.45									43.93			31.18	42.63	45.41												50.73								43.15		50.45																			39.61		60.47	47.65						37.25			39.43	45.33	50.11												49.15								40.63						48.23				39.09	51.75									37.5		49.45					70.83					42.41			54.13	51.57				57.81										45.31				40.79											43.18							37.49			53.15									37.89			50.93																					39.03									49.89													
2171895			49.05									50.55		68.25	44.75	57.81					39.39		60.91		47.43		46.61					42.57	35.22	41.54	42.33				43.53		46.19		43.39		44.75								37.43			39.81	42.37																					40.11			49.55										44.97				45.17				39.69		51.67	47.85						36.63	32.61		39.29			47.41								41.27																	48.23				40.33	48.65					44.87				40.37		47.83		48.29								41.69	40.97			41.63	34.71			150.49									47.99					40.15										44.49								35.99												40.63			52.81														54.41							39.1									49.47													
2171896												50.55		46.45	45.05	57.11		41.53			39.53		42.55		46.09		46.61					41.25	34.88	40.97	39.05		48.37				44.81				40.25	41.75		48.55					42.27		36.85	38.68	41.39			46.49				46.13														37.08											34.77										38.95		97.69	48.18				46.03		36.17	35.79		40.5											39.47	39.17																	38.37	39.05			49.45						52.21		40.37	38.45		45.97	48.77	48.25		47.77						39.95	43.02		52.93				47.87	44.83			37.75		44.35	50.21								43.36				51.37									43.35					42.15		36.83	40.61									38.47					47.59												52.99							38.75									48.67													
2171897														46.84	48.22	52.87	50.83		40.63		40.57	34.87	43.13									38.45	34.27	39.63	40.44			47.61		42.17	41.35				38.39	40.75		47.71				44.65			35.73	37.16	40.01		40.01					42.43		32.65			45.17					40.49	37.23		34.25	35.47	45.11										36.11										37.93		45.85	43.65				40.43			35.75	35.71	38.26	41.05										37.25		44.29	45.23		48.47						39.95						45.31			38.51	38.85	49.45	49.11							34.61		38.35	44.79	48.29	46.53								39.65	41.93	44.94	50.45	49.13			45.77	43.59					41.67	46.93								39.25				48.55							39.55		43.41				38.79	42.15			38.71	41.13								37.31																								37.62									46.09	40.03												
2171898															51.87	66.39	49.75	41.53	37.97		40.29	36.73	42.83		45.35		44.45	56.31				36.97	34.28	40.03	40.15			49.59		41.61	43.69				40.11	40.82	46.67		46.17			44.35	42.09			31.47	40.17			45.73						32.65			44.43						37.23		33.63	37.25	45.21										36.11		39.13								37.63		47.91	42.07				44.13		38.13	35.75		38.61	40.05										38.73	42.57		48.27		45.69						39.93			55.53					36.67	33.93	38.51	49.45	50.85	44.79						34.93	37.31		44.79	47.62	46.45			41.39					39.65	39.59	43.85	48.89	48.57			46.87	43.41			36.15		42.01	45.97									47.13	41.55		48.55						41.15	40.23		43.97				40.41	39.99		40.63	40.93	44.59								38.48			53.09													49.63	49.47							37.41									43.83	40.03		35.93							45.93			
2171899														46.69		51.47	50.05	39.33	40.67				41.18		47.05		42.93	53.43				37.03	34.63	41.31		46.51		49.59		41.77	41.29				41.39	42.9						42.21	42.09			37.43	39.75									32.65											34.07	38.38	45.21		43.95																				42.25	41.07				44.13			34.37		36.97		44.97	43.09								37.71	35.93		47.03		43.33						40.63						45.25	40.41	37.29		42.03		51.07								35.02	39.27	45.39	47.45									39.6	39.83	43.28	50.17				46.67	42.57						48.16										40.95		48.55							41.77						39.17	40.75		40.01		44.95								39.73		43.59														50.87						43.89							48.63				45.53	42.87		39.89		39.67					46.23			
2171900																47.09							39.25										31.91					46.29									45.77						39.27			36.25		37.09														46.87			36.97				41.25												43.71											42.55						38.59				37.91	39.77	43.49																			41.39								36.49		39.17		51.99	49.71									41.72	44.31										39.64	41.85												47.01													44.51								48.61				38.43	35.21		38.23	39.07	47.87										42.29	44.27																															40.13				39.25								
2171911																																																																											37.81																																																																																																																																																																																												
2171914																																																																																																													33.71																																																																		33.55																																																																																								
2171915		45.91									32.77	38.56	39.11	38.74			35.93			33.89		29.63	37.05				36.21	43.23						36.13		40.88	39.85	35.55		39.21	37.83				32.63	40.04	43.53			39.59			35.87		28.93	31.92	31.77		40.21							33.09			39.25	40.97				37.43			34.39	33.95	34.97		44.77							34.62	35.99		37.59								28.51	35.17	38.45			40.87		38.43		35.51	33.23	33.05	32.68			42.45								33.49	36.09		42.73								35.86	34.93	37.19				39.3	36.27		33.35	35.55		43.89		37.61	41.07		41.61		32.87		31.21	34.93	44.73	40.16		41.61	37.05					33.71	36.66333333		39.37	38.83			39.53	37.45		31.05	35.11	33.45	38.24	41.27666667								36.2	35.01		44.96					45.81			31.51	35.13		42.47			37.93	31.27	32.73	34.445	35.67	42.03	39.93						35.87	33.69		38.13								36.89			44.33	40.89		43.22							38.31				37.39	41.23					39.99	35.47			28.83	32.64	35.81	36.29	36.59					
2171916		45.91									32.77	38.56	39.11	38.74			35.93			33.89		29.63	37.05				36.21	43.23						36.13		40.88	39.85	35.55		39.21	37.83				32.63	40.04	43.53			39.59			35.87		28.93	31.92	31.77		40.21							33.09			39.25	40.97				37.43			34.39	33.95	34.97		44.77							34.62	35.99		37.59								28.51	35.17	38.45			40.87		38.43		35.51	33.23	33.05	32.68			42.45								33.49	36.09		42.73								35.86	34.93	37.19				39.3	36.27		33.35	35.55		43.89		37.61	41.07		41.61		32.87		31.21	34.93	44.73	40.16		41.61	37.05					33.71	36.66333333		39.37	38.83			39.53	37.45		31.05	35.11	33.45	38.24	41.27666667								36.2	35.01		44.96					45.81			31.51	35.13		42.47			37.93	31.27	32.73	34.445	35.67	42.03	39.93						35.87	33.69		38.13								36.89			44.33	40.89		43.22							38.31				37.39	41.23					39.99	35.47			28.83	32.64	35.81	36.29	36.59					
2171917		48.17					36.83					43.83	44.73				45.33		39.55	40.51	36.07	34.41					46.85	40.49				39.43	34.9	41.13	42.19			48.15		42.21	37.83			37.13		39.19				41.61		46.45	42.38		35.55	36.62	38.79	37.27	42.83							151.27	40.61		43.96	45.79				38.37	48.2			37.91	38.85		49.31					42.83		38.39	38.41		45.07								29.79		38.61			46.04		42.57		35.75	37.62		38.43	45.27	46.71	45.33							35.69	40.21		42.49	50.31								38.51	40.03	43.83	46.53			42.5	39.45	39.09	37.15	42.41		45.59			48.93	44.87	45.59	43.08	35.73	34.21	37.07	43.74	47.69	47.77					38.09			38.69	45.91	39.45		47.97			49.46	40.32	39.81			39.09	40.98			48.69		39.25	39.89			41.91	36.87	44.77	44.81				42.01	43.87		41.55	46.41	43.33	49.35					34.49	37.1	35.33			48.35						39.23	36.71666667			50.29			47.23				38.25			38.83				46.43			45.21			44.37										39.99				40.81	41.61			46.95	44.07		46.37		40.79
2171918		50.68	46.51									44.13	45.57		51.57		46.91		42.31	42.11	38.71	40.45	41.26				49.47	47.05				37.65	34.86	40	41.6			46.75		45.35	45.13			38.19			47.79						43.25			37.57	36.01	38.93							43.21	46.87	38.47		44.51					38.59	49.56		41.61	42.26			90.71							40.13	85.13666667										22.17		42.87	44.1		47.31		40.05		42.36	39.29	38.17	38.95	45.8	47.23	47.37								41.43		46.73	53.61	51.33								45.27	47.6				39.81	42.29	74.47		40.43	45.85	47.61	47.75	52.09	54.67	44.87	46.61	42.67	33.27		42.41	47.79	50.21	50.27								40.69	47.71	43.51		47.83			46.65	43.35	44.05		38.63		46.05					43.41	42.05			41.91	44.14		48.79								29.65	46.63	49.17					36.65	39.21										40.57	38.32						47.25				44.37			44.51			50.23	51.36					47.75	49.53			44.45	53.43							48.01			41.07				48.15	40.95		46.23		436.93
2171919		48.7	48.58				44.89					45.37	49.07		52.08		47.41		43.19	38.82	41.14	40.89	44.01		45.79		49.33	45.85			39.41	39.89	37.19	45.73	40.79					47.23	45.55		40.65	39.69		45.86							46.35			37.23	39.98			47.45	50.61				43.21	56.46	36.19		49.82	62.36					41.55		41.31	43.53	44.47		48.99							40.05	40.84		45.11	46.65							35.59		44.78	46.88333333		49.49		44.65		42.14	40.2		40.11	46.17	48.21	51.11							39.87	42.67			46.43	51.69	43.25					41.51	43.13	45.95	48.99				40.75	40.77	42.77	41.93	40.49		58.77	50.67			45.25		42.6		39.35	43.09	51.72	51.03	51.95			51.27				39.71	41.25	49.31	49.17	50.79	53.11			50.09	42.61	45.71			41.29	45.02					45.63				44.85	44.7		49.33		46.13				44.12		44.19		51.17				42.51	37.25	39.89										40.99	51.81	39.83	49.65				49.61				45.71	111.51			45.83		51.89	49.27			47.33		47.74	42.67	41.49		48.75	53.51						45.75				43.75	43.91			48.37	43.53		46.23		71.16
2171920		47.12	48.89								35.97	46.06	47.15		47.95		44.37	42.91	42.55	37.32	39.8	36.97	44.01	51.29	48.21		43.21	45.07			37.93	38.88	35.51	43.97	44.41	47.73				47.09	41.59				42.94	45.45			41.53			44.43	40.79		37.49	37.00333333	40.93	41.93		47.79					42.71	39.36	35.53	46.76	47.72	52.31				37.69	38.33		41.11	41.40333333	43.73	44.85	48.69					50.43		39.25	39.82		44.47								35.13		44.53	46.30333333		48.73		42.93		40.76333333	40.93		40.49	46.21	49.15	50.81							36.17	43.07			44.93	46.95	42.51					36.97	46.99	46.63	48.2				43.38	41.99	40.8	40.91		47.43	100.25	47.19		33.37	44.21		42.59		37.68	42.43	45.36					50.59		41.31			38.53	47.27	49.05	50.21	51.79			49.07	39.95	44.69		40.61	41.53	45.77			54.27		42.43	40.31			41.05	46.41	47.87	50.62		46.01			42.49	43.82		43.75	48.10333333					43.3	39.41			47.19	47.79							41.39666667	38.08	37.29	49.23								43.95	44.69		43.77	43.25		51.33	50.23			46.35		49.04	43.08	42.11		49.26	53.51						46.59	49.57		42.89	44.7	46.45			47.61			45.87		42.69
2171921		47.12	48.89								35.97	46.06	47.15		47.95		44.37	42.91	42.55	37.32	39.8	36.97	44.01	51.29	48.21		43.21	45.07			37.93	38.88	35.51	43.97	44.41	47.73				47.09	41.59				42.94	45.45			41.53			44.43	40.79		37.49	37.00333333	40.93	41.93		47.79					42.71	39.36	35.53	46.76	47.72	52.31				37.69	38.33		41.11	41.40333333	43.73	44.85	48.69					50.43		39.25	39.82		44.47								35.13		44.53	46.30333333		48.73		42.93		40.76333333	40.93		40.49	46.21	49.15	50.81							36.17	43.07			44.93	46.95	42.51					36.97	46.99	46.63	48.2				43.38	41.99	40.8	40.91		47.43	100.25	47.19		33.37	44.21		42.59		37.68	42.43	45.36					50.59		41.31			38.53	47.27	49.05	50.21	51.79			49.07	39.95	44.69		40.61	41.53	45.77			54.27		42.43	40.31			41.05	46.41	47.87	50.62		46.01			42.49	43.82		43.75	48.10333333					43.3	39.41			47.19	47.79							41.39666667	38.08	37.29	49.23								43.95	44.69		43.77	43.25		51.33	50.23			46.35		49.04	43.08	42.11		49.26	53.51						46.59	49.57		42.89	44.7	46.45			47.61			45.87		42.69
2171922		48.03	47.43								37.36		45.65		49.96		45.21	40.39	39.54	36.77	37.93	40.21	43.92	47.68	49.46	44.29					32.01	36.61	37.29	41.51	43.03	47.85	49.43			43.51	40.73			37.43	44.05	46.57	48.49		39.65			43.69	44.79		35.75	36.63	43.03	43.75		47.51					43.53	38.64	39.97	46.22	47.74	52.13							39.71	39.87	45.93		48.53					40.71		38.19	38.54		46.61								37.49		44.28333333	46.77	47.59	46.67		42.51		39.22	38.75		40.74333333	48.21	48.89	51.87							36.19	42.81	46.63	45.81	49.83	47.01	46.03					38.49	41.16	44.53	46.99666667				43.77	40.64333333	40.83	41.83	39.31	45.79	100.25				42.19	46.13	38.41				45.4	50.04						43.41			39.05	47.27	49.88	51.26333333		43.03			45.12			37.74	37.91	44.06		49.95	54.27		41.53	39.75	36.29		41.41	45.31666667	47.83	51.69		43.25	47.75		85.15	43.98		45.39	47.84333333					43.88	37.31	38.45				47.95						39.49	38.3	36.75	49.91			48.01	46.93				43.74	45.09			42.97	48.15	49.65	48.33	57.15		42.29		43.32	42.35	40.01		48.31	51.21							44.33		42.89	42.63	45.25						45.47	44.27	42.65
2173405		39.41	48.99								34.03	41.99			41.59		42.83		36.31	35.8	37.07	40.37	44.75		47.47			54.17				37.31	38.33	41.85				47.97		42.91				43.11		44.79	51.79						39.63	37.49	36.07	36.29	37.35	43.29	44.51						36.51	38.49			44.7							39.41		40.49	43.71						49.13		35.41				44.41	42.25			43.01				38.09			43.51				44.81			39.67	40.66	41.52333333			45.87	44.27							41.93			44.48		48.55			42.25			39.43							42.67	39.81		46.25	46.98			51.35						47.39	40.07		53.47	52.89			46.79		42.63			38.25		46.91	54.65	45.05				46.98					37.65	47.31						49.13		40.71	49.53		49.67											51.75				39.67					52.61																														40.03																							
2173406		38.55	43.23									41.99			40.31		41.05		35.19	35.04	37.28333333		43.97									37.11	36.22	40.99			47.15	44.45		40.86				41.15	41.53	42.55							38.05			35.47	37.40333333	41.81	42.55						34.87	36.56										36.17	38.47	39.07	41.67						47.53		40.72					42.29			41.99				34.41		42.54	39.48							37.58		40.30333333				41.93									43.2	42.72		43.89					36.31	37.69	41.15				47.87	40.47	38.26				44.89	43.15		45.41						37.26	37.84	45.85	50.11	46.73			43.19		36.99				45.03		45.21	45.05				46.61						47.77						45.85		33.56	46.43		47.67	40.51							41.01			50.13				35.07	35.07				48.91								39.13	46.27												44.17	46.53								36.19											38.29		36.99	40.85	40.49								
2173407		38.01	45.01									44.81	44.25	43.51	40.57	45.71	42.45		36.27	34.83	40.61666667		44.94					41.71				37.11	35.89			47.49	49.03	47.19		43.08				42.35	39.46	43.92							39.31	39.45		36.01	37.77	41.47	44.69							37.3			44.63						38.09		39.35	38.23	40.83						48.09		41.38	36.85		35.15	42.27	42.51			41.13				37.2		66.81	42.81	51.33					35.67	38.16		39.985											40.49		42.53	42.93		44.83					40.95	34.83	41.15				50.77	39.91	41.57			38.89	45.13			45.33					38.35	37.53	40.55	46.37	49.57	53.01			44.95		39.21		38.73	37.03	51.45		45.13					40.87			39.17		44.27	46.65		56.65				41.43		34.13	49.43	44.51	45.45		49.43							47.01		48.55				39.49					51.16								40.45	48.69	54.79														51.71		45.13				37.25														41.5									
2173408		38.01	45.59									45.63		44.03	40.75	46.53	45.23		35.35	35.86	39.87		43.73					43.15				38.61	30.99					44.95		42.18			38.73	42.37	38.23	42.07							39.55		34.87	35.92		41.07	42.21							36.43			45.03			41.87			36.67		31.39	38.97	42.78		45.71							39.73		35.11	43.91	45.01	46.25						39.27		43.32	43.1				44.25		36.19	38.42		39.97				45.79	44.73								42.53	43.19		45.43		47.79	39.83		39.17	38.07	42.87		45.71		50.77	40.89	41.21			44.01	44.25	45.31		46.27		45.13			38.91	37.33	38.75	43.65	49.49	49.31			41.17				38.75	40.18	47.65		47.65	45.89				41.57			42.29		43.93	46.25		60.33	44.97	41.71		48.55		34.13	46.95	44.85	46.79		45.83						44.83					43.51		40.85			49.71		49.56				46.83				41.43	49.67						51.23			41.37					47.97	49.73666667		45.13				41.77			49.75											40.49									
2173409		39.09	48.99									45.63		45.97	41.27	47.09	42.39		35.83	36.3	41.1	42.07	44.59					60.59				39.19	39.77		45.47		45.35	46.72		45.67	38.99		39.79	42.37	42.01	44.42							39.57		37.17	40.91	39.05	42.55	43.49							38.16			47.39			42.87					42.79	40.71	40.83		38.25				49.71						47.37		46.25						39.27		44.19	41.23				44.25		36.75	38.45		41.29											42.71			45.17		42.25			44.35			39.37	43.13		48.13		50.77		43.17			44.75	46.81	45.33		49.09		47.17			39.83	38.69	38.77	45.51	49.49	51.31			45.97				38.75	41.7	49.75	48.87	51.89	46.75				45.83			41.34		43.99	48.8				41.71		48.55		40.35	46.95	47.71	49.09		49.55									52.11		43.51		43.81			51.63		53.15				45.21			40.75		51.57									44.81			49.13			52.88						40.47														44.46									
2173410			52.91									45.73		47.75	44.73	47.77	46.61		38.03	36.16			45.69		47.25			45.57				37.11	38.61	40.47		53.55		46.49		47.35	41.19			41.99	42.21	44.69		44.43					44.31	38.87	37.25	36.89	40.4									39.35			45.89								42.51	41.49			38.55				49.71					37.41	44.31				41.91				39.39		41.61	43.05				50.15		39.67	38.75		41.01			46.91	44.55							40.65		43.55	47.23							39.79	39.31	44.49		47.31			41.03	43.17			40.39	46.49	47.27				47.17				39.99	39.19	44.87	48.69	49.51			45.97				40.53	38.87		46.47	50.24	46.41				42.72			40.22		46.75	47.71				171.03		42.5		42.51		47.72	47.51											53.59				43.05					53.94		52.47		46.87			40.2		51.19									44.99						50.53																				44.46									
2173411			46.74									45.55				104.96	45.69		37.53	37.45	41.31		41.73		45.89			46.17				37.71	38.03	42.15				46.47		44.15	42.43			42.67	39.62	42.32		41.29						38.87		36.16	39.19									36.89			46.55	48.87		45.79					41.79	40.49	41.95		47.81				48.79						42.91				44.67				36.65		43.29	43.19				45.85		37.86	38.47		40.43	46.55	49.59		44.85							39.91		44.32	43.87		46.57			44.05			40.07	45.29		47.31							42.67	47.49					46.89						46.55	46.09	48.61			44.51				40.17			46.47	50.81	45.63				43.52	63.97				44.99	48.25		67.31	47.73	171.29		41.96		36.77	47.45	48.29			49.61									52.93		47.55	44.69	42.57					52.25				45.65			37.71		49.67	52.41								45.53						50.53									46.13							49.37	42.93			44.55									
2173412			44.86									45.55	47.07				46.77		39.15	40.79	41.31				48.97			49.53				38.57	38.64	42.37	43.01					44.78				42.67	38.07			50.55						39.77	37.19	34.87				48.19						36.59			47.77	50.05							41.57	40.37	41.53						48.03						44.11			46.67	43.58				36.65		41.07					46.29		40.03	37.43		42.46	46.37	49.71	45.75										45.71	45.51		42.55					39.37	38.7	43.39		53.27			41.37				43.91	50.69					50.63						49.17	47.86	51.87	51.39		44.35							47.61	50.07	46.78				43.98						47.48					41.13	42.49		33.78		47.33			50.49									52.39				42.57			51.61				50.41			46.79		43.09											44.73						51.69										63.27										43.07									
2173413			43.87									44.87	49.59		36.59		50.69			42.13					49.01							39.79	37.12					47.49		46.37	58.75													41.13		35.09										35.87			48.09	52.25								37.31	41.19												40.25			49.39	44.15				37.12		265.13							42.31	38.83				49.71	46.19										46.25	47.61									45.41		54.77								50.69					48.75	43.73					47.55	49.45	50.37			46.39								51.11	49.13				105.87						47.45						36.51		39.81		46.19			46.55						57.59							43.93												41.99																							40.37				64.53						51.39			41.83										
2173414			45.63									44.87	49.59			47.31	49.91			38.17	38.63											38.97	38.17	41.33	41.65			47.77		46.23	43.81			43.73	42.89			53.43						41.13	38.19	38.31	40.51			48.43						36.87			48.27	50.61		48.03						38.11	42.17						48.21						40.43			47.01	50.25				35.13		44.17	39.67				46.29		39.09	35.67		41.39		49.71	46.93										43.93						43.99		39.37		44.53					41.27					50.69					48.75	43.73		37.29			49.23	47.19	49.95	58.73		44.31					39.67			49.67	46.77				45.77			41.57			47.25		72.83				42.49		39.61		47.77	48.93		46.13													43.37			51.15		53.65		53.35					40.27		51.27									46.65					56.39	51.93						40.61				63.51						48.89			41.73	43.07	44.23								
2173415			46.32									48.39	48.55		45.97		50.33			42.25	40.75	42.19	43.91					97.91				40.75	37.53	40.25				49.41		45.81	44.23							51.61						40.53	38.25	34.07		53.09					54.23			128.51			45.52	50.79								38.91	41.75						49.99						40.67			45.93	42.82				35.13			43.48						39.7	37.37		41.67		48.49		47.87										46.53							42.39				51.93								50.97					48.75	43.73		40.77		41.53	48.33		49.51			42.77								50.31	46.15				42.69	46.21		39.97					71.65						44.99		45.36	50.19		52.28									47.91				43.47					53.15		54.37			43.97		38.95		50.01						52.65									47.45						40.01													42.11	43.27					41.27				
2173416			48.69										49.91							42.75		41.24	44.41		48.23			92.75				42.53	39.04	40.21				48.69		45.37	68.29			44.21	38.19	48.57										36.77	40.77	53.61					54.23			52.39			45.41	50.91								42.87	44.25												49.67		47.17	247.89	43.95				35.13			44.48		46.03				39.77	38.39		40.17		48.57									97.95			47.51									45.15										48.57	61.95	53.75			49.81			41.75	40.55		49.47		51.99			43.29					41.36	50.53		50.73	48.67				43.73	62.87	38.33				50.93		75.43		63.69				42.77	43.71	48.23	50.29													47.63	45.23	38.61							51.75					40.25		50.47	54.09					55.53		45.23						47.45	49.78			48.41		49.05	38.81				48.29																			
2173417		43.33	51.57												47.25						40.43	43.69			48.05							42.35		41.57				48.57		44.59				44.13	43.59	130.65										24.73	43.25											50.23	48.61	51.73								43.13	45.14									41.35					47.17		44.35							44.07666667						38.55	41.49		37.47		49.95									41.51			48.95		44.21									54.67							45.21	49.53	142.23										50.67	51.61	50.51	59.91		153.23					43.35			51.23	48.73				45.74	46.87	41.87				48.21				46.63				42.65	42.83				44.31																				52.49					40.91			54.09													48.45						47.01	46.23				64.63																			
2173418		43.33	51.57												47.25						40.43	43.69			48.05							42.35		41.57				48.57		44.59				44.13	43.59	130.65										24.73	43.25											50.23	48.61	51.73								43.13	45.14									41.35					47.17		44.35							44.07666667						38.55	41.49		37.47		49.95									41.51			48.95		44.21									54.67							45.21	49.53	142.23										50.67	51.61	50.51	59.91		153.23					43.35			51.23	48.73				45.74	46.87	41.87				48.21				46.63				42.65	42.83				44.31																				52.49					40.91			54.09													48.45						47.01	46.23				64.63																			
2173419			51.31										49.41	46.83							44.79											43.15	38.86	42.95											46.91	44.26333333				47.07		47.51			38.65	40.08		45.97											49.05									43.87	49.99												46.19				45.33							50.61		47.11				38.35			42.03		51.09		49.03										50.35											56.31							45.83	48.33											54.87	51.99									42.67			53.13							40.67	42.14		45.95	48.61				44.61				42.31	40.31				42.69							48.79					44.63	38.07							77.45																					49.27						45.75	43.11														42.99									
2173420													49.97																			43.05	38.05	43.03											45.23	44.27						48.07				39.5													48.43	45.91								43.11	47.37																							41.59						111.69	39.91				50.29									42.89			50.35									49.43									45.53	49.73								41.65	40.33		48.23	50.45	47.79	59.17									46.17									40.39		45.65	52.11				44.79				42.57	47.08										46.27	43.67					44.63				53.67				56.61								55.63																			45.75														42.01										
2173421			48.59									46.95							44.19		42.49				47.27							42.25	38.36	42.41	42.73					45.39			40.97		45.03								40.41		37.03	38.82	42.09		46.49	49.45									49.37	50								37.92	50.51		47.25										44.53		48.87		44.83				39.31		47.43	46.44		45.13				35.77			41.34333333		46.95	49.07	45.13							42.49		45.67	48.63												48.25						44.83	50.21	47.13				46.03			40.43	40.39		48.03	46.91	53.09			45.47					42.13	49.63			46.77				97.51			42.73			51.31				45.49				43.33	46.07	48.71			50.58							47.17					44.49	43.29					50.65		54.99					36.16			55.93		50.03			53.15									52.1					46.83	42.25	40.87			46.99					52.15	51.67			37.81	45.29									
2173422			46.57									49.15			47.73		62.55		37.77		41.25	47.75					46.63					42.27	31.1	41.92											43.27				41.83				42.61		37.11	38.58	42.53		46.19										50.57	49.83				41.21				38.46	52.03	55.1	49.85										43.67										43.59	47.49						26.21	32.51		39.73		49.35	43.77	46.27										48.89								46.71			56.59							40.67	49.8	141.59				47.05			41.09	40.85			48.65									42.41				47.79				43.99						51.17				46.23				40.39	37.74	46.05									44.33						43.39													33.67			56.55					53.59								53.97	50.69					48.29		39.03			48.43						51.43			42.41	43.73									
2173423			44.85									47.73		45.12		52.39	51.53		37.79		43.71	43.75			44.51			66.93				42.19	32.67	41.65	43.29		48.79			42.95			42.89		45.27				48.33			45.11	43.81		37.11	38.07	43.03		46.19	44.65						36.65			51.65								39.07	33.24	52.03	50.41	49.59										41.57				45.63				39.63		44.65	46.91						35.49		39.19	40.67			48.78								42.77			46.03		47.53						46.57										40.85	51.75					47.05				40.59		47.13	48.97		52.59	50.87	43.63		43.03			42.39	47.11				172.37			45.81			42.45		41.81	49.97				45.85				41.49	45.95	46.29			42.61							47.17					45.99			42.07	40.89														49.65									47.71		53.75	50.17					47.77	41.23	40.59	45.03		48.17						50.11			42.33	43.73									
2173424			49.4									48.97			44.99				44.25		44.01		65.43		48.05		47.09					42.17	36.13	42.06	43.29					43.33			44.27		45.63	41.89							43.93			39.63	42.27									35.07			47.35	48.67								26.59	61.49	50.59	50.09										43.09				45.63				39.63		44.17	47.95									40.13			49.64								41.73											46.67								38.75		41.04	51.75					47.05				40.33		49.39	48.49									42.41				42.61	47.35									51.81				45.51				40.95	46.77				43.65						40.29							37.31			43.59				77.71					38.12			51.25														53.39							40.07			48.85						50.35			42.33	43.73					66.87				
2173425			49.05									50.55		68.25	44.75	57.81					39.39		60.91		47.43		46.61					42.57	35.22	41.54	42.33				43.53		46.19		43.39		44.75								37.43			39.81	42.37																					40.11			49.55										44.97				45.17				39.69		51.67	47.85						36.63	32.61		39.29			47.41								41.27																	48.23				40.33	48.65					44.87				40.37		47.83		48.29								41.69	40.97			41.63	34.71			150.49									47.99					40.15										44.49								35.99												40.63			52.81														54.41							39.1									49.47													
2173426			49.67											47.69				41.53			41.65	41.35	44.25		47.25		47.27					42.65	36.13666667	42.49	40.15		47.69	52.67			68.71		43.37		40.59	43.66			46.93				41.97			38.79	40.09	45.91	45.17					43.75		34.73						158.95						36.85			49.73										43.47								38.99		49.45	45.41				46.03		40.83			40.8			84.69								39.11	39.17		49.41	57.67										59.39						34.87	39.63	49.45		44.61				52.21		40.35	38.45		46.39	48.98	49.21		47.57	42.77					39.95	40.99		51.01		46.65		47.57	44.89					44.35	50.11								42.51				48.19						42.93						46.69		42.01		37.41	49.93									38.48			53.06														52.99							38.79			64.29		51.39					41.37				42.95								
2173427															51.87	66.39	49.75	41.53	37.97		40.29	36.73	42.83		45.35		44.45	56.31				36.97	34.28	40.03	40.15			49.59		41.61	43.69				40.11	40.82	46.67		46.17			44.35	42.09			31.47	40.17			45.73						32.65			44.43						37.23		33.63	37.25	45.21										36.11		39.13								37.63		47.91	42.07				44.13		38.13	35.75		38.61	40.05										38.73	42.57		48.27		45.69						39.93			55.53					36.67	33.93	38.51	49.45	50.85	44.79						34.93	37.31		44.79	47.62	46.45			41.39					39.65	39.59	43.85	48.89	48.57			46.87	43.41			36.15		42.01	45.97									47.13	41.55		48.55						41.15	40.23		43.97				40.41	39.99		40.63	40.93	44.59								38.48			53.09													49.63	49.47							37.41									43.83	40.03		35.93							45.93			
2173428			43.49												53.41	66.39	50.27				40.29	39.27	43.38		46.33		44.85	56.31				41.01	35.33	39.58	40.15	48.79	46.25			42.83	66.55				42.85	40.77			46.93			45.89	40.23			38.59	39.97												44.67						42.63		35.41	37.71			48.13								35.55		39.79								37.63		48.39	43.91				47.73		40.83			39.19		48.13									39.33	42.97		48.79		46.39						40.23			52.89					36.81	39.59	38.51	49.41	58.68	45.83						39.75	34.97	34.25	46.11	47.62	47.25								41.33			48.45	49.47			48.59	45.37			39.03		42.07	47.63												46.21						44.85	40.99						41.49	36.49		42.21	40.29									38.56			53.66													53.25	51.81					45.35		38.45					49.31				43.83	44.59		36.87							46.39			
2173429														46.18		51.47	50.09	39.29	40.03		38.23	38.74	42.75				42.27	45.05				36.89	34.02	39.99		46.35		49.59		41.77	43.17				41.27	41.71						43.73	40.43			31.07	39.75												42.93						40.11		38.29	37.31													39.59								34.55		43.37	42.75				43.75		39.27			35.93											38.85			46.25		43.33												44.79	38.15		38.11			48.62							34.53	36.57		42.31	46.16				40.71					39.29	44.63			48.51			46.67	44.71					39.63	47.5												46.21						41.41	39.92					42.97	40.79	35.55		38.69	40.71	46.46								39.31																50.87						43.01		36.92					49.29				44.05	42.59				40.47					44.09			
2173430																47.09							39.25										31.91					46.29									45.77						39.27			36.25		37.09														46.87			36.97				41.25												43.71											42.55						38.59				37.91	39.77	43.49																			41.39								36.49		39.17		51.99	49.71									41.72	44.31										39.64	41.85												47.01													44.51								48.61				38.43	35.21		38.23	39.07	47.87										42.29	44.27																															40.13				39.25								
2173431																											46.33							38.39				45.47							40.91													36.43																			35.91	36.73																																		34.07	37.91									35.39	35.11				40.97																																						38.87	39.11										36.83																															35.21	41.87									40.55																						38.87		40.45																						
2173432																											46.33							38.39				45.47							40.91													36.43																			35.91	36.73																																		34.07	37.91									35.39	35.11				40.97																																						38.87	39.11										36.83																															35.21	41.87									40.55																						38.87		40.45																						
2173433														41.27		48.15							38.09		44.77										39.05			34.89							36.87	37.89						43.73				33.06	35.61										36.07					41.63			38.36				33.27										39.17		40.47								26.53		42.57					35.91		36.59		32.55	39	41.35													40.71														40.85	38.49			35.73			48.97							30.99	36.98	38.52										35.82	38.56333333		45.59	41.13				36.79			33.31			35.27																				37.85	34.71							32.97		45.53								28.61		37.82									37.97			38.31										35.35														38.21								
2173434														40.85											44.83			48.11					31.05	35.42				35.03				45.75			38.48	39.19	41.45									33.09	41.25		40.07												50.35				36.33		31.89	36.75										37.27						44.63															33.25	33.07	35			38.99								32.81	37.45	34.09	40.71		39.47						32.95						36.74					38.38	37.79	44.49				42.51							42.05			36.39					35.66	35.25			41.13			41.57	38.11	40.83		33.31		39.59											38.19			42.65		38.73			35.39		39.61	34.71					34.29		32.42333333	38.5									38.59						40.73								39.45										32.95										35.81												
2173435		44.29												37.79		49.63			38.45			33.07	36.55	36.89	41.65			43.99				36.93	31.19		38.05			38.93		40.22				28.63	35.61	38.85						40.61	35.43			33.99	35.93										35.67			45.49					36.96		32.63												30.99		37.7				32.93						40.57	36.23		35.93				36.07	31.78		36.66	37.29	42.71									33.11	33.05		39.57										44.11	37.77			38.81	38.79				31.39	38.09	49.71							30.63	37.16	38.33	40.79	46.85			36.39					35.37	39.01		47.43	45.01			43.93	40.09	37.65		33.35											41.29					41.99		38.73			33.11	38.03				41.79		36.07			32.69666667	38.09	43.36							32.43	38.59		39.84				47.89					36.81			38.19		45.71	45.57						34.79	36.05				43.75						36.91			38.29									
2173436		48.81														47.37						33.07						46.41						33.15	41.39			43.25						35.01	35.61							41.81	37.71			35.91	36.43		39.27									38.43		42.71							32.79				48.21								31.99		38.83			42.91						34.85				37.91						33.35	37.42333333	37.24	40.79									35.73	33.05												46.43					39.65				44.85		48.63							30.63	35.53666667	43.25					37.71					33.75	38.5						45.07	36.45	37.65	33.73	34.79		42.73														40.07		38.51				38.75	38.01					36.05			34.42	39.83	39.79							32.43	33.58		34.57									42.71			38.19			47.75						34.79											33.87												
2173437		48.81														47.37						33.07						46.41						33.15	41.39			43.25						35.01	35.61							41.81	37.71			35.91	36.43		39.27									38.43		42.71							32.79				48.21								31.99		38.83			42.91						34.85				37.91						33.35	37.42333333	37.24	40.79									35.73	33.05												46.43					39.65				44.85		48.63							30.63	35.53666667	43.25					37.71					33.75	38.5						45.07	36.45	37.65	33.73	34.79		42.73														40.07		38.51				38.75	38.01					36.05			34.42	39.83	39.79							32.43	33.58		34.57									42.71			38.19			47.75						34.79											33.87												
2173438		51.53											46.73	48.61		48.59	46.35		38.43			34.76	40.07				41.17					38.97	33.69	38.53	41.84					38.47						46.97			46.09	39.45		40.81	35.79			33.72									39.75				47.19		54.07			37.11	37.05			33.49			44.05								31.72		40.77								32.23	34.27	44.55			37.91		36.67		35.4	41.47		38.16333333	33.17	39.69	45.99								35.71	40.47											36.65		43.99			40.31	35.11	39.03		37.31	42.81	46.35					46.73		35.41	35.45	37.83		46.65	44.73			36.95					37.88	39.57		44.47				39.25	35.91		26.85	34.75			45.75	45.51							40.33		49.81				44.75					40.76	38.93					35.81			36.92333333	40.77	43.87								37.19		39.53												41.53		50.25				41.89			40.81	36.57		43.04		48.05					42.95	36.91												
2173439													39.47	43.32		42.13					33.17	34.83	39.79	43.97	40.97							38.09		34.85	38.07											46.97										33.09																						35.13	37.43		43.25																				46.19	34.83				36.91		34.31	40.81	35.23	38.71	46.57											33.97											38.77	42.89				39.11	37.31			39.21	41.63	46.49								33.58	33.99		44.37	45.21		37.63						36.06333333	37.55	40.85	50.95								33.41		42.03		45.15							26.73			42.47								39.51		40.95				35.31			34.57666667	41.27	46.23									31.45	39.86				44.51								38.51	43.47	48.77				39.53				35.99									41.35													
2173440																43.65			35.48	34.31	35.13		38.43	41.79	39.63		37.05					35.11		36.85	44.07					37.91	32.87	34.35		32.75	36.83	42.02							36.75		30.39	32.64		41.53								33.97	33.33		44.63					36.17				36.56333333	40.17		45.61					38.47			30.75	28.53	38.36			39.17	36.51				26.89		38.83			38.13					35.01	35.19	38.57	44.71	49.53	47.27								41.57	32.37				41.75						37.97	38.77	40.87	44.41			37.39	37.05	37.93		36.91	42.85	45.84				38.79	44.49		36.41	35.49		42.29	44.85									40.55	38.54	47.82	47.63					38.69			36.21		45.63									40.7	37.87	41.67				42.87	41.63			38.21			44.09					35.27		37.58		46.57							36.53	36.26	34.31	41.33				48.23					43.91				46.19	44.87				38.93			34.59	34.03		41.91		45.41					41.45	36.19					43.81		37.65					
2173441																45.15																	31.49																							31.75																			37.81			35.51																															36.83	33.95				48.35																																																														37.83			46.15																																							34.31																																													
2173442																45.15																	31.49																							31.75																			37.81			35.51																															36.83	33.95				48.35																																																														37.83			46.15																																							34.31																																													
2173443																					38.07			40.09										34.99		41.15	42.93								35.37													38.15	42.07										36.97									36.43											31.85																			37.23			39.01		42.71									39.87											39.63										36.17											45.47	41.79													42.63								38.51		40.91	43.03																											35.65	38.71	39.21								37.89																	42.89								34.13													37.13	39.47								
2173444												39.41											38.95				38.69	40.09				35.79		31.75	41.11	40.69				39.81								41.39					36.71			35.25			36.15							31.73	34		35.39					37.43			34.39				40.93								32.10333333										27.43		38.45	36.71									36.01666667	37.45	50.77	39.49								37.85		41.17									38.19	35.47					38.77		36.11	33.71			43.33		42.63		38.57	41.61		34.49		34.08	38.77		42.17		41.61			35.09			35.09	39.16		42.45				37.49	39.6		33.69			37.09	40.85																45.81			38.43	38.89	42.67							35.12333333	34.15										32.39	36.52												40.57		40.09										35.81		39.13					35.99	38.47			39.17	36.17	40.67					38.73		37.29
2173445												39.41	43.19	46.87			41.45		34.68	34.16	35.95	33.25	41.17	42.19			43.13	44.75				37.41			40.23	42.81	42.63	35.55	42.53	39.81	38.17			36.15		38.15	43.87			37.81	45.13		39.65			34.07	35.89		43.87		45.23					36.24	36.94333333		44.47	44.07				37.43			34.12	35.95			46.55							36.41	35.38		39.55								29.21	35.17				41.14333333		38.43		33.49	35.78		38.375	39.57		44.1								39.83		46.09	47.19	46.21							38.73	38.89	46.81	41.45			39.56	37.15	38.63	39.59	36.79		44.10333333			47.77	40.81	41.61	39.51	36.61	32.49	38.78	41.81	47.37			41.61	44.18					35.74	43.47	39.37	42.83				43.2	38.18					40.43	45.07		48.69		39.75				41.37	36.35		44.82				42.01	43.53			39.04		48.05	45.43				36.93	35.53	37.31		45.35							33.62	33.58	34.41	39.18				44.53				37.71			38.85			48.09	42.59			40.91			38.33	41.35			53.81						39.99	40.37			38.29	38.55666667			43.91			42.39		
2173446												39.41	43.19	46.87			41.45		34.68	34.16	35.95	33.25	41.17	42.19			43.13	44.75				37.41			40.23	42.81	42.63	35.55	42.53	39.81	38.17			36.15		38.15	43.87			37.81	45.13		39.65			34.07	35.89		43.87		45.23					36.24	36.94333333		44.47	44.07				37.43			34.12	35.95			46.55							36.41	35.38		39.55								29.21	35.17				41.14333333		38.43		33.49	35.78		38.375	39.57		44.1								39.83		46.09	47.19	46.21							38.73	38.89	46.81	41.45			39.56	37.15	38.63	39.59	36.79		44.10333333			47.77	40.81	41.61	39.51	36.61	32.49	38.78	41.81	47.37			41.61	44.18					35.74	43.47	39.37	42.83				43.2	38.18					40.43	45.07		48.69		39.75				41.37	36.35		44.82				42.01	43.53			39.04		48.05	45.43				36.93	35.53	37.31		45.35							33.62	33.58	34.41	39.18				44.53				37.71			38.85			48.09	42.59			40.91			38.33	41.35			53.81						39.99	40.37			38.29	38.55666667			43.91			42.39		
2173447		48.17					36.83					43.83	44.73				45.33		39.55	40.51	36.07	34.41					46.85	40.49				39.43	34.9	41.13	42.19			48.15		42.21	37.83			37.13		39.19				41.61		46.45	42.38		35.55	36.62	38.79	37.27	42.83							151.27	40.61		43.96	45.79				38.37	48.2			37.91	38.85		49.31					42.83		38.39	38.41		45.07								29.79		38.61			46.04		42.57		35.75	37.62		38.43	45.27	46.71	45.33							35.69	40.21		42.49	50.31								38.51	40.03	43.83	46.53			42.5	39.45	39.09	37.15	42.41		45.59			48.93	44.87	45.59	43.08	35.73	34.21	37.07	43.74	47.69	47.77					38.09			38.69	45.91	39.45		47.97			49.46	40.32	39.81			39.09	40.98			48.69		39.25	39.89			41.91	36.87	44.77	44.81				42.01	43.87		41.55	46.41	43.33	49.35					34.49	37.1	35.33			48.35						39.23	36.71666667			50.29			47.23				38.25			38.83				46.43			45.21			44.37										39.99				40.81	41.61			46.95	44.07		46.37		40.79
2173448		47.69	47.7				44.21						48.99		53.3		46.75		46.75	41.61	39.37		40.55		47.55			47.17			33.43	40.03	35.52	44.81				46.75		47.11	45.45			38.73	42.19	48.27	47.93						44.17		37.89	40.55	38.04	40.29		46.99	50.61				43.21	96.78	43.17		46.89	51.99					49.26		38.53	42.07	43.67		92.57							107.11	42			46.69									42.34	47.11		50.09		43.99		41.29	40.75	39.71	40.35	48.73	48.76	51.37							38.17			51.53	53.85	52.45	44.31					39.91			48.41				39.87	41.38	75.7	42.43	40.69	47.07	62.51	50.25			44.87		43.18			43.35	46.69	50.53	51.25								40.91		46.46	53.83	50.53			48.87	44.05	44.79				47.09					45.53	328.51			41.25	44.71	48.19	54.47			49.23			40.41	43.21	46.59	65.15	52.19					37.53				48.33							41.87	51.78	41.07									45.23						50.73	51.89					47.75	43.99			44.45							47.53				43.87					47.59		47.79		43.93
2173449		48.7	48.58				44.89					45.37	49.07		52.08		47.41		43.19	38.82	41.14	40.89	44.01		45.79		49.33	45.85			39.41	39.89	37.19	45.73	40.79					47.23	45.55		40.65	39.69		45.86							46.35			37.23	39.98			47.45	50.61				43.21	56.46	36.19		49.82	62.36					41.55		41.31	43.53	44.47		48.99							40.05	40.84		45.11	46.65							35.59		44.78	46.88333333		49.49		44.65		42.14	40.2		40.11	46.17	48.21	51.11							39.87	42.67			46.43	51.69	43.25					41.51	43.13	45.95	48.99				40.75	40.77	42.77	41.93	40.49		58.77	50.67			45.25		42.6		39.35	43.09	51.72	51.03	51.95			51.27				39.71	41.25	49.31	49.17	50.79	53.11			50.09	42.61	45.71			41.29	45.02					45.63				44.85	44.7		49.33		46.13				44.12		44.19		51.17				42.51	37.25	39.89										40.99	51.81	39.83	49.65				49.61				45.71	111.51			45.83		51.89	49.27			47.33		47.74	42.67	41.49		48.75	53.51						45.75				43.75	43.91			48.37	43.53		46.23		71.16
2173450		48.97	50.95										48.19		51.92333333		157.07	44.15	42.92	41.93	39.95	40.12	44.99	48.42333333	47.57		49.31				39.31	40.58	35.11	44.47	44.35666667	47.16	49.95			47.09	45.75		40.71	40.91	43.66	45.82333333	47.81666667		44.61			43.05	44.79			37.98333333	41.23	42.73	45.37	49.37					44.97	38.63	37.83	47.95	51.45	52.36333333					43.07		41.33	42.39666667	44.79	47.52	48.61							40.59	40.01		46.71								37.49		44.90333333	47.47	48.05	50.57		45.95		38.69	64.21		41.83	45.51	49.31	50.87							39.63	43.09	45.19	48.79	53.61	51.39	45.13					39.51	47.84	49.15	48.85				48.33	42.85666667	57.19	43.57	42.15	48.01	100.71				44.21		42.55		40.03	44.07	45.60333333							43.41			37.95	49.23	49.05	50.73				50.23	46.83	45.53				58.22					45.59	43.75			42.19	47.38	48.75			46.99	49.55			50.79		45.65	43.47					45.73				50.15	47.45							43.2	38.55	48.05	51.71				49.67					110.41				53.37	51.74333333	51.01					50.48		45.35		51.01	54.61							49.57		42.89	44.11	47.16				46.75		49.69		70.81
2173451		48.97	50.95										48.19		51.92333333		157.07	44.15	42.92	41.93	39.95	40.12	44.99	48.42333333	47.57		49.31				39.31	40.58	35.11	44.47	44.35666667	47.16	49.95			47.09	45.75		40.71	40.91	43.66	45.82333333	47.81666667		44.61			43.05	44.79			37.98333333	41.23	42.73	45.37	49.37					44.97	38.63	37.83	47.95	51.45	52.36333333					43.07		41.33	42.39666667	44.79	47.52	48.61							40.59	40.01		46.71								37.49		44.90333333	47.47	48.05	50.57		45.95		38.69	64.21		41.83	45.51	49.31	50.87							39.63	43.09	45.19	48.79	53.61	51.39	45.13					39.51	47.84	49.15	48.85				48.33	42.85666667	57.19	43.57	42.15	48.01	100.71				44.21		42.55		40.03	44.07	45.60333333							43.41			37.95	49.23	49.05	50.73				50.23	46.83	45.53				58.22					45.59	43.75			42.19	47.38	48.75			46.99	49.55			50.79		45.65	43.47					45.73				50.15	47.45							43.2	38.55	48.05	51.71				49.67					110.41				53.37	51.74333333	51.01					50.48		45.35		51.01	54.61							49.57		42.89	44.11	47.16				46.75		49.69		70.81
2173452		49.99	54.02								37.37		46.29		48.42333333		75.31	41.17	111.16	40.41	39.34	42.3	44.32	46.09	48.75		50.39				36.59	40.29666667	37.39	40.78333333	43.91	47.21	49.61			45.87	46.07			38.53	44.94	43.89	47.82333333	50.19					44.79		36.11	35.93666667	40.40333333	43.19		48					43.53	38.64	41.19	46.43	47.95	52.62							40.63	39.67	43.63		47.79		40.15					38.79	41.67		47.27	53.81	45.45			54.95			37.49	38.37	44.38333333	47.56	48.01	47.44		45.21		40.94			42.21	48.49	49.18	51.2							38.72	43.96	44.41	47.23	48.93	53.51	46.03					40.75	41.33	48.33	45.37				54.49	42.08333333	41.66	42.03		47.99	100.45						42.64		39.73		45.19666667	53.11	51.03								38.83	47.79	49.55	90.51					44.01	41.73		39.35	42.25	44.72					44.31	39.75	37.41	41.09	43.19	46.69	51.44333333	53.39		44.97	47.75					44.45	50.91					45.05		44.79									46.29	37.89	38.07	39.09	50.33	53.27			48.67				43.93	135.75				51.43	51.29		57.15				49.51		157.73		48.47	53.37					50.59		50.33		46.83	43.45	48.73						49.97	65.67	98.71
2174934		39.41	48.99								34.03	41.99			41.59		42.83		36.31	35.8	37.07	40.37	44.75		47.47			54.17				37.31	38.33	41.85				47.97		42.91				43.11		44.79	51.79						39.63	37.49	36.07	36.29	37.35	43.29	44.51						36.51	38.49			44.7							39.41		40.49	43.71						49.13		35.41				44.41	42.25			43.01				38.09			43.51				44.81			39.67	40.66	41.52333333			45.87	44.27							41.93			44.48		48.55			42.25			39.43							42.67	39.81		46.25	46.98			51.35						47.39	40.07		53.47	52.89			46.79		42.63			38.25		46.91	54.65	45.05				46.98					37.65	47.31						49.13		40.71	49.53		49.67											51.75				39.67					52.61																														40.03																							
2174935		39.43	48.03								34.05	42.05		45.23	39.05		40.75		35.43	34.01	37.79	37.93	45.54									35.95	36.82	39.05	42.26			47.13		44.01				43.11	46.13	44.65	50.63						38.15	37.85		36.07	37.62333333	44.41	44.91					35.91		36.51			44.31							37.71		41.39	42.41	47.15					49.13		41.45		39.63	37.61	43.17				40.31				38.73		44.75	45.49	52.57			44.81			39.21	40.74	42.3			46.13								41.49		47.71	44.72		42.93			37.51			39.63	41.91						42.67			44.05	46.98					43.13					42.93		53.33	53.61			47.49					38.43		47.23	50.27					46.88						48.68								41.99	49.02333333	48.17	47.87											53.05				39.67					51.25									51.47																					39.63																							
2174936		39.43									35.19	41.99		46.07	41.23		40.75		35.37	36.29	37.96333333	45.71	44.68					42.17				37.11	36.6	41.85		46.33	49.71	48.21		43.87				41.15	37.37	44.75							39.43	41.03	34.75	35.41	36.21666667	42.39	44.35							36.98			44.85							38.13	39.63	40.55	41.67						47.41		41.64					44.53			40.88				36.02		67.28	44.08	52.55					36.33	38.53	39.93	39.97666667											41.07		43.31	44.33		48.21			42.17			39.19	41.03				50.99	42.75	42.03			41.37	45.66			53.15		43.03				37.67	40.27	45.61	50.11	53.01			44.95		41.17		39.53	38.03	47.32	48.71	47.65	43.03				47.4						46.84						47.71		39.53	46.35666667	47.73	45.87								41.63			51.05				38.63					50.33									49.51												47.23									39.73											38.93		39.79	40.85									
2174937		42.09	47.37									45.51		45.85	42.47		43.95		36.65	36.16	42.08	43.93	48.15					103.73				39.05	39.77		44.71	48.27	49.65	47.19		44.2				43.29	44	45.94	51.51						42.67		40.27	37.08	37.46	44.37	45.17							38.69			48.73								41.25	40.03	41.95						48.09		36.95			37.55	44.4	44.53			44.41				37.8		92.21	46.46	51.33			42.15			38.87		42.57		48.99									41.29		44.93	44.41		50.73			43.07		40.95	39.57	43.09						41.57			45.13	45.4			54.73		43.55					44.03	44.21	53.49	53.31			47.13					38.39	50.31							46.43			43.85			46.72				44.15		36.03		40.73	49.43	48.65	45.85							44.39	40.07			53.47																37.71		51.53												47.29									38.69	43.63																						
2174938		39.09	48.99									45.63		45.97	41.27	47.09	42.39		35.83	36.3	41.1	42.07	44.59					60.59				39.19	39.77		45.47		45.35	46.72		45.67	38.99		39.79	42.37	42.01	44.42							39.57		37.17	40.91	39.05	42.55	43.49							38.16			47.39			42.87					42.79	40.71	40.83		38.25				49.71						47.37		46.25						39.27		44.19	41.23				44.25		36.75	38.45		41.29											42.71			45.17		42.25			44.35			39.37	43.13		48.13		50.77		43.17			44.75	46.81	45.33		49.09		47.17			39.83	38.69	38.77	45.51	49.49	51.31			45.97				38.75	41.7	49.75	48.87	51.89	46.75				45.83			41.34		43.99	48.8				41.71		48.55		40.35	46.95	47.71	49.09		49.55									52.11		43.51		43.81			51.63		53.15				45.21			40.75		51.57									44.81			49.13			52.88						40.47														44.46									
2174939		39.09	48.99									45.63		45.97	41.27	47.09	42.39		35.83	36.3	41.1	42.07	44.59					60.59				39.19	39.77		45.47		45.35	46.72		45.67	38.99		39.79	42.37	42.01	44.42							39.57		37.17	40.91	39.05	42.55	43.49							38.16			47.39			42.87					42.79	40.71	40.83		38.25				49.71						47.37		46.25						39.27		44.19	41.23				44.25		36.75	38.45		41.29											42.71			45.17		42.25			44.35			39.37	43.13		48.13		50.77		43.17			44.75	46.81	45.33		49.09		47.17			39.83	38.69	38.77	45.51	49.49	51.31			45.97				38.75	41.7	49.75	48.87	51.89	46.75				45.83			41.34		43.99	48.8				41.71		48.55		40.35	46.95	47.71	49.09		49.55									52.11		43.51		43.81			51.63		53.15				45.21			40.75		51.57									44.81			49.13			52.88						40.47														44.46									
2174940			52.91									48.71		47.61		45.95	48.87		38.81	35.55	43.73		47.35									39.19	38.43	43.49	45.47	50.75		48.83		47.75				43.89	39.27	44.66							45.29	41.87	40.15		41.61	44.75								38.12			48.43								42.51	41.31	45.43												45.76				119.29				39.43		93.05	46.05				49.77		41.55	40.29		43.32			47.51								42.13			48.27									46.76		52.47			41.49	43.15			45.15	49.34					47.17				40.23	40.89	48.09		50.47			47.77					41.01		48.13						58.79		42.87	40.77		42.87	47.67				168.65		37.23					50.79					46.65						54.75							51.53									125.89		51.33															50.63						41.93	44.51													44.09									
2174941			49.49									45.55		43.53	45.07	166.01	49.29		37.47	37.65	37.95		44.38									38.95	39.33	42.63	45.13	52.05		49.71		44.56	41.61			43.89	39.49666667	46.09								41.87	36.57	36.42	40.27	42.27								36.39			47.37	49.97		45.39					42.13	41.05	43.79		38.49				50.51						45.01	42.65			522.41				39.39		44.19	43.23				45.77		43.27	38.38		42.03	46.37	50.01	46.63	44.85							40.33		128.74	46.39		42.55			41.79		39.01	39.89	43.93		52.47			38.65				40.71	46.83					50.09				40.29		48.35		51.23			45.27				41.69	40.03		43.71	50.24	45.63				43.24	163.83				42.53	48.45			48.27	167.87	42.15	41.59		35.22			45.05		54.37			46.31						52.93		47.55	45.65				51.59				52.47		45.65			37.51		47.43									43.69					49.72	52.77										63.27						49.01				43.51									
2174942			46.67									45.47	48.47			49.85	46.05		38.91		39.88	36.03	44.63									39.09	37.75	42.15	42.93			47.77		44.23	43.23			42.25	41.91	47.36								39.77	37.98	36.37	40.53	42.85		47.69						34.87	40.29		47.25	50.05							43.23	40.51							48.03						44.43			46.67	522.23				36.65		48.55	45.19				46.29		41.53	37.81		40.82333333	45.71	50.09	46.73								40.01	52.51	43.93								39.37			51.29	52.37			41.09				41.03	49.59	47.97				51.53						47.71	50.09	51.17			45.19					41.05		47.85	48.83	46.29				46.51			41.25			47.75					41.13	42.29		41.39		46.99	48.93		54.37									52.95			45.91	43.07			51.63				53.71			46.49		40.85		50.55			49.01											51.15666667	52.09							42.41										129.51		40.91	41.87									
2174943			45.63									44.87	49.59			47.31	49.91			38.17	38.63											38.97	38.17	41.33	41.65			47.77		46.23	43.81			43.73	42.89			53.43						41.13	38.19	38.31	40.51			48.43						36.87			48.27	50.61		48.03						38.11	42.17						48.21						40.43			47.01	50.25				35.13		44.17	39.67				46.29		39.09	35.67		41.39		49.71	46.93										43.93						43.99		39.37		44.53					41.27					50.69					48.75	43.73		37.29			49.23	47.19	49.95	58.73		44.31					39.67			49.67	46.77				45.77			41.57			47.25		72.83				42.49		39.61		47.77	48.93		46.13													43.37			51.15		53.65		53.35					40.27		51.27									46.65					56.39	51.93						40.61				63.51						48.89			41.73	43.07	44.23								
2174944			45.63									44.87	49.59			47.31	49.91			38.17	38.63											38.97	38.17	41.33	41.65			47.77		46.23	43.81			43.73	42.89			53.43						41.13	38.19	38.31	40.51			48.43						36.87			48.27	50.61		48.03						38.11	42.17						48.21						40.43			47.01	50.25				35.13		44.17	39.67				46.29		39.09	35.67		41.39		49.71	46.93										43.93						43.99		39.37		44.53					41.27					50.69					48.75	43.73		37.29			49.23	47.19	49.95	58.73		44.31					39.67			49.67	46.77				45.77			41.57			47.25		72.83				42.49		39.61		47.77	48.93		46.13													43.37			51.15		53.65		53.35					40.27		51.27									46.65					56.39	51.93						40.61				63.51						48.89			41.73	43.07	44.23								
2174945			44.83									47.13	52.53				52.15			42.83		41.6	45.23					67.69				42.39	38.79	40.13				49.41		46.17	45.11			44.21										40.53	40.78	37.25	41.15	53.09								128.51			50.49	50.29							41.99		44.79						49.99						45.47	43.11	48.13	44.51	44.68				37.15			44.35				46.87		43.01	39.39		41.11		50.19	47.95	48.87							96.73		45.49	49.51																			49.48					49.77				40.25		49.71		48.15		46.45	44.01					39.97			58.29	49.57				45.97	45.53					47.09		76.67						44.99		46.51	50.19		41.53												45.27	44.81							54.77					38.87		50.65	57.29								62.53						51.75						38.93														43.27									
2174946			48.69										49.91							42.75		41.24	44.41		48.23			92.75				42.53	39.04	40.21				48.69		45.37	68.29			44.21	38.19	48.57										36.77	40.77	53.61					54.23			52.39			45.41	50.91								42.87	44.25												49.67		47.17	247.89	43.95				35.13			44.48		46.03				39.77	38.39		40.17		48.57									97.95			47.51									45.15										48.57	61.95	53.75			49.81			41.75	40.55		49.47		51.99			43.29					41.36	50.53		50.73	48.67				43.73	62.87	38.33				50.93		75.43		63.69				42.77	43.71	48.23	50.29													47.63	45.23	38.61							51.75					40.25		50.47	54.09					55.53		45.23						47.45	49.78			48.41		49.05	38.81				48.29																			
2174947			52.81										51.57				54.09				40.28	44.48	45.27					48.51				42.35	39.42	41.91	44.19					45.53	48.39			44.13	41.13	45		49.79							38.17	31.45	41.77											48.79	50.24	50.83					47.99		38.53	45.21	46.59												44.69		47.17	48.25	77.98							47.27						39.37	38.63		42.21		49.25	48.95	49.07										48.95		44.21									49.85							43.8	48.61	61.83								40.61		54.07	50.85		60.49		45.13		47.83			44.1			54.65	48.77				46.65	64.33	36.15				49.98333333				62.79					47.9	48.23			40.19							47.83									50.97									35.71			53.47					55.79								49.19						46.81	36.79				64.63																			
2174948			52.81										51.57				54.09				40.28	44.48	45.27					48.51				42.35	39.42	41.91	44.19					45.53	48.39			44.13	41.13	45		49.79							38.17	31.45	41.77											48.79	50.24	50.83					47.99		38.53	45.21	46.59												44.69		47.17	48.25	77.98							47.27						39.37	38.63		42.21		49.25	48.95	49.07										48.95		44.21									49.85							43.8	48.61	61.83								40.61		54.07	50.85		60.49		45.13		47.83			44.1			54.65	48.77				46.65	64.33	36.15				49.98333333				62.79					47.9	48.23			40.19							47.83									50.97									35.71			53.47					55.79								49.19						46.81	36.79				64.63																			
2174949			52.31										49.37				54.51				44.08											43.07	40.29	42.07	43.95		51.13							46.51	44		44.85			46.93		47.57		44.11	38.65	39.28	43.26	46.53											74.45	50.83								45.13	43.93																							48.07		47.11				73.79	40.03	42.33	42.87			50.39	49.27									51.69										44.25																			41.91			51.99						82.85			42.67										41.63	42.71		46.11					63.25				42.43	45.83											47.03									45.45											52.31						54.51									54.52						45.21				65.49										45.89	49.25								
2174950			48.81										49.95								43.63	43.67			48.19							42.07	39.5	43.55	43.95			49.77					42.37	45.03	45.49	46.44						48.07		44.11	37.03	39.25	43.21												49.49	48.34					46.63		38.93	43.8																								49.91						37.53	40.69	40.23	41.08			48.53	47.07							37.23																				41.43	45.77	41.31									41.21		52.69			54.65	47.13			47.45			42.13				49.71							40.45		43.07	53.03				44.79				43.07	40.83	47.59									44.75	46.24					44.63								76.89					30.77			55.63					53.15									49.81					47.63	42.91	42.27								51.97				41.55	45.29									
2174951			48.59									46.95							44.19		42.49				47.27							42.25	38.36	42.41	42.73					45.39			40.97		45.03								40.41		37.03	38.82	42.09		46.49	49.45									49.37	50								37.92	50.51		47.25										44.53		48.87		44.83				39.31		47.43	46.44		45.13				35.77			41.34333333		46.95	49.07	45.13							42.49		45.67	48.63												48.25						44.83	50.21	47.13				46.03			40.43	40.39		48.03	46.91	53.09			45.47					42.13	49.63			46.77				97.51			42.73			51.31				45.49				43.33	46.07	48.71			50.58							47.17					44.49	43.29					50.65		54.99					36.16			55.93		50.03			53.15									52.1					46.83	42.25	40.87			46.99					52.15	51.67			37.81	45.29									
2174952			44.85									47.73		45.12		52.39	51.53		37.79		43.71	43.75			44.51			66.93				42.19	32.67	41.65	43.29		48.79			42.95			42.89		45.27				48.33			45.11	43.81		37.11	38.07	43.03		46.19	44.65						36.65			51.65								39.07	33.24	52.03	50.41	49.59										41.57				45.63				39.63		44.65	46.91						35.49		39.19	40.67			48.78								42.77			46.03		47.53						46.57										40.85	51.75					47.05				40.59		47.13	48.97		52.59	50.87	43.63		43.03			42.39	47.11				172.37			45.81			42.45		41.81	49.97				45.85				41.49	45.95	46.29			42.61							47.17					45.99			42.07	40.89														49.65									47.71		53.75	50.17					47.77	41.23	40.59	45.03		48.17						50.11			42.33	43.73									
2174953			44.85									47.73		45.12		52.39	51.53		37.79		43.71	43.75			44.51			66.93				42.19	32.67	41.65	43.29		48.79			42.95			42.89		45.27				48.33			45.11	43.81		37.11	38.07	43.03		46.19	44.65						36.65			51.65								39.07	33.24	52.03	50.41	49.59										41.57				45.63				39.63		44.65	46.91						35.49		39.19	40.67			48.78								42.77			46.03		47.53						46.57										40.85	51.75					47.05				40.59		47.13	48.97		52.59	50.87	43.63		43.03			42.39	47.11				172.37			45.81			42.45		41.81	49.97				45.85				41.49	45.95	46.29			42.61							47.17					45.99			42.07	40.89														49.65									47.71		53.75	50.17					47.77	41.23	40.59	45.03		48.17						50.11			42.33	43.73									
2174954												43.31			50.63				44.63		43.35		65.91		48.69							43.43	36.95	43.15	43.29								44.27		39.25	43.15			48.73			46.65	43.77			39.95	43.43									36.49			41.89									27.29		54.49	48.73										42.07		47.69		45.17													112.71			41.32			49.1								42.11		47.25												59.19							41.4	50.75									43.09		50.73	50.09	50.63	52.79	46.79	41.83					43.83													46.35	50.39				45.45				43.09	45.51																	38.99				50.33								38.61					53.43												54.71							40.67			51.55									40.65	43.73	56.69				65.49				
2174955			48.71														53.71				44.15	43.91	61.15		48.23							42.29	35.69666667	43.05	42.33								43.37		45.25	43.51			47.43				37.25			39.65	41.65	47.51	46.69							35.79												32.97	42.81		49.73										44.39	51.58			45.17				39.69		47.27			45.41				39.63			37.44333333			46.79								40.97			49.09											59.19							39.63	47.45	52.59		44.49		44.87	51.29			39.89		46.57	49.25	49.45								42.51								150.51						48.83			47.43					41.03	45.81				42.29					45.85	45.39					46.97		44.39							76.95					40.83					51.47												54.49							38.53	45.47		64.29		54.05			52.41	47.65													
2174956			49.67												55.39					40.47	43.09	41.97	45.23		49.79		47.61	52.25				42.65	37.28	41.97	40.15	48.85							44.29		60.99	43.7			46.93				42.17			37.26333333	41.39	46.66								35.17			51.17			159.45						39.93			49.75										43.47	49.93			44.63	41.29			40.21		98.55	45.49				47.73		113.49			40.96			64.2								39.73	46.99		49.41															40.45		41.13	39.63	49.41	66.93	47.87				52.05		44.79	38.83	40.21	47.43	48.17			47.37	43.85					41.33				51.95	48.23								44.89	50.11								41.49	46.73				43.69					44.85	46.53		44.83				43.75	42.01		38.07		49.08			55.07					39.19			52.41														53.08							40.85								50.97				40.29		44.99								
2174957			43.49												53.41	66.39	50.27				40.29	39.27	43.38		46.33		44.85	56.31				41.01	35.33	39.58	40.15	48.79	46.25			42.83	66.55				42.85	40.77			46.93			45.89	40.23			38.59	39.97												44.67						42.63		35.41	37.71			48.13								35.55		39.79								37.63		48.39	43.91				47.73		40.83			39.19		48.13									39.33	42.97		48.79		46.39						40.23			52.89					36.81	39.59	38.51	49.41	58.68	45.83						39.75	34.97	34.25	46.11	47.62	47.25								41.33			48.45	49.47			48.59	45.37			39.03		42.07	47.63												46.21						44.85	40.99						41.49	36.49		42.21	40.29									38.56			53.66													53.25	51.81					45.35		38.45					49.31				43.83	44.59		36.87							46.39			
2174958			43.49												53.41	66.39	50.27				40.29	39.27	43.38		46.33		44.85	56.31				41.01	35.33	39.58	40.15	48.79	46.25			42.83	66.55				42.85	40.77			46.93			45.89	40.23			38.59	39.97												44.67						42.63		35.41	37.71			48.13								35.55		39.79								37.63		48.39	43.91				47.73		40.83			39.19		48.13									39.33	42.97		48.79		46.39						40.23			52.89					36.81	39.59	38.51	49.41	58.68	45.83						39.75	34.97	34.25	46.11	47.62	47.25								41.33			48.45	49.47			48.59	45.37			39.03		42.07	47.63												46.21						44.85	40.99						41.49	36.49		42.21	40.29									38.56			53.66													53.25	51.81					45.35		38.45					49.31				43.83	44.59		36.87							46.39			
2174959														45.29	50.37	114.43	51.81		39.41	36.69		42.17	43.17				44.21	57.63				37.57	34.21	38.63	39.43	46.19		50.13		42.79	43.41				41.97	43.35						45.15	40.03			38.69	38.77												45.25		49.11				40.49		37.51	38.09											38.71		39.67	42.21				39.17			35.43		42.53	41.53				43.75		40.35			37.56			49.37								38.85			48.75		46.39									52.89				39.53			39.79		47.84								37.02		43.47	45.56				41.33					40.35				48.53			46.27	44.81	43.07					46.67													40.77					42.87	39.03					41.47	42.35	36.13				49.81								38.19			51.37								45.63					53.89						43.39		36.07					48.78				46.45	43.61		38.47							43.83			
2174960														44.91								37.73	41.29		47.59			48.41				30.49	30.34		39.53			53.39						38.31	38.84								38.59			37.67													45.47			43.67					35.91	38.01											36.13		43.03					39.17			34.25							45.39		38.59		35.45	37.47			47.11								36.15		39.61	48.75		47.53									56.73			39.71	39.57					50.95							35.17			41.02	45.08333333				42.13					39.2	40.53			47.69			46.53	46.91	44.21					48.83																		40.11	37.57		48.19				30.57	36.47		38.99	40.15	47.79											46.63		44.73	45.31					47.69					53.91						38.87		35.51	40.07								45.51	39.65		37.89		39.39					47.49			
2174961																127.27			40.79			41.37	43.19		50.81		46.33	46.27				29.63	32.89	40.53	39.09		47.45	45.47			50.85			36.15	36.87								39.01			36.35	40.19																	39.31	38.55		35.91		45.77										43.07		43.79								29.09									40.41			37.75	36.18	43.3	47.27								38.59	35.11				40.97						41.85		50.47						37.85	34.03	40.31	73.51		51.35						33.79	30.99		40.01	43.71	50.59								38.53	35.67							44.35					41.97	48.57									39.15				45.61					41.75						46.15				35.21		47.49								37.18		38.07				48.69					45.23			38.31		55.53	52.23					47.71			44.35				51.21				45.51					36.79								
2174962																127.27			40.79			41.37	43.19		50.81		46.33	46.27				29.63	32.89	40.53	39.09		47.45	45.47			50.85			36.15	36.87								39.01			36.35	40.19																	39.31	38.55		35.91		45.77										43.07		43.79								29.09									40.41			37.75	36.18	43.3	47.27								38.59	35.11				40.97						41.85		50.47						37.85	34.03	40.31	73.51		51.35						33.79	30.99		40.01	43.71	50.59								38.53	35.67							44.35					41.97	48.57									39.15				45.61					41.75						46.15				35.21		47.49								37.18		38.07				48.69					45.23			38.31		55.53	52.23					47.71			44.35				51.21				45.51					36.79								
2174963														41.27		48.15							38.09		44.77										39.05			34.89							36.87	37.89						43.73				33.06	35.61										36.07					41.63			38.36				33.27										39.17		40.47								26.53		42.57					35.91		36.59		32.55	39	41.35													40.71														40.85	38.49			35.73			48.97							30.99	36.98	38.52										35.82	38.56333333		45.59	41.13				36.79			33.31			35.27																				37.85	34.71							32.97		45.53								28.61		37.82									37.97			38.31										35.35														38.21								
2174964		45.53												41.49		50.83						38.65	43.19		43.73		47.11	48.11				38.93	31.05	36.73	39.05		48.41	35.03		43.55	47.61	51.53		29.53	36.57							43.73	37.57			36.46	40.33										36.79				60.35				34.11		31.89	35.82																					27.95		40.41	39.44		37.69				39.81	32.37		39.03			44.02								36.57	37.45		48.33		39.47						42.57		46.27				36.77						33.31	50.02				50.11		40.61	33.82	40.43	40.28					43.07					37.25			48.21	50.01			47.47	40.55	40.83																		43.19		38.73				41.05	39.67						39.15		37.61		47.19								37.45		41.19				47					38.89					47.41	47.67							38.51					49.23					37.05			38.29									
2174965		44.29												37.79		49.63			38.45			33.07	36.55	36.89	41.65			43.99				36.93	31.19		38.05			38.93		40.22				28.63	35.61	38.85						40.61	35.43			33.99	35.93										35.67			45.49					36.96		32.63												30.99		37.7				32.93						40.57	36.23		35.93				36.07	31.78		36.66	37.29	42.71									33.11	33.05		39.57										44.11	37.77			38.81	38.79				31.39	38.09	49.71							30.63	37.16	38.33	40.79	46.85			36.39					35.37	39.01		47.43	45.01			43.93	40.09	37.65		33.35											41.29					41.99		38.73			33.11	38.03				41.79		36.07			32.69666667	38.09	43.36							32.43	38.59		39.84				47.89					36.81			38.19		45.71	45.57						34.79	36.05				43.75						36.91			38.29									
2174966													48.21	44.79	49.27	48.55						35.91	42.23				41.17	53.75				36.93	31.17	36.47	39.42			43.45		40.07	38.29			34.19	44.27	44.04	44.93		46.05	39.45		42.85	38.56			36.36									41.81	34.63					55.97				39.55		37.45	35.28											32.32		40.03				39.49				32.23	34.85	41.03	46.93		47.29		42.35		36.37	40.19	33.91	38.15666667	43.13	44.35	43.64								94.51	45.05		47.73		45.71						36.99		51.83	44.17			37.39		40.19			44.61	43.21	49.57				47.31		38.07	36.39	34.97	40.01	46.93	49.69			42.21					39.83	39.99		46.67				45.03	44.85		33.73			42.63	44.03								38.81							42.89			39.53	43.41				42.31			32.65		35.72	43.41	47.65								36.46		39.23				47.77				39.95	42.71		43.35	41.91		49.47	47.75			41.89			40.87	40.77		42.12							43.17	35.95				41.57								
2174967													48.21	44.79	49.27	48.55						35.91	42.23				41.17	53.75				36.93	31.17	36.47	39.42			43.45		40.07	38.29			34.19	44.27	44.04	44.93		46.05	39.45		42.85	38.56			36.36									41.81	34.63					55.97				39.55		37.45	35.28											32.32		40.03				39.49				32.23	34.85	41.03	46.93		47.29		42.35		36.37	40.19	33.91	38.15666667	43.13	44.35	43.64								94.51	45.05		47.73		45.71						36.99		51.83	44.17			37.39		40.19			44.61	43.21	49.57				47.31		38.07	36.39	34.97	40.01	46.93	49.69			42.21					39.83	39.99		46.67				45.03	44.85		33.73			42.63	44.03								38.81							42.89			39.53	43.41				42.31			32.65		35.72	43.41	47.65								36.46		39.23				47.77				39.95	42.71		43.35	41.91		49.47	47.75			41.89			40.87	40.77		42.12							43.17	35.95				41.57								
2174968													51.69	50.61		48.59	46.35			32.97	40.03		40.94				46.63	55.17				42.03	37.29	37.23	48.01			44.81		42.89				35.49	43.93		49.11		46.09			42.17	37.55			36.55			45.07						39.75						57.23			37.11	40.93		38.95	34.51			48.55								32.77		41.21			50.33	36.19				32.23		47.97	49.41		48.49				36.87	48.29		39.41		49.95	48.43								40.11	47.95		47.73		44.71						36.99	42.27	49.75	43.99				38.61			44.73	44.09	48.96	48.75			45.53	46.73		35.41	36.91		44.69	45.59				39.51					38.81	40.25		49.39				41.61	41.11			37.99		45.32333333									42.99						44.75	42.45			38.75	44							32.57		35.83										35.9		42.59	52.59			49.66				43.25	45.01		43.65							45.97			43.81			41.83			50.03				45.71	37.55			39.65	39.23								
2174969												47.35	39.47	46.67		44.23	42.67		37.77	31.53	33.35	32.95	43.31				38.81	55.17				41.05			46.21			44.81		36.55		33.89		34.41			44.99		38.15			42.95	35.81			34.96	36.17									33.27					47.47							31.45			45.17					38.49				28.53	39.65				36.19				26.81		42.93			38.61		36.91		35.75			39.48333333	45.41	49.83	46.21								39.87			45.51		41.75						37.19	41.13	44.57	45.25			39.11	37.54	39.05		37.39	43.13	46.97				42.87	44.57		35.41	37.19			44.75				37.83					39.32	38.02	47.45	45.45				40.91	38.99			37.87		45.61	48.53								40.59		44.17	43.95		44.27	42.87	42.15			38.21	40.09		44.31					35.25		38.31									35.77	35.09	34.71	40.69				47.31				41.97	44.13		42.29							41.67			34.59			41.29		47.07					41.35	36.19			39.7									
2174970																43.65			35.48	34.31	35.13		38.43	41.79	39.63		37.05					35.11		36.85	44.07					37.91	32.87	34.35		32.75	36.83	42.02							36.75		30.39	32.64		41.53								33.97	33.33		44.63					36.17				36.56333333	40.17		45.61					38.47			30.75	28.53	38.36			39.17	36.51				26.89		38.83			38.13					35.01	35.19	38.57	44.71	49.53	47.27								41.57	32.37				41.75						37.97	38.77	40.87	44.41			37.39	37.05	37.93		36.91	42.85	45.84				38.79	44.49		36.41	35.49		42.29	44.85									40.55	38.54	47.82	47.63					38.69			36.21		45.63									40.7	37.87	41.67				42.87	41.63			38.21			44.09					35.27		37.58		46.57							36.53	36.26	34.31	41.33				48.23					43.91				46.19	44.87				38.93			34.59	34.03		41.91		45.41					41.45	36.19					43.81		37.65					
2174971													46.89			45.57			36.15		37.75	37.93	42.91	41.23	42.81								34.99		41.61	45.71			43.29						37.01	41.09							37.67			34.35		40.67		45.93						35.71			45.17						42.03			37.43			52.43					44.51			35.34333333		42.92333333									27.97				47.33		42.15		34.71	37.67	34.57	35.99	46.47	49.53	47.6								39.87			44.47									41.61					39.99	37.77	36.94		39.05	46.85	48.59								37.39			48.07									39.51	41.68	46.19	46.87				42.97	38.89					42.79									38.27		44.29	50.47								40.13		48.35				42.97			40.51	40.43								37.89	36.09	35.71	41.21	49.13								38.19		36.57		44.27					40.71			39.87				47.41		40.85				41.99	40.49			40.77	41.47								
2174972													46.89			45.57			36.15		37.75	37.93	42.91	41.23	42.81								34.99		41.61	45.71			43.29						37.01	41.09							37.67			34.35		40.67		45.93						35.71			45.17						42.03			37.43			52.43					44.51			35.34333333		42.92333333									27.97				47.33		42.15		34.71	37.67	34.57	35.99	46.47	49.53	47.6								39.87			44.47									41.61					39.99	37.77	36.94		39.05	46.85	48.59								37.39			48.07									39.51	41.68	46.19	46.87				42.97	38.89					42.79									38.27		44.29	50.47								40.13		48.35				42.97			40.51	40.43								37.89	36.09	35.71	41.21	49.13								38.19		36.57		44.27					40.71			39.87				47.41		40.85				41.99	40.49			40.77	41.47								
2174973		52.01												43.85	54.75	40.35	39.35		40.62	36.61	36.09		41.43		43.95		42.35	45.61				38.73	34.35	36.44	39.59		47.27				40.67			37	34.13	42.8												36.95	43.05	43.07					43.55		37.46333333		44.42					36.35	42.23		35.27	40.32		46.47	51.79					43.73		39.79	35.735						41.93				28.41		37.25			45.47666667		41.75		37.27	38.7		38.78	43.29	42.71	45.78333333								38.81											40.55	45.51		43.87			40.7	37.97	37.89		38.03	45.15	46.63			49.73		45.31			36.66	40.1	42.97	48.63	48.23								38.12333333	43.46	42.63	46.54					43.2	39.89		37.92		40.91	47.83	42.07			42.17				47.73	46.15					46.07				37.27			45.08	52.25	42.47		43.49	36.05	37.97	38.49	41.76	42.21	46.27							36.79	38.61	43.11	48.24	45.95		47.71				43.85	38.15				45.87	48.61	47.71						39.63	36.61		43.14	46.87	43.63					43.11	42.75		40.43	37.08	42.90333333			46.21					41.99
2174974		42.23										45.47	42.31			40.67	41.73		32.71	38.37	35.92	37.05	40.51				43.13	44.75				38.59			40.39		43.19		43.93	42.97	38.15			36.64	37.48	39.47	48.07				46.41	43.59				36.99	37.33	35.99			45.31					36.14333333	35.69666667		43.74					34.41	58.49		36.45	40.89			45.58					47.49		37.45	33.91		40.56								27.43	33.81	39.17			45.51		41.87		35.63	37.17	37.67	38.355	39.73	46.15	45.54								38.09		41.17	49.95	41.85							40.41	36.95	43.54	39.75			41.12	39.29	35.39	39.77	39.59	43.73	42.61			46.63	38.57	41.61		31.75	33.93	38.63	43.03	49.11	43.05			45.2					37.95	40.25666667	44.59		43.71			42.3	40.84			38.95		42.39	45.15				39.65	45.95			41.66	38.11	44.14	45.18			46.07	40.01				35.37	45.21	43.91	45.41			42.03	35.17		34.73	41.77								37.39	32.71	39.75	39.51	51.41			42.01				42.33	38.71		39.09			42.89	44.56			43.95			43.27	38.31		35.81	48.95	48.05	32.63				43.15	41.07		34.97	39.05	38.39666667			43.21			45.01		42.23
2174975												39.41	43.19	46.87			41.45		34.68	34.16	35.95	33.25	41.17	42.19			43.13	44.75				37.41			40.23	42.81	42.63	35.55	42.53	39.81	38.17			36.15		38.15	43.87			37.81	45.13		39.65			34.07	35.89		43.87		45.23					36.24	36.94333333		44.47	44.07				37.43			34.12	35.95			46.55							36.41	35.38		39.55								29.21	35.17				41.14333333		38.43		33.49	35.78		38.375	39.57		44.1								39.83		46.09	47.19	46.21							38.73	38.89	46.81	41.45			39.56	37.15	38.63	39.59	36.79		44.10333333			47.77	40.81	41.61	39.51	36.61	32.49	38.78	41.81	47.37			41.61	44.18					35.74	43.47	39.37	42.83				43.2	38.18					40.43	45.07		48.69		39.75				41.37	36.35		44.82				42.01	43.53			39.04		48.05	45.43				36.93	35.53	37.31		45.35							33.62	33.58	34.41	39.18				44.53				37.71			38.85			48.09	42.59			40.91			38.33	41.35			53.81						39.99	40.37			38.29	38.55666667			43.91			42.39		
2174976		39.27	41.11									42.19	44.73	45.41	46.15		40.17		36.27	36.59	36.29	35.92	41.19				43.13	44.75			36.57	36.73	33.81	38.13	42.01		46.17		42.53	40.91	39.21			36.81	39.37	42.19666667	47.85	45.39	42.83		45.13		42.71			37.16	36.99	36.63			46.57				40.75	36.7	37.74333333		44.85	47.69				38.53	56.47		34.97	39.4			48.59							37.43	35.17		39.55	42.97							30.07			45.63		44.09		42.09		35.15	38.03		39.915	42.86	46.39	46.51								38.95	39.37	47.53	50.71	48.21							40.71	44.41	46.13	40.51			41.62	37.08		39.5	38.02	44.35	45.73			49.19		44.75	40.2		34.27	42.15	44.92	48.61	48.55			45.84		37.43			39.89	44.16	46.13	46.93				41.39	40.61		36.79			41.37		47.21			41.53	43.13			42.85			50.45		42.41	45.61		44.59		37.13	35.57			50.91			40.95	37.07	38.07				46.59						33.93	37.37	37.03													43.47		49.66	48.43			42.43			42.69	41.11		46.97	53.81						43.15	43.66			38.54	43.83			46.33			44.09		40.46
2174977		47.19	47.63				43.53					46.85	45.87		47.60333333		45.07		43.49	35.49	38.25	35.21	40.61		47.55		46.85	43.79			31.77	38.27	34.57	39.99	42.89			44.07		42.85	40.27			37.19		40.61							42.38			37.46333333	36.91	38.51	44.69	44.09	49.99				42.31	95.83	40.23666667		45.76	48.75					48.11			39.95	43.43		54.93					48.07		38.93	37.23		46.05								30.49		40.01	40.93	46.21	47.15666667		43.99		35.75	38.26		40.495	45.3	46.83	46.74							35.69	41.45		46.97	51.77	50.79							41.17	44.57	46.35				40.85	38.77	39.46	39.6	36.76	45.73	48.54	48.29		54.17	44.87	47.33	42.47	38.71		45.85	45.54	50.03	48.75					41.69			39.83	46.49	48.51	50.58	49.95			47.34	41.84	41.95				42					42.49	194.57			42.5		46.77	52.55			49.23		45.83			45.83	43.27	49.31					36.23	37.8				49.29						34.63	38.08	37.99		51.85			46.47				40.23	39.19		39.75	45.85		49.97	49.65			46.25		47.28	44.75	44.39			53.81						44.55	42.41			40.7	45.27						44.09		42.51
2174978		45.7	50.45666667										48.05		50.69666667		46.11		46.95	39.1	38.95		44.09		47.47		48.37				40.71	39.37	35.92	43.83	56.265				43.55	44.83	43.99			39.05	42.38	44.39666667	47.13		45.45				42.8		37.51	39.55	40.28333333			48.19	49.85				43.49	43.14	42.24	46.64	46.43	49.64					49.65		36.31	41.71	43.63		54.33					52.43		124.53	38.8		46.05	46.36									45.99	48.02	48.93	49.13				37.25	222.25		41.48	49.41	48.72	50.01							37.87	43.61		50.99	53.19	52.63	44.31					39.51		48.58	50.24				47.27	40.61	42.57	42.25	40.93	46.77	62.53	50.13		55.01		46.39	42.78			68.68	47.1	51.13									40.21		48.46	51.89666667				49.55	43.51	44.61				46.9				49.97	45.21	348.33			40.53	45.78	55.41	55.33			49.23		42.09	39.99		45.01	45.15	51.95				44.17		60.75			48.33						46.07	38.25	37.76	41.59														55.45	51.11	51.89					48.05	43.79	60.35		49.89							48.33	47.39			44.38	43.43						48.27	48.11	44.45
2174979		48.92	49.41				49.23						48.89		61		45.99			39.25	40.65	42.33	43.95	47.35	46.37		49.37				39.89	39.71	35.57	45.37	42.28	48.06				46.79	46.33		41.01	39.15	39.41	45.55666667	48.31						45.27			37.32	39.47			49.19	50.05				43.49	46.43	39.82333333	49.97	46.89	61.37					41.99		45.11	59.04	44.73		71.55							40.61	39.79		46.42	45.75	45.51								44.61	47.95		48.11					39.91		43.42	47.86	49.71	50.58333333							40.19	43.41			53.39	51.69	45.13					40.57	48.22		49.99				46.33	40.17	108.83	42.65			58.87	50.55		55.01			42.64		39.59		46.31										39.79	48.71	47.96	50.17				50.13	43.49	45.71				45.52					45.61	328.45			44.77	47.43				47.83	49.23			40.41		46.23	48.11	51.27				44.81	37.25				48.39						45.35		51.81		51.57				49.21					111.51				55.29	52.92	51.67					49.47	44.33	60.57									47.39			46.73	43.58	46.17				46.75				71.16
2174980		48.97	50.95										48.19		51.92333333		157.07	44.15	42.92	41.93	39.95	40.12	44.99	48.42333333	47.57		49.31				39.31	40.58	35.11	44.47	44.35666667	47.16	49.95			47.09	45.75		40.71	40.91	43.66	45.82333333	47.81666667		44.61			43.05	44.79			37.98333333	41.23	42.73	45.37	49.37					44.97	38.63	37.83	47.95	51.45	52.36333333					43.07		41.33	42.39666667	44.79	47.52	48.61							40.59	40.01		46.71								37.49		44.90333333	47.47	48.05	50.57		45.95		38.69	64.21		41.83	45.51	49.31	50.87							39.63	43.09	45.19	48.79	53.61	51.39	45.13					39.51	47.84	49.15	48.85				48.33	42.85666667	57.19	43.57	42.15	48.01	100.71				44.21		42.55		40.03	44.07	45.60333333							43.41			37.95	49.23	49.05	50.73				50.23	46.83	45.53				58.22					45.59	43.75			42.19	47.38	48.75			46.99	49.55			50.79		45.65	43.47					45.73				50.15	47.45							43.2	38.55	48.05	51.71				49.67					110.41				53.37	51.74333333	51.01					50.48		45.35		51.01	54.61							49.57		42.89	44.11	47.16				46.75		49.69		70.81
2174981		50.14	53.47666667										47.85		51.21		156.99		49.13	42.15	40.8	41.15	44.85	47.33	50.3		50.39				39.63	42.87	35.45	42	40.89	47.71	49.99			47.45	47.47		40.81	43.25	44.77	44.93	48.02	49.89	46.17			45.55	44.35			34.61	39.39	44.76	46.11	49.43						38.89	38.67	47.81	52.01	52.69								42.96333333	44.65		48.57							40.93	40.02333333		47.76	50.72	45.51							41.31	45.79	48.50333333	49.05	49.71666667					39.85		48.47666667	46.77	49.75	50.01							40.45	45.88	45.83		53.35	52.85						41.11	47.92	49.79	49.49666667				48.33	43.21666667	108.73	43.65		49.81	100.81	50.01					43.48		40.73		47	54.01						43.97			37.93	47.07	49.65	52.14		47.35			46.83	46.07				69.81			54.83		46.17	172.06			45.55	46.09	56.35			47.11	49.55			40.03		45.77	59.92					44.77				50.11							46.65	41.77	38.29		52.05	55.05								111.47				52.55	52.21666667	49.53					50.2					55.13					49.21	48.31	49.79		46.83	44.28	46.33				46.75			65.81	71.14
2174982		49.99	54.02								37.37		46.29		48.42333333		75.31	41.17	111.16	40.41	39.34	42.3	44.32	46.09	48.75		50.39				36.59	40.29666667	37.39	40.78333333	43.91	47.21	49.61			45.87	46.07			38.53	44.94	43.89	47.82333333	50.19					44.79		36.11	35.93666667	40.40333333	43.19		48					43.53	38.64	41.19	46.43	47.95	52.62							40.63	39.67	43.63		47.79		40.15					38.79	41.67		47.27	53.81	45.45			54.95			37.49	38.37	44.38333333	47.56	48.01	47.44		45.21		40.94			42.21	48.49	49.18	51.2							38.72	43.96	44.41	47.23	48.93	53.51	46.03					40.75	41.33	48.33	45.37				54.49	42.08333333	41.66	42.03		47.99	100.45						42.64		39.73		45.19666667	53.11	51.03								38.83	47.79	49.55	90.51					44.01	41.73		39.35	42.25	44.72					44.31	39.75	37.41	41.09	43.19	46.69	51.44333333	53.39		44.97	47.75					44.45	50.91					45.05		44.79									46.29	37.89	38.07	39.09	50.33	53.27			48.67				43.93	135.75				51.43	51.29		57.15				49.51		157.73		48.47	53.37					50.59		50.33		46.83	43.45	48.73						49.97	65.67	98.71
2174983		45.96	52.88								37.97		45.27		48.11		41.13	39.93	40.15	36.96	37.47	39.47	44.11	46.45	49.48						36.07	39.05	37.59	40.03	42.12	47.47	49.49				44.31	43.55		40.1	41.11	43.4	48.67666667	46.75				42.25	42.11		36.31	37.06	40.04333333	44.53666667		46.61					40.73	39.49	40.43	45.71	49.33666667	49.77					40.97			42.5	45.25	49.11	48.03					49.65		38.83	38.94		43.91					47.73					46.49	44.33666667	47.29	43.49		40.29		39.79	37.34	39.13	42.50333333	46.57	49.36	49.86333333							36.35	41.73	44.4		48.81	47.45						38.13	41.21	46.34	47.035				42.56	40.69	39.66	40.11	41.27	46.53			49.13	33.99			41.69		38.01	43.51	46.53666667	53.29	50.37		41.69		42.61	41.3			39.92	47.56	48.21	51.69		46.25			43.27	43.37			40.07	44.19			54.57		42.19	41.73	40.55	31.47	42.66	44.81	48.32	55.67		44.81	49.53		40.41	40.25	41.15	44.21	45.42	49.97				44.19	39.65	38.27		45.37							46.81	38.93	37.05			51.68	49.17		49.13		59.27		42.62	43.49				53.34	50.1		61.21				50.51		40.05		49.47	52.03					45.23	47.39	41.78		42.19	43.33	45.11						49.03	45.67	42.35
2174984		45.5	50.08								37.61	43.29	46.41		48.45		41.13	39.73	39.75	38.19	35.2	39.98	43.81	47.13	49.53						37.53	38.75	36.87	41.23	62.42333333	46.85					40.75			37.39	41.40333333	44.61	48.76	45.81				40.13	39.95		35.05	36.82	38.91	41.27		46.57						37.31	39.80333333	45.06	46.55	48.62								41.75	43.79	48.15	51.07					42.59		36.41	36.69		42.63	44.81			44.37				35.07		40.87666667	44.20333333	47.45	41.43		41.97		39.53666667	36.93	39.22	41.93666667	47.06	49.48	50.09							36.07	41.23	44.15		48.69					41.03		35.17	40.66333333	44.31	46.385				40.74333333	38.94333333	38.56333333	39.17	40.19		51.95		49.09	32.95			39.43		37.13	42.05	45.185	52.83	49.77		51.51	44.23	42.61	40.59		37.08	38.86	47.08	47.45	51.57		42.79			38.61	41.49		38.17	36.35	44.31		48.45	49.21		40.69	39.83	38.15	37.85	41.58	44.39	48.09			40.47	44.45		40.89	45.75	41.91	44.23	46.44333333	50.13				43.05	36.65	38.35										35.44		39.09		52.36333333	48.61	47.33	44.79	47.87	53.61		42.31	43.55			47.49	50.15	50.09		61.21		42.17		47.57		41.89		78.26	51.29							40.91		42.19	43.49	46.66			43.13			42.35	42.61	41.83
2176463		43.57	49.21									42.05		45.07	40.19		39.41		35.33	38.02	38.49666667		45.33									36.89	38.96	42.35	45.53			48.19		43.81	39.57			43.11	48.49	53.07	50.21						39.23			36.67	38.355	45.97	45.69					36.83		36.41			49.79							39.37		40.77	53.44								35.09			37.61	45.35				40.91				38.73		150.79	46.69	55.93			41.31		35.55	38.89		43.85	51.51	49.04	50.37								41.73		46.47	41.91		42.15			37.55			40.19							41.41				46.9	47.61		50.13		43.13	44.33			37.51	44.12		53.49	53.71					39.76			40.69													46.55	50.73								41.55	69.77	49.27	49.43											51.79				39.29	39.06				51.33									50.57																						44.17																					39.71	
2176464		39.43	48.03								34.05	42.05		45.23	39.05		40.75		35.43	34.01	37.79	37.93	45.54									35.95	36.82	39.05	42.26			47.13		44.01				43.11	46.13	44.65	50.63						38.15	37.85		36.07	37.62333333	44.41	44.91					35.91		36.51			44.31							37.71		41.39	42.41	47.15					49.13		41.45		39.63	37.61	43.17				40.31				38.73		44.75	45.49	52.57			44.81			39.21	40.74	42.3			46.13								41.49		47.71	44.72		42.93			37.51			39.63	41.91						42.67			44.05	46.98					43.13					42.93		53.33	53.61			47.49					38.43		47.23	50.27					46.88						48.68								41.99	49.02333333	48.17	47.87											53.05				39.67					51.25									51.47																					39.63																							
2176465		39.43	48.03								34.05	42.05		45.23	39.05		40.75		35.43	34.01	37.79	37.93	45.54									35.95	36.82	39.05	42.26			47.13		44.01				43.11	46.13	44.65	50.63						38.15	37.85		36.07	37.62333333	44.41	44.91					35.91		36.51			44.31							37.71		41.39	42.41	47.15					49.13		41.45		39.63	37.61	43.17				40.31				38.73		44.75	45.49	52.57			44.81			39.21	40.74	42.3			46.13								41.49		47.71	44.72		42.93			37.51			39.63	41.91						42.67			44.05	46.98					43.13					42.93		53.33	53.61			47.49					38.43		47.23	50.27					46.88						48.68								41.99	49.02333333	48.17	47.87											53.05				39.67					51.25									51.47																					39.63																							
2176466		38.95	46.41								33.69	41.45		45.33			40.73		35.43	36.22	38.04		46.3		46.55							38.37	38.02		43.85		55.51	46.21			39.09			41.39	41.91	47.56	54.07						41.41	37.85		36.2	37.795	44.29	44.01					31.59		36.95			45.65							38.13		40.77	43.95						47.51		34.69								40.1				38.09		47.49	46	52.11					35.99	37.56	39.59	40.64333333		50.53									40.81		42.93	43.52		48.21			41.43			39.17							42.49			42.25	45.77			53.15		44.69	42.17			39.17	42.16	48.49	53.13	53.01			47.13	41.99				39.49	49.14	46.51	48.97					43.93			39.97		44.93	49.53									47.65	48.75	49.63											51.69				40.77														50.09																					38.57	43.63										42.83												
2176467		42.09	47.37									45.51		45.85	42.47		43.95		36.65	36.16	42.08	43.93	48.15					103.73				39.05	39.77		44.71	48.27	49.65	47.19		44.2				43.29	44	45.94	51.51						42.67		40.27	37.08	37.46	44.37	45.17							38.69			48.73								41.25	40.03	41.95						48.09		36.95			37.55	44.4	44.53			44.41				37.8		92.21	46.46	51.33			42.15			38.87		42.57		48.99									41.29		44.93	44.41		50.73			43.07		40.95	39.57	43.09						41.57			45.13	45.4			54.73		43.55					44.03	44.21	53.49	53.31			47.13					38.39	50.31							46.43			43.85			46.72				44.15		36.03		40.73	49.43	48.65	45.85							44.39	40.07			53.47																37.71		51.53												47.29									38.69	43.63																						
2176468		46.95	53.49														47.21		37.81	35.09	40.49	43.77	46.03					64.73				41.31	37.95		45.47	49.67		50.15		46.91	44.95		44.63	43.77	39.67	44.59							40.79	40.77	32.41		43.33	44.87	44.23							39.37			74.49								38.99	40.47	44.67												47.37								39.81			42.83				49.77		43.01	41.41		41.89											42.15			45.48														43.01	43.33			42.49	48.01			51.67		47.17	47.41			39.93	44.75	47.61	49.55				48.31					40.63	49.57	44.07	52.55					108.67			44.37			49.81				172.27			41.15											39.79	38.89			52.11				44.53												40.63		52.15														55.15	50.63						40.93														44.13									
2176469		46.95	53.49														47.21		37.81	35.09	40.49	43.77	46.03					64.73				41.31	37.95		45.47	49.67		50.15		46.91	44.95		44.63	43.77	39.67	44.59							40.79	40.77	32.41		43.33	44.87	44.23							39.37			74.49								38.99	40.47	44.67												47.37								39.81			42.83				49.77		43.01	41.41		41.89											42.15			45.48														43.01	43.33			42.49	48.01			51.67		47.17	47.41			39.93	44.75	47.61	49.55				48.31					40.63	49.57	44.07	52.55					108.67			44.37			49.81				172.27			41.15											39.79	38.89			52.11				44.53												40.63		52.15														55.15	50.63						40.93														44.13									
2176470			48.51									41.25					48.83		38.91	42.91			45.13									42.47			45.47	51.85		49.08		44.47	45.01			37.43	39.27	43.49							46.29			46.99	41.91	44.65								37.69											44.35		45.43												47.55				119.47				39.39		93.49	43.25				48.19		42.87			43.39		48.43												48.27					46.95				47.47		52.63				43.15			41.67	49.56			54.81			47.41			40.31	44.99			49.41			47.77					41.63			57.15	47.63				107.43			42.78		43.41	47.41						36.99				49.13	50.79																											208.69		51.93														52.03							41.51	43.09													43.85									
2176471			54.95									45.47		46.79		170.31	49.29		38.87	41.53	41.62		45.93									41.63	40.99		45.13	53.39		49.71			45.53			43.89	39.53	47.04								42.51	38.55	37.06	40.86	43.39								37.71	41.93		48.79	48.57							43.23	42.48	44.83												44.13	44.19		48.33	522.41				39.39		48.23	44.73				46.71		44.23			42.52	46.93	51.79	47.87								78.03		213.29								40.07		47.76		52.63			37.73				46.83	49.41		52.13			51.53	46.77			40.29		49.81		50.29							41.69	41.75		45.19	51.85	47.57				46.49	160.99		43.65		44.07	49.54				167.87	42.15	42.29		41.39		49.13	45.05											55.05											54.31							50.43															53.77																	129.51			43.51									
2176472			46.67									45.47	48.47			49.85	46.05		38.91		39.88	36.03	44.63									39.09	37.75	42.15	42.93			47.77		44.23	43.23			42.25	41.91	47.36								39.77	37.98	36.37	40.53	42.85		47.69						34.87	40.29		47.25	50.05							43.23	40.51							48.03						44.43			46.67	522.23				36.65		48.55	45.19				46.29		41.53	37.81		40.82333333	45.71	50.09	46.73								40.01	52.51	43.93								39.37			51.29	52.37			41.09				41.03	49.59	47.97				51.53						47.71	50.09	51.17			45.19					41.05		47.85	48.83	46.29				46.51			41.25			47.75					41.13	42.29		41.39		46.99	48.93		54.37									52.95			45.91	43.07			51.63				53.71			46.49		40.85		50.55			49.01											51.15666667	52.09							42.41										129.51		40.91	41.87									
2176473			47.13									44.95	49.97				50.17	45.09		40.51	39.55	34.85	44.55666667									40.81	37.04	41.23	42.01			49.37		46.23	43.99			43.73	43.05		43.19	51.99						40.39	40.83	37.67	41.08	42.49		45.43						36.87			47.05	50.63					43.55		41.73	41.65							46.83						42.07			45.03	42.89				37.23			39.67				46.67		41.75	39.75		40.59666667		49.77	48.17								42.31		43.93	46.39							41.33		44.79		53.13							46.43	49.53	48.65				47.43			37.47			47.75	47.19	51.31		46.33	45.47	44.83				38.55		49.31	53.67					45.97		39.43	41.39		47.15	47.39				45.89		42.19				50.91	48.41														55.97	43.89			52.81							47.41				51.25			51.35						47.29						52.71						41.41											41.47		41.51	43.03	48.29								
2176474			47.13									44.95	49.97				50.17	45.09		40.51	39.55	34.85	44.55666667									40.81	37.04	41.23	42.01			49.37		46.23	43.99			43.73	43.05		43.19	51.99						40.39	40.83	37.67	41.08	42.49		45.43						36.87			47.05	50.63					43.55		41.73	41.65							46.83						42.07			45.03	42.89				37.23			39.67				46.67		41.75	39.75		40.59666667		49.77	48.17								42.31		43.93	46.39							41.33		44.79		53.13							46.43	49.53	48.65				47.43			37.47			47.75	47.19	51.31		46.33	45.47	44.83				38.55		49.31	53.67					45.97		39.43	41.39		47.15	47.39				45.89		42.19				50.91	48.41														55.97	43.89			52.81							47.41				51.25			51.35						47.29						52.71						41.41											41.47		41.51	43.03	48.29								
2176475			51.21									47.13	49.07				47.77			42.83	40.63	40.77	45.23					46.31				42.25	38.3	41.33				47.99		44.91	43.53			42.51	39.59	45.11								42.01	40.45	38.22	39.33	52.71		46.79						128.51			47.27	50.29							37.37	39.55	47.08						49.35			40.91	38.13				45.63		42.01				38.11							46.87		42.65	38.45		40.81	47.23		48.43	44.55									44.71			46.64							45.99		51.91								50.77					49.77				41.13		49.51	49.59	50.33			44.63					40.83		47.01	50.83	48.39				45.47			41.69							46.15					42.09	48.89	49.21		50.39												43.33	43.57							54.77			44.07				49.98	57.29		51.71				54.37		46.21					48.49	52.39						44.43	42.45													42.37									
2176476			54.15									47.55	49.07				50.75			42.69	40.59	43.79	42.91					66.91				42.41	39.58	39.87	43.95			49.31		44.91	68.55	46.45		44.21	38.19	46.75	43.81							42.55	40.49	38.66	41.33	52.71		47.59			56.17			52.39			51.83	49.65					47.15			43.71	44.25						49.35								45.63		44.03				38.11			45.09				48.21		40.85		41.69	41.12			49.19	47.21									49.37			50.33						45.43			53.43								48.75	61.99	53.75			49.81				41.63		52.17	49.59	50.19			43.29		45.27			42.83	50.29		50.27	48.99				45.45	62.87	39.63								177.17					44.17	50.83	50.29									46.83					43.69	38.57			53.43	48.87			55.63					36.89			57.29		51.71					44.51						49.11	51.2					48.67	35.13									51.49					43.55									
2176477			55.73									47.77	46.47				52.83				41.79		46.93									43.13	39.92	42.03	44.19					45.63	47.61			46.51	43.75	42.79	49.11							44.29	39.45	38.75	42.64			48.33						83.41			75.13								40.39	45.21	44.81	50.81													48.43															75.51	40.63		42.66			48.65	49.27												48.97							48.39		49.85										54.53							97.28			48.85						47.83			42.83		43.57		49.03				46.65			41.47		44.49	48.86				177.05					43.39		52.13									49.69									51.43	62.05								35.71		50.55	53.47					55.69									52.99										51.07									43.53	43.55									
2176478			55.73									47.77	46.47				52.83				41.79		46.93									43.13	39.92	42.03	44.19					45.63	47.61			46.51	43.75	42.79	49.11							44.29	39.45	38.75	42.64			48.33						83.41			75.13								40.39	45.21	44.81	50.81													48.43															75.51	40.63		42.66			48.65	49.27												48.97							48.39		49.85										54.53							97.28			48.85						47.83			42.83		43.57		49.03				46.65			41.47		44.49	48.86				177.05					43.39		52.13									49.69									51.43	62.05								35.71		50.55	53.47					55.69									52.99										51.07									43.53	43.55									
2176479			52.31										49.37				54.51				44.08											43.07	40.29	42.07	43.95		51.13							46.51	44		44.85			46.93		47.57		44.11	38.65	39.28	43.26	46.53											74.45	50.83								45.13	43.93																							48.07		47.11				73.79	40.03	42.33	42.87			50.39	49.27									51.69										44.25																			41.91			51.99						82.85			42.67										41.63	42.71		46.11					63.25				42.43	45.83											47.03									45.45											52.31						54.51									54.52						45.21				65.49										45.89	49.25								
2176480			50.03									48.59	51.77							41.53	43.82	43.61			47.79							43.07	40.04		43.95			49.77					43.11	45.03	45.11	48.81						44.41		44.11	37.99	55.1	43.81			45.15						52.57			52.51						49.61			43.37	42.99																							50.05		46.67				36.99	40.69		43.73			49.47	48.47									47.09																80.95													41.35		49.14	49.79	52.85	52.07	46.83	44.33		46.92			42.59					45.21			100.51			43.25			52.27				46.65																47.45					44.29	44.29							55.83										51.05			54.79									53.37					47.63	48.55									49.97					43.55									
2176481			49.15									46.95				65.63	52.65		41.85	39.87	42.58	41.85			44.71			66.77				40.39	37.17	41.59	42.73	50.97	47.33	49.77		44.58	64.93	56.49	40.97	41.85	44.17	48.81						42.31			37.61	38.31	42.27			44.91						36.25		43.41	48.86						49.61		39.23	39.89			46.61										46.69		48.87		45.45				39.31		59.07	51.09		45.49				35.77	38.95	39.47	41.63		49.27	47.27								42.47		46.07			46.61									53.03	48.25						41.01	52.35					46.03			40.43	40.77		47.33	47.91	52.85	51.99	46.15	44.33		43.35			42.13	49.33		57.53	44.53				45.01			40.24			51.19				45.85				41.27	42.71				50.58							46.24					44.97	42.17			43.65		49.29		54.99				51.15	35.75					51.05			50.83									49.95					46.51	42.25		45.51		44.25					50.57	51.21	58.05		38.23	45.29									
2176482			45.63									42.25				47.53	51.53		41.71	38.13	39.24	42.18			44.67			68.33				41.97	36.58333333	41.23	43.29	48.73						56.29			41.12	44.41						44.39	44.11		36.87	43.84	41.61		45.95							36.65			74.03								39.63	33.68	49.09		48.64										48.39				44.63				39.99		46.89	45.39		45.49							40.27		46.17	48.85								42.39		46.03									47.33										41.71	52.35									46.59		49.69	49.23	51.91		50.69	43.91		44.41			43.19	51.03										42.17			51.31				45.85					45.95											46.61	47.87				57.05	38.99							171.95				49.87																		50.17					47.77	226.19	41.33	46.93		51.29					50.57				37.39	44.07	45.25								
2176483			45.63									42.25				47.53	51.53		41.71	38.13	39.24	42.18			44.67			68.33				41.97	36.58333333	41.23	43.29	48.73						56.29			41.12	44.41						44.39	44.11		36.87	43.84	41.61		45.95							36.65			74.03								39.63	33.68	49.09		48.64										48.39				44.63				39.99		46.89	45.39		45.49							40.27		46.17	48.85								42.39		46.03									47.33										41.71	52.35									46.59		49.69	49.23	51.91		50.69	43.91		44.41			43.19	51.03										42.17			51.31				45.85					45.95											46.61	47.87				57.05	38.99							171.95				49.87																		50.17					47.77	226.19	41.33	46.93		51.29					50.57				37.39	44.07	45.25								
2176484												43.31			50.63				44.63		43.35		65.91		48.69							43.43	36.95	43.15	43.29								44.27		39.25	43.15			48.73			46.65	43.77			39.95	43.43									36.49			41.89									27.29		54.49	48.73										42.07		47.69		45.17													112.71			41.32			49.1								42.11		47.25												59.19							41.4	50.75									43.09		50.73	50.09	50.63	52.79	46.79	41.83					43.83													46.35	50.39				45.45				43.09	45.51																	38.99				50.33								38.61					53.43												54.71							40.67			51.55									40.65	43.73	56.69				65.49				
2176485												43.31			52.93					40.47	42.65	42.48	61.49		51.09		47.99					43.03	38.56	40.99	42.33										38.59	44.11										36.41	41.01	48.21								36.07	47.25		75.71									33.87	42.19		50.13										44.25				45.31						48.17	45.93						113.15			41.00333333			46.27								46.97		45.01			42.91						48.05											47.45			45.05			49.97		48.11			47.89	49.93	49.09	53.27		43.21					43.11					55.41																	42.01	43.91																				49.81	46.09								40.73																	55.71							40.31			65.09		54.07			53.15	47.97									63.43				
2176486			49.67												55.39					40.47	43.09	41.97	45.23		49.79		47.61	52.25				42.65	37.28	41.97	40.15	48.85							44.29		60.99	43.7			46.93				42.17			37.26333333	41.39	46.66								35.17			51.17			159.45						39.93			49.75										43.47	49.93			44.63	41.29			40.21		98.55	45.49				47.73		113.49			40.96			64.2								39.73	46.99		49.41															40.45		41.13	39.63	49.41	66.93	47.87				52.05		44.79	38.83	40.21	47.43	48.17			47.37	43.85					41.33				51.95	48.23								44.89	50.11								41.49	46.73				43.69					44.85	46.53		44.83				43.75	42.01		38.07		49.08			55.07					39.19			52.41														53.08							40.85								50.97				40.29		44.99								
2176487			42.97												50.37	66.61	50.27			37.25	41.08		43.94		46.63			56.29				41.11	34.48		42.96	47.75				42.83	46.51				40.78	41.91		41.15				44.49	40.35			38.59	40.25	44.75													51.37						37.83	38.19			46.77								36.07		40.89					39.29					45.27	43.95				46.29		113.81			39.56333333			48.79								38.17	40.59		44.51		46.39						42.97			55.57								49.41	58.39							40.77	38.75		45.67	46.49			44.07	42.45					41.33				47.89	55.53			45.29			37.41			48.23													41.45						40.86							36.81			44.11									36.31			51.65													53.63	51.33							39.49					50.51			50.71	44.53										47.45			
2176488			42.97												50.37	66.61	50.27			37.25	41.08		43.94		46.63			56.29				41.11	34.48		42.96	47.75				42.83	46.51				40.78	41.91		41.15				44.49	40.35			38.59	40.25	44.75													51.37						37.83	38.19			46.77								36.07		40.89					39.29					45.27	43.95				46.29		113.81			39.56333333			48.79								38.17	40.59		44.51		46.39						42.97			55.57								49.41	58.39							40.77	38.75		45.67	46.49			44.07	42.45					41.33				47.89	55.53			45.29			37.41			48.23													41.45						40.86							36.81			44.11									36.31			51.65													53.63	51.33							39.49					50.51			50.71	44.53										47.45			
2176489			43.47												53.25		53.59		41.39		42.01	40.83	42.84		46.71			48.51				37.57	34.62	39.29	40.87	48.69	46.03	52.47	48.45		50.13				42.65	43.08							41.09			30.4	42.77												46.83		55.57			41.79			39.75	39.74			44.19								39.44		43.83	47.95				40.01					46.41	41.91		45.91		47.11		114.51			38.09		48.73	115.19								40.67			48.75											53.87			40.53	42.41			40.71	48.25	53.05								39.17		44.25	45.48						119.25			40.87				50.23				45.53						47.49													42.81					42.87							43.49	36.13					50.29							38.53			51.78													53.63	52.41					45.01		39.05					52.35				46.27					42.85					47.45			
2176490																			40.79				44.17				46.33					31.79	33.09		41.05			54.41			50.65			41.53	43.38								40.13			23.81	42.05														56.71						39.75		46.21										40		45.35										47.05	42.06									38.83			47.76								41.75		40.53	48.75								42.57		50.47								40.57		49.56							35.17	38.99			45.34333333									38.37				50.99				46.21						49.87																			37.57											48.53								38.59			52.53			50.91					47.69					56.91	52.23					47.71		39.41	44.71				53.33				45.51	41.87									47.49			
2176491																127.27			40.79			41.37	43.19		50.81		46.33	46.27				29.63	32.89	40.53	39.09		47.45	45.47			50.85			36.15	36.87								39.01			36.35	40.19																	39.31	38.55		35.91		45.77										43.07		43.79								29.09									40.41			37.75	36.18	43.3	47.27								38.59	35.11				40.97						41.85		50.47						37.85	34.03	40.31	73.51		51.35						33.79	30.99		40.01	43.71	50.59								38.53	35.67							44.35					41.97	48.57									39.15				45.61					41.75						46.15				35.21		47.49								37.18		38.07				48.69					45.23			38.31		55.53	52.23					47.71			44.35				51.21				45.51					36.79								
2176492			46.57										49.79		53.57				42.09			41.37	43.89									31.15	31.91		39.09		48.79	51.41	49.25		42.83			40.03	38.28								40.67			35.75	40.91	38.27																														42.15			44.17	51.05									41.45	47.07						42.77			40.97		43.36	50.61									38.47		48.67										54.45								81.77	73.51									37.45	38.27		42.65									41.03				42.85																													38.91							36.63		43.19		51.29								37.41																54.08	55.97					47.71		39.33									47.67	40.57												
2176493			43.11	52.19									46.81		52.75	49.25			40.63			39.29	42.97				45.37					39.15	34.63	38.51	39.05		46.17	37.57			43.33				37.11	42.43							37.97			38.89	39.53														60.35				40.39			35.82	39.21									42.15	37.41		42.89										40.77	41.01		50.95				115.31	38.29		38.08333333	40.45	47.81	44.34								40.17	37.81		48.67								40.37		52.43					39.07			35.75	45.97		48.74				50.11				36.75	44.85	42.2				42.95					38.37666667	42.99		47.43	42.19			47.31	43.63			35.87			46.39																		37.35	41.86	37.85					43.13	38.21		41.93		44.81			53.71					36.25		43.37				46.99					47.35			38.31		50.73	54.01							37.63	45.35				52.21				45.67													
2176494		58.31	43.93										51.79	46.83	52.75				41.29			39.49	44.01		44.77			56.51				42.11	38.26	41.47	39.05			37.57			47.61	51.53		33.33	37.9	41.54							38.79			38.29	41.61														64.11							35.47	46.65										36.73										27.95		47.11	41.41		52.43				115.55	40.46		41.45		44.95	47.47									47.89		48.33								43.38		52.71										36.35	53.63							35.09		45.33		48.65			43.07					39.73	46.51						47.47																41.77										46.49							39.13		41.37		50.49								34.93						49.83					48.13					46.21	53.25					45.95		39.79					52.85				44.99	39.83			38.29									
2176495		58.07	42.81										46.51	43.95	52.41	48.25						39.49	43.25				40.59	53.75				42.31	31.19	38.79	38.05			43.17		40.22	38.21	47.09			35.73								40.49			37.21	38.42									31.79	35.67				56.89				38.39		40.81	34.73											30.99					50.09	40.57						167.73	49.51		52.43		37.95		40.69	34.25		39.18		48.35	46.29								39.49	45.05		48.27		45.71						40.21		47.94	44.99				42.77					51.35	49.93				50.03		38.51	34.8		44.63	42.89	46.85			43.07					41.22	39.73						45.81	45.55														41.29							43.89			40.43	44.47				44.47			36.59			42.21	50.49			77.71					35.05		42.05				48.08					45.93					52.63	52.77						41.49	38.25		40.43			51.83				43.65	39.83			38.29									
2176496													48.21	44.79	49.27	48.55						35.91	42.23				41.17	53.75				36.93	31.17	36.47	39.42			43.45		40.07	38.29			34.19	44.27	44.04	44.93		46.05	39.45		42.85	38.56			36.36									41.81	34.63					55.97				39.55		37.45	35.28											32.32		40.03				39.49				32.23	34.85	41.03	46.93		47.29		42.35		36.37	40.19	33.91	38.15666667	43.13	44.35	43.64								94.51	45.05		47.73		45.71						36.99		51.83	44.17			37.39		40.19			44.61	43.21	49.57				47.31		38.07	36.39	34.97	40.01	46.93	49.69			42.21					39.83	39.99		46.67				45.03	44.85		33.73			42.63	44.03								38.81							42.89			39.53	43.41				42.31			32.65		35.72	43.41	47.65								36.46		39.23				47.77				39.95	42.71		43.35	41.91		49.47	47.75			41.89			40.87	40.77		42.12							43.17	35.95				41.57								
2176497			48.53										43.05	48.63	49.27						38.97	41.39	45.75	44.41				53.75				39.79	36.71	37.81	40.87			43.45			39.87			35.03			47.83					42.85	40.25			37.71	40.42										38.47		44.79		54.55			38.19	43.87		39.75	35.17			48.03							90.45	36.20333333		48.17			49.81					35.97		49.41	51.19		52.45				38.81	38.6		41.03666667		48.27	48.73									45.05		47.73	50.27	45.71						36.99		51.83						42.19				50.77	53.19			45.53	50.81		40.45	37.23	41.71	45.73					42.21					43.03	41.41		49.55				46.35	383.29			40.91		47.69									43.02											43.41				45.07			34.13			41.47									37.71			56.09			51.12				39.95	45.01		43.35				52.79						43.81	42.63		42.45			50.95				46.69	38.25			39.59	44.11						42.39		
2176498													51.69	50.61		48.59	46.35			32.97	40.03		40.94				46.63	55.17				42.03	37.29	37.23	48.01			44.81		42.89				35.49	43.93		49.11		46.09			42.17	37.55			36.55			45.07						39.75						57.23			37.11	40.93		38.95	34.51			48.55								32.77		41.21			50.33	36.19				32.23		47.97	49.41		48.49				36.87	48.29		39.41		49.95	48.43								40.11	47.95		47.73		44.71						36.99	42.27	49.75	43.99				38.61			44.73	44.09	48.96	48.75			45.53	46.73		35.41	36.91		44.69	45.59				39.51					38.81	40.25		49.39				41.61	41.11			37.99		45.32333333									42.99						44.75	42.45			38.75	44							32.57		35.83										35.9		42.59	52.59			49.66				43.25	45.01		43.65							45.97			43.81			41.83			50.03				45.71	37.55			39.65	39.23								
2176499			51.77									40.87	47.29	44.61	50.31		46.67		38.29	33.66	37.73	39.53	44.25				43.53					41.05		38.52	43.55				43.95	42.11				38.01	38.53	42.37	43.51		51.01				43.57			36.49			43.45	45.31					45.01		40.53		47.33		55.93				40.93		34.67	36.24333333			48.73								35.9		42.02				43.03				28.49		46.93	50.27		48.29		41.93		37.69	35.57		41.01	48.27		50.05								39.87		47.53	49.79		47.51						41.72		52.39	45.63				39.15	36.83		44.25		150.31	50.15			42.87	48.11		38.95	37.33	42.11	48.11	51.5				43.57					40.09		47.45	49.09				45.21	41.13			39.39		46.27						37.93			44.52					47.11	50.01					44.57		49.73					38.17		41.65											38.63		53.01			48.36				43.57	47.45						50.55			41.67			40.67	42.55		44.79			47.25				45.35	43.73			39.73									
2176500		41.05										35.81		49.81			46.67		37.45	30.13	37.69	37.93	41.45				44.41	46.05				38.29		39.19	43.72				43.29	41.99				34.22		43.83	42.01		47.95			38.87	37.67			36.09				46.43					45.01	33.41	36.79		47.2		44.93			37.19	39.25			37.53			52.73					46.95		38.39	35.54333333						43.33				28.67		41.21			42.94		41.93		35.33			40.91	46.63	49.35	48.58333333								39.13	37.03		49.71		41.75						39.78	42.65	48.01	44.41			41.85	40.79	37.02		43.53	47.45	51.4				42.87	46.51		40.19	37.17			49.71				38.93					40.65	40.81	46.19	51.13				43.94	43.17			39.21		43.47					44.05				43.27	36.57	46.24				42.87	41.63				41.67		48.21				41.41	37.63		38.77									40.27	37.83	35.57		51.75			45.7				41.61	43.91		36.57			50.27	48.73			40.29			39.55			44.79							43.51	37.75			39.26	41.33			45.97					
2176501		59.31	49.89	52.07									48.58	48.25	56.71	45.57	44.87		37.79	38.04	37.96		42.43				42.43					38.43	36.40333333	39.39	47.11				46.57					36.41		42.99666667	44.09	45.19					42.75		35.81	37.69		43.29	44.95	44.45					44.05	39.05	37.34		48.26					36.19			37.41	37.43										39.51	37.8		41.23			48.47	42.81				28.33	29.43		44.54		46.64333333		42.15		34.73	35.92		39.28	43.69	50.03	49.21								38.63		44.39	50.89								43.79	45.82	50.07	42.67			36.73	40.78	34.95	38.87	41.27	46.81	51.34			51.83		45.09		38.73	37.45	42.29	45.55	155.49				43.41					38.81	42.13	45.71	49.06				45.78	42.7			37.45	38.01	42.79	48.75	51.05			42.47				44.38		46.43	52.89			48.93		57.91		39.31	44.47	46.63	47.93				45.15	36.65		38.27	43.61								37.89	35.73	40.27	44.09	49.37							43.85	42.47		41.17			51.04	47.75						45.71	44.65		43.74	50.77		51.65				41.99	42.08		35.79	39.78	43.36333333			46.33					
2176502		59.31	49.89	52.07									48.58	48.25	56.71	45.57	44.87		37.79	38.04	37.96		42.43				42.43					38.43	36.40333333	39.39	47.11				46.57					36.41		42.99666667	44.09	45.19					42.75		35.81	37.69		43.29	44.95	44.45					44.05	39.05	37.34		48.26					36.19			37.41	37.43										39.51	37.8		41.23			48.47	42.81				28.33	29.43		44.54		46.64333333		42.15		34.73	35.92		39.28	43.69	50.03	49.21								38.63		44.39	50.89								43.79	45.82	50.07	42.67			36.73	40.78	34.95	38.87	41.27	46.81	51.34			51.83		45.09		38.73	37.45	42.29	45.55	155.49				43.41					38.81	42.13	45.71	49.06				45.78	42.7			37.45	38.01	42.79	48.75	51.05			42.47				44.38		46.43	52.89			48.93		57.91		39.31	44.47	46.63	47.93				45.15	36.65		38.27	43.61								37.89	35.73	40.27	44.09	49.37							43.85	42.47		41.17			51.04	47.75						45.71	44.65		43.74	50.77		51.65				41.99	42.08		35.79	39.78	43.36333333			46.33					
2176503		52.01												43.85	54.75	40.35	39.35		40.62	36.61	36.09		41.43		43.95		42.35	45.61				38.73	34.35	36.44	39.59		47.27				40.67			37	34.13	42.8												36.95	43.05	43.07					43.55		37.46333333		44.42					36.35	42.23		35.27	40.32		46.47	51.79					43.73		39.79	35.735						41.93				28.41		37.25			45.47666667		41.75		37.27	38.7		38.78	43.29	42.71	45.78333333								38.81											40.55	45.51		43.87			40.7	37.97	37.89		38.03	45.15	46.63			49.73		45.31			36.66	40.1	42.97	48.63	48.23								38.12333333	43.46	42.63	46.54					43.2	39.89		37.92		40.91	47.83	42.07			42.17				47.73	46.15					46.07				37.27			45.08	52.25	42.47		43.49	36.05	37.97	38.49	41.76	42.21	46.27							36.79	38.61	43.11	48.24	45.95		47.71				43.85	38.15				45.87	48.61	47.71						39.63	36.61		43.14	46.87	43.63					43.11	42.75		40.43	37.08	42.90333333			46.21					41.99
2176504		40.17										45.47	42.53	48.75	50.41		41.55		41.29	37.23	37.61	38.53	42.1		46.11		43.13	44.47			35.73	38.59	34.11	39.85	43.39		47.27		42.77	40.93	40.19			39	39.53	42.55	48.39	44.99			45.81		26.11			38.39	36.51	37.77		44.71	46.17				41.61	33.66333333	40.09666667		47.47	48.71				40.01	47.27		38.71	41.87		48.13	47.99666667					44.71		38.17	37.25		42.10333333								28.41		39.24	44.93		44.31		41.87		35.63	38.99		39.15666667	44.19	50.33	47.21									39.99	48.09	49.95	44.19	43.73						42.11	45.01	46.59	40.97			42.93	40.13	39.15	39.08	39.77	45.55	43.95			48.17		44.75	40.3		33.49		44.16	49.35	48.65			45.13		41.19			38.8	43.57	47.37	46.59	48.21			41.75	42.54		40.05	41.45		42.19	49.17				42.63	38.8			40.57	38.09					46.07				40.09	45.95		47.81				42.26	36.33	39.24			45.23							39.91	37.69	39.97		50.81								39.85					50.01	48.47			43.95			43.79	40.55		47.49	50.69	48.73	48.71				46.27	43.75		40.89	40.2	45.48			46.43					41.72
2176505		39.27	41.11									42.19	44.73	45.41	46.15		40.17		36.27	36.59	36.29	35.92	41.19				43.13	44.75			36.57	36.73	33.81	38.13	42.01		46.17		42.53	40.91	39.21			36.81	39.37	42.19666667	47.85	45.39	42.83		45.13		42.71			37.16	36.99	36.63			46.57				40.75	36.7	37.74333333		44.85	47.69				38.53	56.47		34.97	39.4			48.59							37.43	35.17		39.55	42.97							30.07			45.63		44.09		42.09		35.15	38.03		39.915	42.86	46.39	46.51								38.95	39.37	47.53	50.71	48.21							40.71	44.41	46.13	40.51			41.62	37.08		39.5	38.02	44.35	45.73			49.19		44.75	40.2		34.27	42.15	44.92	48.61	48.55			45.84		37.43			39.89	44.16	46.13	46.93				41.39	40.61		36.79			41.37		47.21			41.53	43.13			42.85			50.45		42.41	45.61		44.59		37.13	35.57			50.91			40.95	37.07	38.07				46.59						33.93	37.37	37.03													43.47		49.66	48.43			42.43			42.69	41.11		46.97	53.81						43.15	43.66			38.54	43.83			46.33			44.09		40.46
2176506			45.41	40.07			43.67					47.65	42.64	47.52	50.44		42.57		42.75	38.75	39.17	38.75	42.27		48.56		42.49	44.33			38.27	39.07	34.65	39.11	44.2			45.33	44.53	43.25	40.29		37.65	40.53	40.93	43.63			42.83				42.71			30.62	38.01	38.45	44.39	46.93	46.79				39.13	38.71	41.05	47.99	45.53	48.83				40.17	47.04		36.78	44.06	40.89	49.17	49.36333333							39.13	35.91		40.33								30.71		39.19	44.04		47.26333333		44.03		37.73	38.85		40.41	45.68	48.14	47.97							36.17	41.25		49.29	49.63	48.43	43.31						43.09	45.97	46.36333333				42.93	40.24333333		41.06	42.66	44.61	45.97					44.93	41.05		37.79	42.15	46.82	49.49	49.25			51.15					39.61	46.71	47.03	51.41				45.27	41.79	44.19	40.71			44.05	50.41			45.25	41.53	43.27			42.64	40.31	46.61	52.55		40.99	49.11					36.19		48.99				43.24	38.25	38.67				50.51						40.09		41.5	45.95			56.03	49.09					39.01		41.59	46.51		50.61666667	48.68			46.31			44.65	43.15		48.97	53.81	52.27					45.41	45.34			41.19	44.55						47.09	46.75	43.31
2176507		44.32	49.23				45.03					46.85	45.93	47.81	48.57		43.49		45.33	40.95	37.59	40.25	43.13		49.98		47.25	46.41			38.73	39.07	34.97	40.01	51.23	49.13		44.07	46.93	42.85	40.99			40.93	40.52	44.26333333			44.37				43.8			37.79666667	38.18	38.97		48.65	46.57				42.31	39.72	40.50333333		46.48	50.39				40.17	49.6		34.97	40.33	43.63	52.85	63.99					50.13		39.04	38.27666667		46.05			46.15					30.77		45.83	40.77	47.39	48.76333333		44.49		38.94	38.26		44.345	46.42	48.93	48.08							37.35	42.69			116.29	51.99	44.77					40.27	43.21	45.97	45.75				44.97	39.52		41.31	38.76	45.73	49.32	50.23		53.49		44.49	42.36		41.41	42.92	54.05	51.33	50.47								40.93	47.15	47.41	61.69	49.27			44.91	43.4	43.64	44.99			45.93					44.21	347.67			42.41		50.61	52.55		42.55	49.23		47.25			50.68	46.93	49.67				42.97		39.99		45.41		49.79																	43.41	39.17		44.19	45.85		51.25	52.17			47.67		45.97	43.57	45.81		49.81	53.81	53.39					47.95	42.41			41.39	42.39						47.67	64.13	44.03
2176508		45.7	50.45666667										48.05		50.69666667		46.11		46.95	39.1	38.95		44.09		47.47		48.37				40.71	39.37	35.92	43.83	56.265				43.55	44.83	43.99			39.05	42.38	44.39666667	47.13		45.45				42.8		37.51	39.55	40.28333333			48.19	49.85				43.49	43.14	42.24	46.64	46.43	49.64					49.65		36.31	41.71	43.63		54.33					52.43		124.53	38.8		46.05	46.36									45.99	48.02	48.93	49.13				37.25	222.25		41.48	49.41	48.72	50.01							37.87	43.61		50.99	53.19	52.63	44.31					39.51		48.58	50.24				47.27	40.61	42.57	42.25	40.93	46.77	62.53	50.13		55.01		46.39	42.78			68.68	47.1	51.13									40.21		48.46	51.89666667				49.55	43.51	44.61				46.9				49.97	45.21	348.33			40.53	45.78	55.41	55.33			49.23		42.09	39.99		45.01	45.15	51.95				44.17		60.75			48.33						46.07	38.25	37.76	41.59														55.45	51.11	51.89					48.05	43.79	60.35		49.89							48.33	47.39			44.38	43.43						48.27	48.11	44.45
2176509		49.43	53.70333333			55.05	48.53						46.99		75.09666667		46.03		46.39	39.8	40.57	42.91	43.75	46.35	47.63		49.37				39.89	42.87	38.23	42.62	67.19	47.89	50.39		47.61	45.13	46.59		40.91	42.47	40.26	44.83	49.20333333	48.65					45.27			37.65	39.33	44.98	46.89	49.25	50.05					44.84	39.29	46.94	46.77	60.36333333					41.99		38.88	65.46	45.05	49.63	51.38							39.97	39.33		46.37	46.35	45.51	50.59		54.19					44.6	47.83		49.17		45.49		46.87			42.18	47.43	50.03	49.92					52.69		40.02	44.27	47.91		52.99	51.71						40.55	44.77	48.63	49.86				47.25	41.4	56.87	50.03			59.25	51.03					42.92		41.21	169.83	55.23666667							43.83			42.33	46.91	44.55	51.14		47.13		48.51	43.01	45.51				45.95				51.01	45.95	44.59			43.37	45.27	55.77			47.25	49.73			40.03		45.61	75.85	52.17			48.77			59.65			48.65						46.55		37.17						49.23					112.29				54.17	52.29	50.79					49.77	44.97	60.15			105.43						48.31	49.47		46.73	42.07							48.17	49.27	73.71
2176510		50.14	53.47666667										47.85		51.21		156.99		49.13	42.15	40.8	41.15	44.85	47.33	50.3		50.39				39.63	42.87	35.45	42	40.89	47.71	49.99			47.45	47.47		40.81	43.25	44.77	44.93	48.02	49.89	46.17			45.55	44.35			34.61	39.39	44.76	46.11	49.43						38.89	38.67	47.81	52.01	52.69								42.96333333	44.65		48.57							40.93	40.02333333		47.76	50.72	45.51							41.31	45.79	48.50333333	49.05	49.71666667					39.85		48.47666667	46.77	49.75	50.01							40.45	45.88	45.83		53.35	52.85						41.11	47.92	49.79	49.49666667				48.33	43.21666667	108.73	43.65		49.81	100.81	50.01					43.48		40.73		47	54.01						43.97			37.93	47.07	49.65	52.14		47.35			46.83	46.07				69.81			54.83		46.17	172.06			45.55	46.09	56.35			47.11	49.55			40.03		45.77	59.92					44.77				50.11							46.65	41.77	38.29		52.05	55.05								111.47				52.55	52.21666667	49.53					50.2					55.13					49.21	48.31	49.79		46.83	44.28	46.33				46.75			65.81	71.14
2176511		49.59	54.31								41.97		47.63	61.57	53.09				49.47	40.61	38.73	43.6	42.25	47.33	50.01		49.33			59.81	39.57	40.99	39.13	41.765	81.74	47.93	50.53			47.27	44.93		40.93	43.25	42.69	44.97	48.22	49.89	45.95				44.35			35.03	41.07666667	46.18	45.83	49.17	47.15					38.77	40.98333333	47.86333333	49.89666667	51.55								46.42333333	43.75	50.05	52.8					49.99		56.64	40.50333333		47.14	52.68	44.43							37.59	45.49	48.28333333	49.05	49.72					43.72333333	43.99	49.49666667	47.84	49.97	50.01							40.21	44.11	47.1	67.43	51.93	52.77				216.47		41.39	41.59	49.62	49.75666667				48.79	43.00333333	108.53	43.29	41.93	48.09	77.04	52.87				45.93	42.76		40.67		47.25	52.91	51.41			132.05					39.53	46.79	50.65	50.88		49.79			46.99	45.73			40.77				54.83		45.67	44.01	44.27		41.14	46.39666667	55.61			46.91	50.29						55.93	51.63				44.57				48.13									37.85		51.79	51.67												53.27	51.73666667	49.53			47.87		48.18		185.69		51.07	54.83					47.17	47.85	51.43		46.73	44.08	47.66						47.53	49.25	44.18
2176512		50.61	54.25666667								37.17		46.39		49.63				113.29	41.03	39.95	42.66	44.2	46.79	48.93		49.95				37.63	40.87	37.79	41.905	44.05	47.79	49.65			44.05	46.71			40.09	42.69	44.68	48.36	50.19	43.89			47.29	44.83		36.55	36.27	41.07	45.81	45.03	48.81	46.93					39.04	41.64333333	47.09	51.74	51.56333333							41.41	40.84		49.83			43.23					39.55	41.49		47.27	53.81								35.65	46.66	46.09	48.17	49.58				45.69	42.33		44.11		50.21	50.11							40.2	45.22	46.1	124.51	50.91	53.47						41.61	42.28	50.23	55.44				48.27	42.47666667				47.49						47.39	42.07		40.07		46.07	53.79	51.69					46.14		42.23	40.57	48.01	49.5	52.21					45.57	44.33			41.93	45.63			55.07		45.47	41.81	43.33	41.77	43.25	47.47666667		54.43		48.33	49.53					44.91	58.2							40.31		49.43		46.59					46.81	40.21	36.85	41.29	51.41	52.89			50.51					136.63				53.27	51.49666667						50.25		98.47		48.59	54.61					50.59		53.07		46.83	44.69	46.33							65.09	72.73
2176513		45.96	52.88								37.97		45.27		48.11		41.13	39.93	40.15	36.96	37.47	39.47	44.11	46.45	49.48						36.07	39.05	37.59	40.03	42.12	47.47	49.49				44.31	43.55		40.1	41.11	43.4	48.67666667	46.75				42.25	42.11		36.31	37.06	40.04333333	44.53666667		46.61					40.73	39.49	40.43	45.71	49.33666667	49.77					40.97			42.5	45.25	49.11	48.03					49.65		38.83	38.94		43.91					47.73					46.49	44.33666667	47.29	43.49		40.29		39.79	37.34	39.13	42.50333333	46.57	49.36	49.86333333							36.35	41.73	44.4		48.81	47.45						38.13	41.21	46.34	47.035				42.56	40.69	39.66	40.11	41.27	46.53			49.13	33.99			41.69		38.01	43.51	46.53666667	53.29	50.37		41.69		42.61	41.3			39.92	47.56	48.21	51.69		46.25			43.27	43.37			40.07	44.19			54.57		42.19	41.73	40.55	31.47	42.66	44.81	48.32	55.67		44.81	49.53		40.41	40.25	41.15	44.21	45.42	49.97				44.19	39.65	38.27		45.37							46.81	38.93	37.05			51.68	49.17		49.13		59.27		42.62	43.49				53.34	50.1		61.21				50.51		40.05		49.47	52.03					45.23	47.39	41.78		42.19	43.33	45.11						49.03	45.67	42.35
2176514		49.21	49.87666667									44.09	45.17	50.11	50.56			43.95	39.7	37.95	39.55	40.59	43.12	46.93	49.33		45.71				38.85	39.29	37.11	41.94	43.89	46.93					41.57	43.07		38.85	41.6	44.93	49.55						39.95		36.55	34.8	40.11	45.28		49.15						37.76	39.61666667	45.74	47	50.48333333					38.65		42.29	44.20333333	45.79		50.88					48.59	40.99	39.23			45.99					51.09			35.07		42.92333333	44.79	47.73	42.71		45.25		40.83	39.12	43.27	42.95666667	46.58333333	50.31	48.93							37.52	42.75	43.91		50.35							40.89	41.26333333	45.48	47.325				41.96333333	41.13	37.7	39.55	41.19		52.89		52.51				43.83		38.68	42.47	47.85	52.77	49.79		51.51	45.61	54.73	43.45		41.19	39.77	46.09	47.86333333	50.69		50.81			43.27	43.13		37.97		45.85		50.33	49.53		43.27	39.83	42.53	30.15	42.86	45.76333333	48.62				47.01		41.53	36.27		43.57	45.5	52.07				45.73	42.53	39.72				45.59						39.77	42.09	42.24		52.82333333			50.89		58.19		42.31	39.13	48.13		47.95	53.77	50.59		61.21		42.17		47.61	44.39	41.70333333		49.69	51.21									42.74	43.78	47.19	51.37		45.57	46.49		42.35	48.15	59.39666667
2176515		48.05	51.55	45.07			40.87				38.81	43.53	45.24	50.63	48.94333333			42.99	39.93	37.3	36.41	40.45	43.54333333	47.72	50.11						37.43	39.12	38.3	41.89	44.63666667	48.06	51.59				40.93	42.57		39.93	41.01	43.74	49						36.37		37.25	35.47666667	39.53	43.07		45.89						38.74	40.63666667	45.41666667	46.04	49.37								43.22333333	44.535	47.84	51.19		42.19			44.55		38.87	42.75		44.18	89.44		42.95		45.33					43.26333333	44.37	47.11	42.71		41.97		39.87	39.01		42.33666667	46.43	49.82	49.23666667					48.49		37.68	41.73	44.63666667		48.97					44.35		41.25	41.06333333	46.53	47.47				43.61	40.28	39.67666667	38.63	41.27		50.19		54.77				40.91		37.62	42.39	44.715	50.44	48.51			45.11		44.63		39.07	39.48		47.97	47.81		48.03				42.61		38.35		44.25		49.57			42.65	39.83	39.01		42.53	44.95666667	47.35			43.73	47.01		40.87	45.27		42.71	45.08333333	49.35			44.63	44.05	36.77			44.91	47.03	44.99						40.17		38.87	49.49	51.79		108.29	50.21		58.11		42.31				47.77	51.77							50.01	42.13	41.40333333		74.32							48.81	41.65		41.4	43.68	49.15			45.11	46.49		42.35	46.95	42
2176516		46.98333333	51.03666667								39.11	43.53	44.91	49.4	49.46333333			45.33	41.89	35.42	38.90333333	40.77	43.25	46.89	49.29						39.27	39.25	38.41	41.15	44.59	47.83	50.62				40.29	42.57		40	41.52	43.79	48.75						34.73		36.73	36.86333333	40.58	43.98		46.95						37.74	39.45	45.51	45.8	49.86333333								42.77	44.02333333	48.55	51.87							38.67	38.55		44.28	128.81		45.49							43.77666667	46.35	47.37	44.86		43.55		43.13	38.86		42.19666667	46.37	49.95	49.07					48.49		37.28	41.45	43.11	45.11	48.79							40.55	41.2	46.19	49.45				42.89	40.31	39.87	38.81			70.58		55.11				42.61		36.99	42.05666667	44.94	50.35	48.85			47.39		44.99		39.42	40.09	46.95	47.63666667	49.97		48.13			46.67	43.31		39.87				50.25			42.65	42.55	40.73		42.24	45.37666667	48.65			44.19	47.01		41.29			43.43	45.56333333	49.41			45.79		40.19			48.89		45.71						40.3		38.27		51.37666667			50.93				55.47	45.87	47.51		47.87	56.45	50.17				45.87		50.01	41.47	46.59		48.61							44.77			40.33	42.45	49.05	48.95			46.49		50.05	47.19	41.74
2177993		43.57	49.21									42.05		45.07	40.19		39.41		35.33	38.02	38.49666667		45.33									36.89	38.96	42.35	45.53			48.19		43.81	39.57			43.11	48.49	53.07	50.21						39.23			36.67	38.355	45.97	45.69					36.83		36.41			49.79							39.37		40.77	53.44								35.09			37.61	45.35				40.91				38.73		150.79	46.69	55.93			41.31		35.55	38.89		43.85	51.51	49.04	50.37								41.73		46.47	41.91		42.15			37.55			40.19							41.41				46.9	47.61		50.13		43.13	44.33			37.51	44.12		53.49	53.71					39.76			40.69													46.55	50.73								41.55	69.77	49.27	49.43											51.79				39.29	39.06				51.33									50.57																						44.17																					39.71	
2177994		38.91	48.19									42.05		46.59			39.41		35.47	34.35	38.25	38.27	45.29									35.77	36.36	42.52	43.85			46.21			37.41			42.01	46.25	48.78	51.71						37.27	37.85		35.97	39.65666667	44.71	44.63					35.93		36.09			46.01							38.43		40.49	44.63	47.15					43.39		34.69				43.22				38.49				36.18		44.25	45.74	53.21			42.39		35.01	37.59666667		42.35	47.75	46.53	47.07								38.69		47.71	44.86		42.29			36.49			38.93							38.95			42.23	44.67	45.69		47.71		43.11	43.47				44.27		53.33	47.75				41.99	38.09			38.71	43.55	47.23	45.21					39.69						50.31									47.15666667	48.17	45.53											51.21				39.15	38.15													49.13																						43.65										42.73		39.95		47.63								
2177995		38.91	48.19									42.05		46.59			39.41		35.47	34.35	38.25	38.27	45.29									35.77	36.36	42.52	43.85			46.21			37.41			42.01	46.25	48.78	51.71						37.27	37.85		35.97	39.65666667	44.71	44.63					35.93		36.09			46.01							38.43		40.49	44.63	47.15					43.39		34.69				43.22				38.49				36.18		44.25	45.74	53.21			42.39		35.01	37.59666667		42.35	47.75	46.53	47.07								38.69		47.71	44.86		42.29			36.49			38.93							38.95			42.23	44.67	45.69		47.71		43.11	43.47				44.27		53.33	47.75				41.99	38.09			38.71	43.55	47.23	45.21					39.69						50.31									47.15666667	48.17	45.53											51.21				39.15	38.15													49.13																						43.65										42.73		39.95		47.63								
2177996		40.37	45.91								33.69	41.97		44.81		43.23	39.45		35.17	34.37	37.49		45.74									37.43	37.65	39.97	42.43		56.15	46.21			38.11			42.73	40.93		53.17						38.61	36.89		35.9	39.04	44.41	43.93					31.59		36.54											40.01	41.27	44.94						47.51		34.39	38.17			43.05				41.71				38.99		44.31	46.51	52.11			42.85		38.61	37.56	39.59	40.64		50.53	45.99								40.61		42.93	43.66		44.93			36.99			38.97	43.41						39.25			40.99	45.62	45.75		50.23		42.99	42.17		38.63		43.11		51.27				44.95	41.99	38.85		37.55	39.03	47.28	46.29	50.51					42.27	40.75				44.87	49.75									48.57	47.11	49.63											50.29				39.75														50.07														50.05								43.23										43.81				46.41								
2177997		43.23										45.51				45.41	41.29		36.65	36.47	39.19	47.19	47.93					45.87				37.45	37.23	41.75	44.71	51.75		48.42		43.13	41.87			43.29	44.11	44.17							42.51		32.47	37.15	37.56	44.97	45.51							38.33											40.91	40.85	43.87								36.95	41.33							43.97				37.8		44.93	47.34	53.07			47.13			39.06		41.54333333		49.51									41.97		45.76	45.16									44.53						43.33			45.69	47.58			53.93		48.91	45.13				44.03	47.91	53.49	60.77			44.95	43.47				39.55	49.82	47.81	53.77					46.99						47.93				43.99						48.19	48.07							45.15				53.47																37.71		51.85												48.09		50.17								43.01										43.81				47.01								
2177998		46.95	53.49														47.21		37.81	35.09	40.49	43.77	46.03					64.73				41.31	37.95		45.47	49.67		50.15		46.91	44.95		44.63	43.77	39.67	44.59							40.79	40.77	32.41		43.33	44.87	44.23							39.37			74.49								38.99	40.47	44.67												47.37								39.81			42.83				49.77		43.01	41.41		41.89											42.15			45.48														43.01	43.33			42.49	48.01			51.67		47.17	47.41			39.93	44.75	47.61	49.55				48.31					40.63	49.57	44.07	52.55					108.67			44.37			49.81				172.27			41.15											39.79	38.89			52.11				44.53												40.63		52.15														55.15	50.63						40.93														44.13									
2177999		54.07	47.75											56.97			47.13		37.91	38.29			43.54									34.07			45.47	53.71		47.67			44.95		44.63	42.89	39.51												43.05	45.19	46.5							38.97											39.07	41.59	44.73	44.99											50.47			49.09					40.21		47.71	43.19	52.83			48.19		41.57			41.32333333											43.09			47.13									45.69						41.87			43.63	48.31			54.81			47.41			39.99	41.61	48.89	51.01	60.43			47.11	46.57				40.75			52.97					107.51			44.41			44.85						36.93	41.15											43.41																				40.71		51.83														54.19																					42.91									
2178000			48.51									41.25					48.83		38.91	42.91			45.13									42.47			45.47	51.85		49.08		44.47	45.01			37.43	39.27	43.49							46.29			46.99	41.91	44.65								37.69											44.35		45.43												47.55				119.47				39.39		93.49	43.25				48.19		42.87			43.39		48.43												48.27					46.95				47.47		52.63				43.15			41.67	49.56			54.81			47.41			40.31	44.99			49.41			47.77					41.63			57.15	47.63				107.43			42.78		43.41	47.41						36.99				49.13	50.79																											208.69		51.93														52.03							41.51	43.09													43.85									
2178001			47.27									41.25	45.35			47.61	48.23		38.71	38.95	39.54		47.23									40.91	41.51		42.21	53.57		47.48		46.71	44.11			42.81	42.87	46.25								41.21	41.59	37.86	40.93	44.79	45.95							38.77			47.55	49.97							43.89	42.95	45.65												43.94			45.93	521.91				40.03		66.81	46.11		49.93		46.71		45.12	39.71		49.61	47.6										67.69												44.87									46.83	49.62		52.85			51.53	46.77			40.15		49.05		50.57			46.13					41.75		49.41	56.45	46.71				45.81	42.17		42.97		44.07	51.57				168.43		38.53				49.59	48.89											55.05											49.51		46.53					50.75														52.03	51.25						42.87	42.63												42.41	43.62									
2178002			46.55									43.99	49.35	44.57		65.43	48.23		37.37	38.25	39.88		44.22333333									39.37	38.33		42.93					44	43.33			42.25	42.55	47.47								42.29	40	37.2	39.96	44.19		47.99						36.59	39.11		49.82	48.95							43.89	39.54							47.27			41.57			41.67			46.81	521.53				37.23		46.99	45.11		49.93		46.71		43.33	38.56		41.21666667	46.35	49.71	47.87								39.95		44.01						44.49		41.63	39.85		51.29	53.13							45.83	49.8	47.73	51.05			51.53	44.61		37.61	40.33		47.49	50.35	51.17			43.53					38.51		46.7	52.39	47.93				46.67			37.81		46.63	49.79					41.03	42.29				48.83	50.53		51.83									52.95			55.97	44.03		45.75	52.31		51.39		52.13			46.49		41.43		50.57			49.65						47.41					51.16333333	51.03						41.99	42.45												40.43	41.85	56.27								
2178003			49.43									43.13	50.45			47.37	47.71						44.30333333									38.65	37.39		42.15			49.37		45.85	41.75	39.61		42.51	42.97	46.77	42.53	48.07						41.63	40.35	37.66	39.09	43.75		45.43						36.19			46.33	49.09					42.89		41.69	39.58							46.83			40.17			42.67			45.97	41.65				37.23					49.95		45.67		41.58	37.12		40.71	47.29		48.17										44.43			49.41					40.97	38.71		47.09								41.95	47.35	47.97	51.43			45.19			36.05	40.15		47.75	49.99	50.33		46.33	43.73	44.83				39.49		48.44	52.61	45.09				45.97					45.63	46.77				44.23	41.03					48.89	48.83		54.83												55.19	43.89							52.39			46.83		41.23		49.37							53.31		46.83					49.51	52.71							43.97												42.09	43.03	48.29								42.97
2178004			49.43									43.13	50.45			47.37	47.71						44.30333333									38.65	37.39		42.15			49.37		45.85	41.75	39.61		42.51	42.97	46.77	42.53	48.07						41.63	40.35	37.66	39.09	43.75		45.43						36.19			46.33	49.09					42.89		41.69	39.58							46.83			40.17			42.67			45.97	41.65				37.23					49.95		45.67		41.58	37.12		40.71	47.29		48.17										44.43			49.41					40.97	38.71		47.09								41.95	47.35	47.97	51.43			45.19			36.05	40.15		47.75	49.99	50.33		46.33	43.73	44.83				39.49		48.44	52.61	45.09				45.97					45.63	46.77				44.23	41.03					48.89	48.83		54.83												55.19	43.89							52.39			46.83		41.23		49.37							53.31		46.83					49.51	52.71							43.97												42.09	43.03	48.29								42.97
2178005			51.21									47.13	49.07				47.77			42.83	40.63	40.77	45.23					46.31				42.25	38.3	41.33				47.99		44.91	43.53			42.51	39.59	45.11								42.01	40.45	38.22	39.33	52.71		46.79						128.51			47.27	50.29							37.37	39.55	47.08						49.35			40.91	38.13				45.63		42.01				38.11							46.87		42.65	38.45		40.81	47.23		48.43	44.55									44.71			46.64							45.99		51.91								50.77					49.77				41.13		49.51	49.59	50.33			44.63					40.83		47.01	50.83	48.39				45.47			41.69							46.15					42.09	48.89	49.21		50.39												43.33	43.57							54.77			44.07				49.98	57.29		51.71				54.37		46.21					48.49	52.39						44.43	42.45													42.37									
2178006			50.65									47.77	49.07	47.73		47.95	52.83			41.19	40.63	37.79	43.83					46.75			41.41	43.13	38.17	41.97	43.95	46.79				45.8	45.65	36.87		43.37	43.33	44.71666667	44.25	51.83						42.55	38.07	36.57	43			43.35						83.41			52.09						45.53			41.92	44.81	47.35									37.35				45.63	47.31					38.11			44.65				49.71		37.55	39.15		42.355			48.26	48.13									42.65			48.71						48.31	43.67										48.09	61.13	50.39			50.45				41.85		50.45	49.59	50.19			45.87		46.07			43.07		48.95	49.45	48.93				45.41		39.67	39.21		46.79					177.17						48.89	50.41		53.45							47.85					44.87	38.31			54.55	52.35											57.47													53.59	56.35						43.79														43.55									
2178007			55.73									47.77	46.47				52.83				41.79		46.93									43.13	39.92	42.03	44.19					45.63	47.61			46.51	43.75	42.79	49.11							44.29	39.45	38.75	42.64			48.33						83.41			75.13								40.39	45.21	44.81	50.81													48.43															75.51	40.63		42.66			48.65	49.27												48.97							48.39		49.85										54.53							97.28			48.85						47.83			42.83		43.57		49.03				46.65			41.47		44.49	48.86				177.05					43.39		52.13									49.69									51.43	62.05								35.71		50.55	53.47					55.69									52.99										51.07									43.53	43.55									
2178008			52.61									47.77	49.41				51.47				42.13											44.03	40.45	41.55	45.83									46.51	45.06	47.45	49.13							44.57	39.85		42.76			52.43						83.41			75.67								39.89	43.82	45.31																						45.33							74.43	39.37		42.45666667			48.84	46.93									44.97			49.27							48.61												58.33							48.25			48.85	52.09								43.61		51.85	52.69	49.87				66.37			41.17			50.13				177.87							52.21								46.65										54.51	71.99								38.67		50.08	58.15											46.97															53.53							42.49	44.39									
2178009			43.81	44.53							41.03	50.95	50.13				55.34			55.53	44.55							66.17				43.09	40.33	40.39	44.3			48.43		45.39				46.51	44.14	46.09								44.11	45.96	39.45	42.92	46.27								52.59			53.59						49.27			44.81	43.93																						46.63			46.95				38.47	40.03		41.49			49.17	47.69									46.27									61.97	48.39																			42.17				52.43	55.23							43.41		65.05	58.89					58.55										64.35																47.89										166.55										51.89	54.89																																		45.89	48.03								
2178010				44.53								48.59	45.89			68.63	54.43				44.31		46.87		47.33			66.17				42.93	39.95		43.59			48.43		44.85			43.11	42.33	54.08333333	48.62		51.07				43.73		45.31	37.93	39.21	42.82			50.79						52.59			87.37									44.29	44.69												49.11											44.65		46.39				73.81			43.20333333			47.49	47.21																					55.89											35.83						41.51		49.31	49.79	52.97			44.91		46.63			43.15								100.51						52.17													58.39												44.29					165.87	50.73		55.15								51.79			52.67										51.65	56.57																				44.79									
2178011			49.17									45.57								41.53	43.31	44.34			45.23							42.71	37.09		42.73						66.65	56.29	42.47	43.33	42.25	48.61	45.57					44.91			37.77	39.04	41.6									36.25			49.57									48.07									41.83		35.93		48.35								39.99			42.57						38.99	40.85		42.445	47.95	50.51	48.81								42.59											48.23			54.17	67.03			68.19			41.53	52.35					49.79			41.23	42.03		48.58	48.27	52.97			44.01		43.99			42.55																																							40.25			43.65		173.45											48.57													50.95	56.25						43.75		96.27											40.43	44.79	51.63								
2178012			45.63									42.25				47.53	51.53		41.71	38.13	39.24	42.18			44.67			68.33				41.97	36.58333333	41.23	43.29	48.73						56.29			41.12	44.41						44.39	44.11		36.87	43.84	41.61		45.95							36.65			74.03								39.63	33.68	49.09		48.64										48.39				44.63				39.99		46.89	45.39		45.49							40.27		46.17	48.85								42.39		46.03									47.33										41.71	52.35									46.59		49.69	49.23	51.91		50.69	43.91		44.41			43.19	51.03										42.17			51.31				45.85					45.95											46.61	47.87				57.05	38.99							171.95				49.87																		50.17					47.77	226.19	41.33	46.93		51.29					50.57				37.39	44.07	45.25								
2178013												43.75									38.71	42.4	48.13666667		45.15							42.21	35.47		42.69	46.97				44.35		56.29			42.66	44.25									38.17	39.29	42.63		46.23							36.65			49.16								39.33	34.6	46.79								43.31				43.81		47.69						39.87		47.97	45.47							37.49		41.31666667			48.33								41.73											49.29																				40.88		49.63	47.43	51.51	52.73				45.03			41.87														51.31				46.83					44.65												49.97				44.45	38.47			42.81				172.21	29.63																												41.83	46.91		51.29										44.07									
2178014												43.31							41.17		38.38	41.51			49.05							43.43	35.98		42.13					44.35					43.19	43.03							43.53			38.87	44.45									36.49	46.51		59.55									27.29		56.49	48.73						41.07				41.85		47.69		45.17						206.83	46.59						112.71			42.95666667			48.58								41.13																						50.75	143.59								60.41		50.51	50.39	50.63								43.83																		46.83				43.97	44.65																					50.33	52.69																															41.73			51.95									40.35	44.41					65.49				
2178015												43.73			54.65					42.33	44.33	42.97	67.33		49.35							43.37	39.34		44.11			51.63				55.09			40.97	44.25		45.35					43.21			36.86	44.17									35.85	47.25		68.37									27.23	42.29		49.19																					47.17						113.51			41.41			47.16								47.75		45.01			42.91						48.23							46.81															103.13	47.89		53.83				82.67			42.85														52.23									44.85																																											45.67			55.71							39.73								53.15						48.93								
2178016																				40.47	42.09		44.23		50.73		47.61	51.21				43.19	37.84	41.07	44.11	50.29						40.05	44.29		62.1	43.79		43.61					42.91			37.84333333	43.43	45.03								35.17	48.91		68.21									41.3			50.07										44.33	48.37	47.17		44.63				40.21		103.11	45.63						114.01			40.43			46.5								41.05	47.25		45.55	55.93	42.91																	49.41	51.97					51.05		48.11	38.81		48.75	48.65			44.91						42.91				50.83										49.05								41.49	47.47				49.19						46.53		56.89					43.29			46.01	47.31								38.27		48.85															55.29							40.93					53.01			51.21						46.09								
2178017			42.97												50.37	66.61	50.27			37.25	41.08		43.94		46.63			56.29				41.11	34.48		42.96	47.75				42.83	46.51				40.78	41.91		41.15				44.49	40.35			38.59	40.25	44.75													51.37						37.83	38.19			46.77								36.07		40.89					39.29					45.27	43.95				46.29		113.81			39.56333333			48.79								38.17	40.59		44.51		46.39						42.97			55.57								49.41	58.39							40.77	38.75		45.67	46.49			44.07	42.45					41.33				47.89	55.53			45.29			37.41			48.23													41.45						40.86							36.81			44.11									36.31			51.65													53.63	51.33							39.49					50.51			50.71	44.53										47.45			
2178018															50.37		49.01		39.35	37.19	40.84		45.34		47.69		43.97	65.93				40.79	34.98		40.87	48.41	45.41	51.73		43.72	47.27				40.43		54.73					45.35	39.97		34.39	36.86333333	41.99	44.75											47.33		56.23			41.87			40.11	38.69			50.07								39.96			49.21							39.11		45.45	43.89		45.91		46.29		40.71			41.33666667			47.03									41.43	45.47	43.09	55.93	43.75									55.49			44.11	42.29				50.69	50.45					46.41		42.25	39.79		45.51	44.77			43.93	42.45					40.93				45.15	45.85			97.25						44.19										47.67			41.45						43.67					47.63		36.59			44.77		49.44							34.33			51.15			48.15										55.25	52.17							40.95	44.89				53.01				46.19													
2178019			43.47												53.25		53.59		41.39		42.01	40.83	42.84		46.71			48.51				37.57	34.62	39.29	40.87	48.69	46.03	52.47	48.45		50.13				42.65	43.08							41.09			30.4	42.77												46.83		55.57			41.79			39.75	39.74			44.19								39.44		43.83	47.95				40.01					46.41	41.91		45.91		47.11		114.51			38.09		48.73	115.19								40.67			48.75											53.87			40.53	42.41			40.71	48.25	53.05								39.17		44.25	45.48						119.25			40.87				50.23				45.53						47.49													42.81					42.87							43.49	36.13					50.29							38.53			51.78													53.63	52.41					45.01		39.05					52.35				46.27					42.85					47.45			
2178020			45.63														54.07		42.03				43.95		48.95							43.05	33.13		41.05		48.15	54.41	48.23					42.29	44.23	45.45	45.41						42.15				44.05	40.85																41.89			40.83		41.75		47.57								54.2		45.35										47.87	42.39						114.75		39.15	38.8		49.49	49.69																					73.11								41.33	73.51									40.09		48.03	46.61									41.61								58.39						50.51																			40.81							38.71				48.99								38.59																218.65	54.58							40.77	44.97				53.33				46.27													
2178021			46.57										49.79		53.57				42.09			41.37	43.89									31.15	31.91		39.09		48.79	51.41	49.25		42.83			40.03	38.28								40.67			35.75	40.91	38.27																														42.15			44.17	51.05									41.45	47.07						42.77			40.97		43.36	50.61									38.47		48.67										54.45								81.77	73.51									37.45	38.27		42.65									41.03				42.85																													38.91							36.63		43.19		51.29								37.41																54.08	55.97					47.71		39.33									47.67	40.57												
2178022			47.41										52.11						42.15			40.03	46.57									43.45	35.33		42.73			53.47							44.21									43.31			43.17																	41.47				41.69	43.67		48.67										46.57	51.15			45.97						43.97	43.71						43.61			42.07		50.29	44.29									40.33												54.95									73.87	106.61		51.53						40.37		42.77	48.67						77.95			42.31																																	38.91							38.31												39.21																	55.36							40.29										44.33			41.63									
2178023			43.81										49.31		55.61				42.93				44.93									42.11	38.19	42.95	42.73		43.41	37.57			44.67				38.5	44.33										38.71	42.19																	40.61				35.75	45.53		46.8								84.63		46.57										45.65	42.53		38.27				115.31	37.29		41.05		49.01	49.17									37.81		49.99								43.93		54.49					46.65				46.71	105.99								37.09	40.35	47.23	47.23									42.35																																	41.86							41.01		42.59										38.37											47.35					55.53	53.76							39.52333333	47.55		49.89						45.15	39.31			38.53									
2178024		58.31	43.93										51.79	46.83	52.75				41.29			39.49	44.01		44.77			56.51				42.11	38.26	41.47	39.05			37.57			47.61	51.53		33.33	37.9	41.54							38.79			38.29	41.61														64.11							35.47	46.65										36.73										27.95		47.11	41.41		52.43				115.55	40.46		41.45		44.95	47.47									47.89		48.33								43.38		52.71										36.35	53.63							35.09		45.33		48.65			43.07					39.73	46.51						47.47																41.77										46.49							39.13		41.37		50.49								34.93						49.83					48.13					46.21	53.25					45.95		39.79					52.85				44.99	39.83			38.29									
2178025			44.73										49.67		55.03								45.43		47.95							43.05	36.57		42.14	50.29					47.07			39.71	36.95	46.65							45.57			39.81	39.38										23.69							43.73			41.87	35.23	42.41		47.43								37.22					119.13							168.87	48.73						116.25	34.25		40.31666667	44.09	46.45	49.39									50.69		50.43										54.55										67.41								38.95		47.25										42.43								96.05			43.91											45.61											47.31							42.31			42.21		51.51							37.33			54.83			51.98										55.31	55.51												51.83				46.69				40.31									
2178026			48.53										43.05	48.63	49.27						38.97	41.39	45.75	44.41				53.75				39.79	36.71	37.81	40.87			43.45			39.87			35.03			47.83					42.85	40.25			37.71	40.42										38.47		44.79		54.55			38.19	43.87		39.75	35.17			48.03							90.45	36.20333333		48.17			49.81					35.97		49.41	51.19		52.45				38.81	38.6		41.03666667		48.27	48.73									45.05		47.73	50.27	45.71						36.99		51.83						42.19				50.77	53.19			45.53	50.81		40.45	37.23	41.71	45.73					42.21					43.03	41.41		49.55				46.35	383.29			40.91		47.69									43.02											43.41				45.07			34.13			41.47									37.71			56.09			51.12				39.95	45.01		43.35				52.79						43.81	42.63		42.45			50.95				46.69	38.25			39.59	44.11						42.39		
2178027			45.41										48.23		53.79				41.85			42.87	45.55									42.75	39.69	40.11	42.12						39.87									159.17			44.45			38.4	40.95												45.69	51.51				39.77			42.25	39.13			48.03								52.79666667		48.17								35.97		51.35	50.75		124.67				40.79	42.54		42.025		46.15										50.25		51.33										53.19		46.49			40.15					47.19	55.01							40.97		49.15	46.29	50.21								43.03			50.11					97.21			43.67				52.17							45.78											46.25						45.09	34.87			47.91		52.61							36.21						52.37				46.57			45.49				52.79							45.61		42.67			52.21				46.69	43.33			40.61							49.81		
2178028			48.63										48.53		51.71		50.51				40.25		41.95	50.47			46.63					42.33	37.24	40.86333333	43.71					42.89		41.21		38.75			45.55		51.01				43.57			38.47			46.11	47.15					46.07		41.31		49.01		52.03			42.63	40.93			37.62			50.53								36.02		42.87			94.23					35.47		48.65	50.93		51.97				40.33	53.65		42.08333333		48.65	50.93								40.91	47.95		51.77								45.55		50.3	45.85				42.02			46.37		57.12	52.93			45.53	49.47		35.75	37.63	41.53	48.63										40.63	42.61		50.79					42.73			41.55		47.57						37.93			45.81						50.01	46.31				44.49							33.75		36.87										39.21			53.23			49.91				44.49	47.47				51.05		51.51							43.91		43.39			51.93				46.03	42.27			39.61	39.81								
2178029			51.77									40.87	47.29	44.61	50.31		46.67		38.29	33.66	37.73	39.53	44.25				43.53					41.05		38.52	43.55				43.95	42.11				38.01	38.53	42.37	43.51		51.01				43.57			36.49			43.45	45.31					45.01		40.53		47.33		55.93				40.93		34.67	36.24333333			48.73								35.9		42.02				43.03				28.49		46.93	50.27		48.29		41.93		37.69	35.57		41.01	48.27		50.05								39.87		47.53	49.79		47.51						41.72		52.39	45.63				39.15	36.83		44.25		150.31	50.15			42.87	48.11		38.95	37.33	42.11	48.11	51.5				43.57					40.09		47.45	49.09				45.21	41.13			39.39		46.27						37.93			44.52					47.11	50.01					44.57		49.73					38.17		41.65											38.63		53.01			48.36				43.57	47.45						50.55			41.67			40.67	42.55		44.79			47.25				45.35	43.73			39.73									
2178030														48.51	56.09		48.23		41.62	38	39.19		44.15	47.13	48.06		47.43	52.51				40.97	35.07	40.53	49.72				46.77					36.17	30.37	44.19			50.75				42.89		33.01	37.61			44.79	45.33					45.01		39.36		50.51					37.19	41.69		38.61	39.35666667			50.83					50.89		38.69	39.96333333		42.06				43.33				28.69		43.04	48.59		50.52				36.63	42.07		40.99	48.93		50.33								41.81	37.03		52.23		47.51						42.09		49.24	44.87			40.65	42.52			42.69	49.53	150.93	51.53			43.85	48.59		40.19	38.83		44.14	52.55				43.61					39.55	46.95	49.43	50.75				49.49	47.35			40.81		47.9					44.05				42.61						48.93					27.45		52.35					37.63	39.55				49.65							36.87	40.19		52.93			49.19				43.05	46.49		44.53			52.59	48.73			45.01			41.53	44.53		43.83			51.65				47.69	40.97			39.77	42.73			45.97					
2178031		59.31	49.89	52.07									48.58	48.25	56.71	45.57	44.87		37.79	38.04	37.96		42.43				42.43					38.43	36.40333333	39.39	47.11				46.57					36.41		42.99666667	44.09	45.19					42.75		35.81	37.69		43.29	44.95	44.45					44.05	39.05	37.34		48.26					36.19			37.41	37.43										39.51	37.8		41.23			48.47	42.81				28.33	29.43		44.54		46.64333333		42.15		34.73	35.92		39.28	43.69	50.03	49.21								38.63		44.39	50.89								43.79	45.82	50.07	42.67			36.73	40.78	34.95	38.87	41.27	46.81	51.34			51.83		45.09		38.73	37.45	42.29	45.55	155.49				43.41					38.81	42.13	45.71	49.06				45.78	42.7			37.45	38.01	42.79	48.75	51.05			42.47				44.38		46.43	52.89			48.93		57.91		39.31	44.47	46.63	47.93				45.15	36.65		38.27	43.61								37.89	35.73	40.27	44.09	49.37							43.85	42.47		41.17			51.04	47.75						45.71	44.65		43.74	50.77		51.65				41.99	42.08		35.79	39.78	43.36333333			46.33					
2178032													46.67		58.37		50.21		42.28	40.02	39.98		44.61	48.23	49.75			49.23				41.01	36.76333333	40.08					46.57					37.56	39.21	44.58	46.27		42.11						36.95	38.75	40.05	43.63	45.43	47.77							39.96		49.64	216.03	49.09			37.61			38.01	40.51		47.55	47.32							64.41	84.25		42.23								29.21	34.31	42.7	46.95		49.42333333				37.75	42.29		41.38	45.95	50.03	52.09								40.77	49.63		54.31								44.25	48.06	48.97666667	45.21			39.47	44.3			41.01	48.45	121.83			52.43		47.15			39.33	43.93	45.45		50.83								39.19	45.21	49.09	53.95								40.68		47.33	52.19	50.75			44.01				43.58333333	43.95	55.43	55.81		48.33	48.93		58.43			44.49	45.63	51.33				46.81	38.29	39.13				50.63							35.17	40.55		53.17		56.69	49.45				44.55						51.99666667	51.31						42.91	47.73	44.87	47.01		52.47	53.21				46.33	46.71		42.25	42.23	44.82333333								
2178033		40.17	47.05	43.23									47.73		54.75		41.55		39.67	37.99	40.87	35.47	42.29	46.83	48.89		44.69	49.23			37.87	38.51	35.24333333	40.69	43.97	47.99	49.71		45.15	43.61	40.33			38.99		42.19666667			39.19							37.59	38.07	42.63		46.09						42.89	39.99	47.11	47.3	49.57	48.11			37.61	37.55		39.18	40.49	41.49	48.73	47.73					45.73		39.46	38.99		44.46			48.83	43.35				28.41	33.43	41.87	45.74		47.66333333		42.75		35.85	40.67		39.49	46.17	49.43	48.97								41.49	47.68		52.13		44.03						43.49	46.98	48.47	45.21			45.19	41.81	41.05	39.07	40.17	45.02	49.47			49.73		45.89	39.83		37.92	43.73	46.06		49.89			43.35					38.29	48.27	48.79	51.07				45.51	44.27		40.39	41.89		44.73	51.11				42.63	40.8			46.82	37.49					46.07		47.39				46.59	50.92				43.49		39.01		46.09									38.05	38.78	44.15	51.81			49.21				43.85			40.07	46.19		50.21	47.43						45.25	46.55		47.01		49.67	50.63				46.33	49.91		41.73	40.63	44.59			47.59					42.93
2178034		46.03	46.99	41.41			43.93					41.95	42.11	45.34	48.69		41.41		39.06	38.01	39.33	38.53	41.03	44.75	48.75		42.49	47.29			37.53	37.75	35.46333333		43.69666667				44.01	40.93	40.99			39.55		43.69		46.09	37.05				42.21			37.9	37.55	41.33		46.85	48.05				42.67	35.89	40.33	47.55	47.97	49.19	44.39			38.41	44.63666667		41.85	41.65666667	44.11	49.01	49.11666667					44.33		37.5	37.21		43.39	51.31		43.95					28.43		41.23	45.26		47.29666667		42.15		35.85	39.27		40.39	45.47	51.35	47.82							36.63		45.65	49.15	52.63	45.09	43.73						42.97	45.93	47.24333333	43.27			45.49	40.44		40.45	39.77	46.37	45.93	50.29		47.27		44.93	40.51				45.87		50.13			48.09					39.12	46.75	47.37	52.01	51.57			46.01	43.54	43.51	40.91	42.69		44.75	49.77		55.07		42.97	41.65			40.57	38.65	45.87	53.29		43.49	48.01		45.55		39.63	36.21	47.55	49.61				42.14	38.45	39.54		46.71								40.09		42.21				52.05	48.97					39.85		40.13	45.79		49.47	48.63			42.73			42.91	46.45		47.97		53.05	48.13				46.87	43.91		37.81	40.29	43.29			46.35			47.35		43.03
2178035			45.41	40.07			43.67					47.65	42.64	47.52	50.44		42.57		42.75	38.75	39.17	38.75	42.27		48.56		42.49	44.33			38.27	39.07	34.65	39.11	44.2			45.33	44.53	43.25	40.29		37.65	40.53	40.93	43.63			42.83				42.71			30.62	38.01	38.45	44.39	46.93	46.79				39.13	38.71	41.05	47.99	45.53	48.83				40.17	47.04		36.78	44.06	40.89	49.17	49.36333333							39.13	35.91		40.33								30.71		39.19	44.04		47.26333333		44.03		37.73	38.85		40.41	45.68	48.14	47.97							36.17	41.25		49.29	49.63	48.43	43.31						43.09	45.97	46.36333333				42.93	40.24333333		41.06	42.66	44.61	45.97					44.93	41.05		37.79	42.15	46.82	49.49	49.25			51.15					39.61	46.71	47.03	51.41				45.27	41.79	44.19	40.71			44.05	50.41			45.25	41.53	43.27			42.64	40.31	46.61	52.55		40.99	49.11					36.19		48.99				43.24	38.25	38.67				50.51						40.09		41.5	45.95			56.03	49.09					39.01		41.59	46.51		50.61666667	48.68			46.31			44.65	43.15		48.97	53.81	52.27					45.41	45.34			41.19	44.55						47.09	46.75	43.31
2178036			45.41	40.07			43.67					47.65	42.64	47.52	50.44		42.57		42.75	38.75	39.17	38.75	42.27		48.56		42.49	44.33			38.27	39.07	34.65	39.11	44.2			45.33	44.53	43.25	40.29		37.65	40.53	40.93	43.63			42.83				42.71			30.62	38.01	38.45	44.39	46.93	46.79				39.13	38.71	41.05	47.99	45.53	48.83				40.17	47.04		36.78	44.06	40.89	49.17	49.36333333							39.13	35.91		40.33								30.71		39.19	44.04		47.26333333		44.03		37.73	38.85		40.41	45.68	48.14	47.97							36.17	41.25		49.29	49.63	48.43	43.31						43.09	45.97	46.36333333				42.93	40.24333333		41.06	42.66	44.61	45.97					44.93	41.05		37.79	42.15	46.82	49.49	49.25			51.15					39.61	46.71	47.03	51.41				45.27	41.79	44.19	40.71			44.05	50.41			45.25	41.53	43.27			42.64	40.31	46.61	52.55		40.99	49.11					36.19		48.99				43.24	38.25	38.67				50.51						40.09		41.5	45.95			56.03	49.09					39.01		41.59	46.51		50.61666667	48.68			46.31			44.65	43.15		48.97	53.81	52.27					45.41	45.34			41.19	44.55						47.09	46.75	43.31
2178037		52.23	50.39				46.13						46.21	49.6	50.45666667		45.79		48.39	39.71	39.04	40.85	42.35	44.09	50.28		48.11	45.84			39.55		34.97	40.70333333	45.76	46.71			46.75	42.53	44.07		38.33	40.57	40.66	43.96333333	47.68	47.67	47.39			47.07	43.31			38.88	39.05	46.35	46.31	48.87	47.37					41.05	41.36	46.35	50.03	50.93				38.27			35.37	42.74	43.33	49.23	72.52					49.87		39.7	38.64333333		45.68	48.29		50.03					31.59		46.43	46.73	47.39	49.05		44.49		36.09	52.03		41.845	49.15	49.2	49.11							38.69	43.31	44.25	66.35		53.85	44.77					39.09		46.13	46.99				47.03	43.2	43.17	42.73	41.33	46.33	47.35	50.17		53.87			44.19		41.41	43.63	47.59		181.39								41.95		50.54	61.83		48.05		48.81	44.47	44.27	41.89	39.83		45.95	50.79				43.81	117.37			42.73	41.33	54.95	54.71		43.09	51.41		126.49		43.23	45.21	54.09	50.73				53.11		39.69		46.35														55.57					107.72	62.35			47.11		52.14	52.65			46.31		47.91	48.15			49.73		54.27	49.75				48.55	43.49			41.39						51.87	47.85	48.73	53.57
2178038		51.15	51.48333333										46.3		51.24333333		74.43		49.67	40.14	38.48	41.63	41.77	44.8	46.57		51.65				40.11		36.11	42.35	56.34	47.07			43.55	46.13	44.33			41.05	40.05	44.95	48.55	46.45	48.11				42.72		38.47	37.15	40.36333333	44.99666667		48.73	50.29					100.37	41.37666667	47.25	47.66333333	70.13					49.65		38.44	49.07	44.18333333	49.15	62.57					52.41		39.75	38.92		46.63	47.71	45.51	51.03							46.77	48.68		49.65		44.49		36.59	43.65		43.03	49.55	50.25	49.91666667					52.89		37.87	43.59	48.27	67.53	52.11	52.43						39.77	44.87	47.69	47.41				43.12	42.79	42.99	42.53	42.31	46.67	58.73	50.35		53.87			42.89		41.47		47.89							43.79			41.99	45.97	48.56	51.1				52.13	44.05	43.61				45.71				51.01	46.05	129.53			40.74	46.02	55.61	55.41		42.83	51.41		150.31	40.71		45.01	67.45	51.55				52.83		59.8											36.65	42.33													48.49		52.64	53.83					48.21	44.73	60.35		51.13			49.63				48.33				42.07							48.27	67.45	53.95
2178039		50.05	53.73							41.69			47.69	59.95	52.19		46.03		113.84	40.63	38.2	44.17	44.95	46.26	47.58		51.65				39.57	40.97	38.13	42.73666667	80.8	47.69	50.29	48.41	47.15	45.13	44.93			56.83	43.08	44.83	49.47666667	49.07	44.79				46.31		37.53	37.91	41.08	46.90333333	46.73	50.03	51.11					39.04	40.64	47.42	49.51	70.52333333					42.33		34.01	49.4	45.65666667	49.69	89.08					49.97		40.05	43.38333333		46.13	48.31	45.51	49.73		54.19				38.41	46.3	47.91		51.48	70.09	46.29		46.87			43.07	46.47	50.15	48.88							40.26	44.91	47.75	67.33	51.91	54.49				47.37		42.47	43.97	177.76	49.87				46.47	43.90333333		42.93	41.53		59.35	49.73		52.67			42.71	47.09	40.93	45.33	46.48	53.35	70.19					46.53			41.45	47.67	47.7	51.22		50.99		49.23	41.97	44.81		109.13		46.7			55.57	51.65	45.85	43.89	38.37		41.2	46.21	55.61			47.83	49.73		107.86	41.09		45.65	74.73	52.13						56.45		46.77							45.73		37.67			51.69							46.93	45.45					52.65	48.85	66.13				51.53	44.29	61.07		49.09			51.49				47.85	49.47		45.13	42.07						53.69			53.73
2178040		49.59	54.31								41.97		47.63	61.57	53.09				49.47	40.61	38.73	43.6	42.25	47.33	50.01		49.33			59.81	39.57	40.99	39.13	41.765	81.74	47.93	50.53			47.27	44.93		40.93	43.25	42.69	44.97	48.22	49.89	45.95				44.35			35.03	41.07666667	46.18	45.83	49.17	47.15					38.77	40.98333333	47.86333333	49.89666667	51.55								46.42333333	43.75	50.05	52.8					49.99		56.64	40.50333333		47.14	52.68	44.43							37.59	45.49	48.28333333	49.05	49.72					43.72333333	43.99	49.49666667	47.84	49.97	50.01							40.21	44.11	47.1	67.43	51.93	52.77				216.47		41.39	41.59	49.62	49.75666667				48.79	43.00333333	108.53	43.29	41.93	48.09	77.04	52.87				45.93	42.76		40.67		47.25	52.91	51.41			132.05					39.53	46.79	50.65	50.88		49.79			46.99	45.73			40.77				54.83		45.67	44.01	44.27		41.14	46.39666667	55.61			46.91	50.29						55.93	51.63				44.57				48.13									37.85		51.79	51.67												53.27	51.73666667	49.53			47.87		48.18		185.69		51.07	54.83					47.17	47.85	51.43		46.73	44.08	47.66						47.53	49.25	44.18
2178041		49.59	54.31								41.97		47.63	61.57	53.09				49.47	40.61	38.73	43.6	42.25	47.33	50.01		49.33			59.81	39.57	40.99	39.13	41.765	81.74	47.93	50.53			47.27	44.93		40.93	43.25	42.69	44.97	48.22	49.89	45.95				44.35			35.03	41.07666667	46.18	45.83	49.17	47.15					38.77	40.98333333	47.86333333	49.89666667	51.55								46.42333333	43.75	50.05	52.8					49.99		56.64	40.50333333		47.14	52.68	44.43							37.59	45.49	48.28333333	49.05	49.72					43.72333333	43.99	49.49666667	47.84	49.97	50.01							40.21	44.11	47.1	67.43	51.93	52.77				216.47		41.39	41.59	49.62	49.75666667				48.79	43.00333333	108.53	43.29	41.93	48.09	77.04	52.87				45.93	42.76		40.67		47.25	52.91	51.41			132.05					39.53	46.79	50.65	50.88		49.79			46.99	45.73			40.77				54.83		45.67	44.01	44.27		41.14	46.39666667	55.61			46.91	50.29						55.93	51.63				44.57				48.13									37.85		51.79	51.67												53.27	51.73666667	49.53			47.87		48.18		185.69		51.07	54.83					47.17	47.85	51.43		46.73	44.08	47.66						47.53	49.25	44.18
2178042		51.15	54.32333333								38.59		48.77	61.53	47.45				44.08	41.14	38.86	42.44333333	44.86	47.06	48.92		48.33				39.81	41.21	38.33	42.21	44.05	47.51	49.69		46.21	47.11	46.49			39.03	40.55	45.13	49.18	49.89					44.51			40.08333333	40.83666667	46.29	45.03	48.77	49.97					39.13	41.72333333	47.62333333	51.77	51.53666667								41.17		57.65	51.85		67.77					41.03	40.79		47.05	48.64							38.45	36.01	46.76	46.6	48.57	49.93		44.37		45.69		43.99	44.92333333	47.29	50.3	49.51							40.17	48.17666667	46.75	124.39	51.97	52.69						41.61	43.12	48.97	49.97666667				47.59	43.15		41.19		47.97						45.65	41.34		40.25	46.11	45.80333333	52.99	51.35					46.25		41.89	40.62	46.29	51.22			51.43				45.63		50.45	41.37			50.91	53.53		45.47	42.65	43.33	36.97	43.43666667	47.47		52.45		47.25	49.53					44.91	61.25							40.78		48.23		46.47						42.75	36.85			53.04								112.71				53.15	50.78333333						48.07	45.63	96.45		49.54	54.01					49.23		53.87		45.47	44.13	47.9							49.19	71.54
2178043		49.69	52.86333333								39.14		46.34	60.19	49.86333333				41.86	39.95	40.01	41.88	44.61	46.85	49.37		45.27				39.17	40.87	37.57	42.96	43.39	48.33			46.23		46.25	43.07		35.58	41.02	44.87	49.33						43.93		40.61	39.52333333	41.01	45.78333333		49.75	50.23				42.81	40.56	42.11	46.73	51.37	50.72333333					41.51			43.52		50.25	64.21						47.97	40.51	41.07		46.61	46.89							38.75		44.94	46.15666667	48.83	49.71		45.25		45.39	40.67	43.27	44.65	47.77	50	49.82							38.99	44.77	46.38		51.39	47.59						41.99	42.11	48.91	48.09666667				44.59	42.2				47.13			52.61				43.83		39.37		55.56333333	53.69	50.79					47.37		41.91	40.63	47.53	49.29	51.13		53.17			43.27	44.79		41.51	40.91			51.29	53.95		44.57	41.81	43.33		45.46	47.34333333	51.94				49.53			36.27		44.75	47.46	52.07				46.27	43.07	40.78		46.85		47.43						44.83	40.99	40.43	50.81	52.225					59.27		42.31					55.24	50.6		61.21				48.71	43.91	97.56		48.87	53.13					48.85	47.39	51.59		45.47	44.27	48.15	47.61			49.09			65.15	69.68
2178044		50.56	52.99								36.47		48.71	51.13	50.23				44.93	40.2	40.29	42.63	45.05	47.17	50.66		47.43				40.15	40.52	38.04	43.325	42.45	49.37	50.57				45.19	45.27		41.05	41.04	45.13	49.75					43.47	44.15			39.15	40.30333333	46.01		50.31					42.81	39.25	41.85666667	47.14333333	50.19666667	53.31					43.01			49.42	46.44	50.09	51.24							40.59			46.51	129.85									43.45666667	45.43666667	47.97	43.51		45.25			40.11	56.47	44.94	47.71	50.91	49.27							39.51	43.89	44.23	45.25	51.63							42.93	42.21	47.38	49.97				53.45	42.77		40.49	42.49		83.79	53.51					43.83		39.18	44.15	45.01	52.58	49.93							40.54	41.89	46.61	49.77	47.49						45.45		40.23				51.75	53.61		65.09	42.55		32.25	44.83	47.07666667	49.87				47.01					45.13	46.99	52.79			48.47	44.03						45.91						44.83	44.21	42.26		53.17666667									50.83		48.49	54.73	51.13						48.33	46.31	57.01		49.89	52.87									43.51	44.42	47.93	51.37			49.37		48.35	66.55	69.92
2178045		46.98333333	51.03666667								39.11	43.53	44.91	49.4	49.46333333			45.33	41.89	35.42	38.90333333	40.77	43.25	46.89	49.29						39.27	39.25	38.41	41.15	44.59	47.83	50.62				40.29	42.57		40	41.52	43.79	48.75						34.73		36.73	36.86333333	40.58	43.98		46.95						37.74	39.45	45.51	45.8	49.86333333								42.77	44.02333333	48.55	51.87							38.67	38.55		44.28	128.81		45.49							43.77666667	46.35	47.37	44.86		43.55		43.13	38.86		42.19666667	46.37	49.95	49.07					48.49		37.28	41.45	43.11	45.11	48.79							40.55	41.2	46.19	49.45				42.89	40.31	39.87	38.81			70.58		55.11				42.61		36.99	42.05666667	44.94	50.35	48.85			47.39		44.99		39.42	40.09	46.95	47.63666667	49.97		48.13			46.67	43.31		39.87				50.25			42.65	42.55	40.73		42.24	45.37666667	48.65			44.19	47.01		41.29			43.43	45.56333333	49.41			45.79		40.19			48.89		45.71						40.3		38.27		51.37666667			50.93				55.47	45.87	47.51		47.87	56.45	50.17				45.87		50.01	41.47	46.59		48.61							44.77			40.33	42.45	49.05	48.95			46.49		50.05	47.19	41.74
2178046		46.98333333	51.03666667								39.11	43.53	44.91	49.4	49.46333333			45.33	41.89	35.42	38.90333333	40.77	43.25	46.89	49.29						39.27	39.25	38.41	41.15	44.59	47.83	50.62				40.29	42.57		40	41.52	43.79	48.75						34.73		36.73	36.86333333	40.58	43.98		46.95						37.74	39.45	45.51	45.8	49.86333333								42.77	44.02333333	48.55	51.87							38.67	38.55		44.28	128.81		45.49							43.77666667	46.35	47.37	44.86		43.55		43.13	38.86		42.19666667	46.37	49.95	49.07					48.49		37.28	41.45	43.11	45.11	48.79							40.55	41.2	46.19	49.45				42.89	40.31	39.87	38.81			70.58		55.11				42.61		36.99	42.05666667	44.94	50.35	48.85			47.39		44.99		39.42	40.09	46.95	47.63666667	49.97		48.13			46.67	43.31		39.87				50.25			42.65	42.55	40.73		42.24	45.37666667	48.65			44.19	47.01		41.29			43.43	45.56333333	49.41			45.79		40.19			48.89		45.71						40.3		38.27		51.37666667			50.93				55.47	45.87	47.51		47.87	56.45	50.17				45.87		50.01	41.47	46.59		48.61							44.77			40.33	42.45	49.05	48.95			46.49		50.05	47.19	41.74
2178047		45.55666667	50.88				39.87				36.19	39.19	44.67	48.23	48.24			41.83	34.93	34.92	36.98333333	37.25666667	43.92333333	46.97	48.33						34.59		36.18	39.71666667	42.93	47.97	49.81				38.89	40.49		36.28	38.07	44.97	47.57					40.47	36.81		34.83	36.99	40.05	44.11		47.01			37.59			35.49	37.67666667	43.50333333	44.76	48.68					35.97		36.07	39.78	42.70333333	48.83			37.37					36.05	36.75		44.12	117.46		43.33	42.71	44.59					43.81666667	42.76	45.27	40.59		37.61		36.75	38.38	39.67	39.83	46.21	48.48	46.89					44.35		36.16	40.61	42.92		44.77					41.35		36.23	40.31	45.72	48.42333333				42.56333333	41.07	39.33	39.41	41.72		51.29	48.33	48.37	32.91			37.97		36.41	41.91	46.02333333	49.74333333	46.95			44.21		39.75		36.69666667	39.25		47.48	46.62		45.57		41.95	46.67	41.45	37.54	38.35	37.89			48.65		44.49	40.25	39.85	36.95	36.16	40.65	44.24333333	46.73			40.93			39.15666667		36.41	43.09	44.39666667	49.13	49.85	46.63	45.79	42.61	39.68	35.53		48.21	46.27	45.65	40.13					38.55	37.89	40.71		51.44	47.99	44.23			49.93		40.77	42.07	41.99		45.91	50.19	48.51				44.03		45.39	40.11	39.54333333		47.35						43.99	42.51			37.49	39.65	46.79	49.65		42.17			42.53	43.59	38.89
2178048		48.85	48.83	45.67					36.41		35.27	45.09	47.89	48.23	50.49	34.73		41.81	37.73	38.39	37.94333333	38.17	43.97666667	47.34	50.28									42.095	42.67	48.85					37.79			39.17	41.89	46.33	59.83			41.09		42.56	40.55		36.75	37.31	40.78	43.59	44.85	48.95			40.27			38.73	38.83	63.1	45.86	50.87								40.97	44.44333333	50.31	48.59		42.75					37.59	40.05		45.15666667	130.79			42.17	48.37	45.71				42.085	46.46	47.99	47.15		44.73		39.82	44.65	39.59	41.65		50.09						44.35		37.3	41.03	44.8		44.77					44.37	36.89		40.62	46.15	47.39		42.25		41.66		40.06		42.34		51.11						40.07		38.47	42.73	54.29666667	49.57	47.79			44.97		46.43			39.66			45.89		49.68			42.49	43.33	39.36			45.13					42.95	40.19	38.49	33.91	40.41666667	44.96	48.61			44.99			39.77			43.31	45.49	49.99			44.29	41.68	40.53			46.61	46.79							38.82	37.09		46.49	50.51			47.43		51.17			135.19	48.17		46.65	52.19	53.33				44.21		45.07	40.43	41.09	44.31	47.34	48.17									40.07	39.65		49.65		44.95				46.97	40.44333333
2179523		47	49.87								37.74				39.69	43.39	41.03		36.33	38.33	37.91666667		45.11									37.41	38.09	43.09	45.53	47.69	55.77	47.09		43.47	39.83			42.01	48.49	47.77	48.67						40.35			37	38.88	45.29	45.29							36.58			47.29							39.73	38.87	41.33	56.33								34.89			39.11	45.88				40.93				38.73		46.79	46.26	55.93			41.31			37.69		43.16	43.99	49.61									41.35		45.39	41.91		45.71			37.55			40.57						42.21	40.27				46.49					44.23	43.47			37.53	44.96		52.93	51.01				41.83	40.1			40.71		48.05												52.07								27.17	47.51	48.89	48.49									46.05		49.07					39.13				50.25									50.01																																												
2179524		38.73	47.31									41.89		47.01	39.93	43.03	39.17		36.11	32.97	38.32		45.09									37.13	37.24	41.81	45.51	48.29	54.35	45.85		41.95	37.65			42.01	46.25	47.75							38.13	36.89		37.07	39.73	45.53	45.51					35.19		36.09			47.77							38.43		39.89	44.97	46.65					46.93		34.79				43.8			45.63	41.61				38.85		45.13	47.09	54.39			43.21		34.75	37.99666667		42.28		48.87	47.39								39.77		47.71	44.3		42.29			44.26			38.93						43.11	40.05			41.99	44.52	45.93		50.35		43.11	43.47			37.09	44.37										38.41	39.27	45.6	47.33	46.93					42.49						51.87									46.90333333	47.95												50.29				39.23	38.15				51.09						37.27			49.05												47.99										43.23										43.15												
2179525		38.73	47.31									41.89		47.01	39.93	43.03	39.17		36.11	32.97	38.32		45.09									37.13	37.24	41.81	45.51	48.29	54.35	45.85		41.95	37.65			42.01	46.25	47.75							38.13	36.89		37.07	39.73	45.53	45.51					35.19		36.09			47.77							38.43		39.89	44.97	46.65					46.93		34.79				43.8			45.63	41.61				38.85		45.13	47.09	54.39			43.21		34.75	37.99666667		42.28		48.87	47.39								39.77		47.71	44.3		42.29			44.26			38.93						43.11	40.05			41.99	44.52	45.93		50.35		43.11	43.47			37.09	44.37										38.41	39.27	45.6	47.33	46.93					42.49						51.87									46.90333333	47.95												50.29				39.23	38.15				51.09						37.27			49.05												47.99										43.23										43.15												
2179526		40.37	45.91								33.69	41.97		44.81		43.23	39.45		35.17	34.37	37.49		45.74									37.43	37.65	39.97	42.43		56.15	46.21			38.11			42.73	40.93		53.17						38.61	36.89		35.9	39.04	44.41	43.93					31.59		36.54											40.01	41.27	44.94						47.51		34.39	38.17			43.05				41.71				38.99		44.31	46.51	52.11			42.85		38.61	37.56	39.59	40.64		50.53	45.99								40.61		42.93	43.66		44.93			36.99			38.97	43.41						39.25			40.99	45.62	45.75		50.23		42.99	42.17		38.63		43.11		51.27				44.95	41.99	38.85		37.55	39.03	47.28	46.29	50.51					42.27	40.75				44.87	49.75									48.57	47.11	49.63											50.29				39.75														50.07														50.05								43.23										43.81				46.41								
2179527		44.27										44.51				43.73	41.81			36.51	39.19		44.94333333					41.07				37.59	38.4	40.77	44.85	51.75	53.85	47.15		41.01	42.61			42.61	40.9	45.79							42.51			36.83	37.78	45.01	45.88							38.28			47.81								40.87	41.03	43.75								37.73	40.47						45.07	126.09				38.99		46.33	46.52	52.11			45.65		39.63	40.04		41.24333333	47.33										43.07		45.76	44.63		46.61			48.62			40.49	43.55						41.97			42.33	47.55			52.33		48.91	45.13			39.47	40.65						45.93	43.47				39.23	49.27	48.61	51.21					45.21						50.65				43.99		35.93				48.19	48.37											51.49																		51.07														50.77								43.01										43.81			42.61									
2179528		54.07	47.75											56.97			47.13		37.91	38.29			43.54									34.07			45.47	53.71		47.67			44.95		44.63	42.89	39.51												43.05	45.19	46.5							38.97											39.07	41.59	44.73	44.99											50.47			49.09					40.21		47.71	43.19	52.83			48.19		41.57			41.32333333											43.09			47.13									45.69						41.87			43.63	48.31			54.81			47.41			39.99	41.61	48.89	51.01	60.43			47.11	46.57				40.75			52.97					107.51			44.41			44.85						36.93	41.15											43.41																				40.71		51.83														54.19																					42.91									
2179529		49.95	48.99									44.91					44.85		38.51	34.83	37.65		45.7		47.93							34.07			44.85	53.71	53.43	45.22		44.47	42.75			42.89						45.43						38.87	43.13	45.11								46.16											39.23	40.73	44.73	44.89									38.81		45.69			49.09					40.21		45.49	42.59	51.87			46.65		41.57	37.79		41.76333333	45.7										42.87			47.13		46.87			50.41				46.53						41.32				48		52.89	54.81		47.79				39.81	36.55	47.71						44.61				40.81	51.29		53.87					46.05					47.93	48.69				42.47		36.41												37.09						45.27		41.99									42.91			38.01		50.97														53.89								43.19													42.77									
2179530			52.21									41.25	44.57				47.09		39.27	36.51	39.29		46.36									42.05			42.07	51.69		47.52		44.47	60.43			37.29												39.7	42.6	45.39	43.89							41.03			47.43								44.35		45.53												47.13								40.03		93.67	42.75				48.19		41.43	39.45		47.12333333	43.85										70.33					47.21			42.31				47.33						42.27			46.05	49.27		53.79	45.57						40.15	44.99	45.11					47.43					39.83	51.29	47.87	56.45					45.85			42.13		43.41	49.89				43.67		36.93					49.35															43.91									41.89			50.47		50.59																						42.21													43.85									
2179531			45.67									40.59	48.11			45.53	45.75		38.19	38.11	43.25		45.47									39.25	39.38		43.79			46.55		43.67	44.11	41.45		42.81	42.73									39.63	41.59	37.23	42.48	43.81								37.87			46.59	49.97							37.55	41.53	45.13						46.85						43.98				42.75				40.03		47.23	45.77	52.37			48.97			39.21		42.18	49.5		48.61								68.39					46.05							45.23						41.07			41.27	50.27		52.85	45.67		49.25				40.03		47.61	49.53	51.51			45.45	45.47				41.81		43.07	49.71	48.09				46.35	42.07		41.27		45.43	51.57				44.95		38.73			46.85									42.89				54.79				43.77							49.41		44.75					50.49														51.19							42.99	44.45												42.41	43.91	136.37								
2179532			45.65									40.67	49.33	45.95		47.37	45.75		37.61	36.41	39.54		44.66333333		49.03							38.61	37.94		43.79	51.48		48.45		43.31	43.07	39.83		42.81	43.09					44.21				41.29	36.11	36.94	39.7		45.03							35.57			47.45	48.65					40.05		42.67	39.79							45.25			41.57			43.06			45.93	42.53				37.23		46.69	43.91		49.93		45.05		42.12	38.24		41.66	48.69	44.79	47.99										44.49			43.69			44.47		40.91	40.47		54.51								40.47	50.27	47.41	52.19			49.25			36.81	39.87		46.91	49.81	51.17			38.23	44.49				41.45		46.47	51.83	46.61				45.27					47.39	49.33				61.07	41.03					48.83	48.59							42.19				52.63		47.31	55.19	42.77			52.81				53.27			46.83		40.29		49.67									44.03					49.38							46.71	42.97												40.33	43.03	56.59								41.75
2179533			49.43									43.13	50.45			47.37	47.71						44.30333333									38.65	37.39		42.15			49.37		45.85	41.75	39.61		42.51	42.97	46.77	42.53	48.07						41.63	40.35	37.66	39.09	43.75		45.43						36.19			46.33	49.09					42.89		41.69	39.58							46.83			40.17			42.67			45.97	41.65				37.23					49.95		45.67		41.58	37.12		40.71	47.29		48.17										44.43			49.41					40.97	38.71		47.09								41.95	47.35	47.97	51.43			45.19			36.05	40.15		47.75	49.99	50.33		46.33	43.73	44.83				39.49		48.44	52.61	45.09				45.97					45.63	46.77				44.23	41.03					48.89	48.83		54.83												55.19	43.89							52.39			46.83		41.23		49.37							53.31		46.83					49.51	52.71							43.97												42.09	43.03	48.29								42.97
2179534			48.93									40.67	49.15				43.63			36.17			44.34									38.65	36.85			47.59		47.93		43.31	42.15	39.35		42.51	40.65666667		42.33	47.23						41.19	39.81	36.86333333	41.55	44.75								35.57			46.07								39.44	38.83	47.17						46.45			39.91			44.33			44.35	42.35				37.23		39.85			47.81		45.67		36.33	36.89	40.33	40.65	47.55		47.63										45.05			43.67			51.36		41.15			47.87					39.55			40.31	46.99	46.81	52.23			45.19			35.93	39.47		44.91	49.61	51.41			39.65					39.09	44.37	46.15	50.13	45.65				42.79		39.85	39.77		49.15	48.4				44.23																						42.45							53.27			47.13		39.89		49.49							53.59		45.57					51.64	50.47						40.17	43.63												41.27	42.57	51.39								42.97
2179535			51.21									43.87	49.55			46.15	46.19				37.37	40.77	42.97									38.87	37.53	42.91		44.75		47.99		43.99	43.53	35.97		42.51	41.75	47.91	44.13	50.27						41.57	39.62	37.21	41.57	43.23					46.27			37.11			47.61								37.25	39.7	46.43						46.45			42.63	38.11					46.09					37.33							45.77		37.13	37.97		41.47	47.37		47.91										44.71			47.42			57.45														49.47	48.01	51.55			46.95			41.15	40.89		50.53	51.75	50.47			46.61					42.03		47.65	49.35	46.41				42.77		38.85	38.47		44.91	50.49				44.19					41.13		50.01		53.33							47.59					43.03	42.41			52.21		49.41		51.53			44.07				49.35	57.47						54.97		45.57			48.27		53.47	51.43						44.43	43.61												41.07	42.37									41.19
2179536			53.03									46.17	52.79	47.91		49.71	49.65		41.53	43.43	41.73	40.72	45.03		48.05			65.77			45.63	44.53	40.25	41.97	45.1	46.79				46.93	45.65	38.41	38.81	44.87	44.19	46.81	42.15							43.13	39.03	36.51	43.74	45.31		50.13						83.41		44.45							47.09		42.95	41.43	45.31	48.23													49.17						38.07			47.75				49.11			40.33		43.045			50.31	44.07																		56.27	49.77											61.83	52.57			50.45			41.15	41.87		50.73	51.75	49.97					46.07			43.43		50.59						58.23			38.47		48.45	52.71				177.35									54.45						45.65	49.69					57.45	44.69			52.93				55.71							50.64	57.47						55.13					49.93			56.35						46.99														43.55	49.81								
2179537			52.61									47.77	49.41				51.47				42.13											44.03	40.45	41.55	45.83									46.51	45.06	47.45	49.13							44.57	39.85		42.76			52.43						83.41			75.67								39.89	43.82	45.31																						45.33							74.43	39.37		42.45666667			48.84	46.93									44.97			49.27							48.61												58.33							48.25			48.85	52.09								43.61		51.85	52.69	49.87				66.37			41.17			50.13				177.87							52.21								46.65										54.51	71.99								38.67		50.08	58.15											46.97															53.53							42.49	44.39									
2179538			52.61									47.77	49.41				51.47				42.13											44.03	40.45	41.55	45.83									46.51	45.06	47.45	49.13							44.57	39.85		42.76			52.43						83.41			75.67								39.89	43.82	45.31																						45.33							74.43	39.37		42.45666667			48.84	46.93									44.97			49.27							48.61												58.33							48.25			48.85	52.09								43.61		51.85	52.69	49.87				66.37			41.17			50.13				177.87							52.21								46.65										54.51	71.99								38.67		50.08	58.15											46.97															53.53							42.49	44.39									
2179539				44.53								47.47	50.13			47.01	55.17				44.11		48.11					47.01				43.61	40.25	43.45	44.28							50.49	37.63	45.53	44.22	49.23	45.75	51.27						45.31	39.05	38.95	42.24	46.03		51.25						52.59			51.9						50.17		39.89	44.75	45.65												49.31										46.63	47.37		46.39					39.59		41.88			48.74	47.67									44.59																			44.81										40.51		49.61	49.85	52.01					46.17			43.41		74.71									39.97		50.05					64.35															46.93											165.83										49.79	54.89																																		45.71	89.23						47.79		
2179540				44.53								48.59	45.89			68.63	54.43				44.31		46.87		47.33			66.17				42.93	39.95		43.59			48.43		44.85			43.11	42.33	54.08333333	48.62		51.07				43.73		45.31	37.93	39.21	42.82			50.79						52.59			87.37									44.29	44.69												49.11											44.65		46.39				73.81			43.20333333			47.49	47.21																					55.89											35.83						41.51		49.31	49.79	52.97			44.91		46.63			43.15								100.51						52.17													58.39												44.29					165.87	50.73		55.15								51.79			52.67										51.65	56.57																				44.79									
2179541				41.19								44.15	48.83				52.17			54.49	42.95	42.59	46.33		45.15							42.99	37.54		43.37			50.77			65.33		42.45	43.33	56.73	45.71	47.27								37.77	39.05	42.35			52.29						36.35			48.14									48.67			46.03										45.67		49.25									42.91							40.85		42.675	43.65		51.08								41.93																									43.35		48.65				49.16		48.71	49.03	48.89								42.87		62.75	55.97											54.43																										44.03		44.39		173.01									45.09		47.65														55.27												53.79								44.79									
2179542												43.75									38.71	42.4	48.13666667		45.15							42.21	35.47		42.69	46.97				44.35		56.29			42.66	44.25									38.17	39.29	42.63		46.23							36.65			49.16								39.33	34.6	46.79								43.31				43.81		47.69						39.87		47.97	45.47							37.49		41.31666667			48.33								41.73											49.29																				40.88		49.63	47.43	51.51	52.73				45.03			41.87														51.31				46.83					44.65												49.97				44.45	38.47			42.81				172.21	29.63																												41.83	46.91		51.29										44.07									
2179543				40.53								43.75	47.77				51.89				39.63	41.91	48.56		44.65							41.89	33.93	42.04	42.69	49.71		51.17		44.35	65.33	58.05	43.95		42.64	47.31									38.75	39.01	42.47			49.85						36.19			49.36									41.43			46.81						41.77				45.57		47.69						39.87			45.49						39.85	37.17		41.62333333	44.81		48.59													46.75						47.87							42.55					47.67		47.19		48.65				41.15		47.81	48.47	51.51					45.05			41.53								97.99						49.35				45.81																					44.45	38.15				53.44			171.73	50.13							47.17											51.21			54.67					48.55	47.59	40.83	46.45				53.17								42.85	90.83								
2179544												43.75							40.87		42.37	40.65			47.67							42.27	35.67		42.13			51.63		44.35	66.85	53.39	43.95		41.03	43.69		46.71							37.91	40	45.43									36.01	44.43		53.55									26.93									41.31						47.13						40.69		46.79	45.23		46.53				113.21			41.805			48.81								97.53																											48.89				41.72		49.07	49.71	51.57					83.15			42.01								96.79						47.37																									46.21	38.55																													56.07					48.55	57.97	41.75	49.01				54.75								44.41	46.05								
2179545												43.73			54.65					42.33	44.33	42.97	67.33		49.35							43.37	39.34		44.11			51.63				55.09			40.97	44.25		45.35					43.21			36.86	44.17									35.85	47.25		68.37									27.23	42.29		49.19																					47.17						113.51			41.41			47.16								47.75		45.01			42.91						48.23							46.81															103.13	47.89		53.83				82.67			42.85														52.23									44.85																																											45.67			55.71							39.73								53.15						48.93								
2179546							52.99								53.63				40.31	39.11		38.89	45.65		50.99			68.05				43.3	37.49	41.97	44.11			53.01		43.72		46.21			42.45	43.75	45.27					46.65	42.91			40.93	45.15	42.73	45.87							35.35	47.07										43.69	72.16			50.07											48.85	47.17						40.45			45.61						114.01			41.13			49.92									47.25	49.85		55.93							50.15											50.69									41.83		48.57	48.65			45.39						42.69								97.77						53.01													50.05						45.53							44.61			45.91	64.83								38.31		48.71	51.13													55.25	56.29							40.65													43.31	46.45								
2179547															50.37		49.01		39.35	37.19	40.84		45.34		47.69		43.97	65.93				40.79	34.98		40.87	48.41	45.41	51.73		43.72	47.27				40.43		54.73					45.35	39.97		34.39	36.86333333	41.99	44.75											47.33		56.23			41.87			40.11	38.69			50.07								39.96			49.21							39.11		45.45	43.89		45.91		46.29		40.71			41.33666667			47.03									41.43	45.47	43.09	55.93	43.75									55.49			44.11	42.29				50.69	50.45					46.41		42.25	39.79		45.51	44.77			43.93	42.45					40.93				45.15	45.85			97.25						44.19										47.67			41.45						43.67					47.63		36.59			44.77		49.44							34.33			51.15			48.15										55.25	52.17							40.95	44.89				53.01				46.19													
2179548										50.31					50.91		51.19		39.85		38.81		46.39		48.57		43.95	49.65				40.75	35.09		40.87	49.53		42.35		43.27	227.75	51.11	37.27		40.25		54.73					46.65			34.99	39.16333333	41.13	44.79	45.05							35.35	42.39										39.97	37.47			47.63								37.39			48.18	46.81						38.95		50.37	45.55		45.91		46.09		40.01			41.36333333	46.01	45.15	49.35	55.01								47.13		43.09		42.71						176.23			55.49	47.39		44.65				40.97	49.34	54.17					47.83		40.83	40.73		45.51	44.99			43.37	44.41					41.03					45.25			47.41					42.25	43.03										47.37			45.06						45.19					45.01		36.71		43.25			49.7	50.73						34.33		45.28	50.99													52.37	52.17							41.27	45.45				50.67					40.97			40.91									
2179549			44.45												51.75		51.19		42.63			42.16	44.41		50.19							42.17	33.33	38.73	40.87	49.59	47.37	50.91	43.85	44.87	50.13	51.11			38.84	42.75										36.85	44.13	35.61													55.07			41.87	44.05			30.97			46.15								76.94		44.19	50.71	44.53								246.05	47.03		42.67		46.03		41.69		38.67	40.74333333		47.97	48.18												55.67	45.63									57.53							41.41	47.79	54.39					46.89			39.51		43.27	45.9						119.25			41.17								97.25						49.19																								38.17	44.77	37.83		37.75		46.93											54.27													55.47	53.87							40.09	45.09				51.69								39.79									
2179550			45.63														54.07		42.03				43.95		48.95							43.05	33.13		41.05		48.15	54.41	48.23					42.29	44.23	45.45	45.41						42.15				44.05	40.85																41.89			40.83		41.75		47.57								54.2		45.35										47.87	42.39						114.75		39.15	38.8		49.49	49.69																					73.11								41.33	73.51									40.09		48.03	46.61									41.61								58.39						50.51																			40.81							38.71				48.99								38.59																218.65	54.58							40.77	44.97				53.33				46.27													
2179551			47.41										52.11						42.15			40.03	46.57									43.45	35.33		42.73			53.47							44.21									43.31			43.17																	41.47				41.69	43.67		48.67										46.57	51.15			45.97						43.97	43.71						43.61			42.07		50.29	44.29									40.33												54.95									73.87	106.61		51.53						40.37		42.77	48.67						77.95			42.31																																	38.91							38.31												39.21																	55.36							40.29										44.33			41.63									
2179552			47.41										52.11						42.15			40.03	46.57									43.45	35.33		42.73			53.47							44.21									43.31			43.17																	41.47				41.69	43.67		48.67										46.57	51.15			45.97						43.97	43.71						43.61			42.07		50.29	44.29									40.33												54.95									73.87	106.61		51.53						40.37		42.77	48.67						77.95			42.31																																	38.91							38.31												39.21																	55.36							40.29										44.33			41.63									
2179553			43.81										47.77		53.55		53.41		43.39			40.21	45.11		46.01			47.75				43.19	38.2	39.37	42.73			53.47			45.63				39.15	45.12	43.19	46.67			48.99			42.19		38.91	40.93				55.23					33.85	29.93						44.57	41.13	43.59			40.69	45.77										86.33		44.34	48.75		57.47	49.69						46.13	47.75		39.35				115.67			41.47												39.49	47.77	49.99							42.89	45.43		54.49								47.31	46.71									39.05	40.35	44.13	45.97	46.57								42.92													45.23	53.41		48.55																	42.71									44.33			50.25							36.91			55.09														54.57								48.09		49.89						45.15	41.55			38.53									
2179554			44.31										52.63	48.13	54.41				43.61				45.01		45.15							42.79	38.75	43.93	42.97			40.61					41.33		39.55	45.87							41.37	42.19		38.99	42.63										29.67				57.57			42.05				40.67	47.13										59.44		44.49								29.53		168.13	47.51		53.13				115.89	44.63		42.17												50.69		48.73										54.31										48.37								39.29	40.79	48.37		49.03								42.23			56.61										44.35																				46.02							41.01												38.09			55.81			51.71											54.85												51.39				46.81	42.91			40.31									
2179555													79.23		54.19				42.13				46.01		48.52							43.05	39.77		46.22						47.03												41.83	41.21		37.97	41.33	42.97								35.97	44.55							42.95				36.43	43.83																						86.97							116.25	42.41		41.88		46.41										46.65		50.37										54.65										68.65								40.87		46.19										42.63					48.39						44.09																						46.67	49.99						42.01					51.05							36.83			57.39			51.79										55.31	55.07							43.81					53.23				47.01				40.31	41.35								
2179556			45.41										48.23		53.79				41.85			42.87	45.55									42.75	39.69	40.11	42.12						39.87									159.17			44.45			38.4	40.95												45.69	51.51				39.77			42.25	39.13			48.03								52.79666667		48.17								35.97		51.35	50.75		124.67				40.79	42.54		42.025		46.15										50.25		51.33										53.19		46.49			40.15					47.19	55.01							40.97		49.15	46.29	50.21								43.03			50.11					97.21			43.67				52.17							45.78											46.25						45.09	34.87			47.91		52.61							36.21						52.37				46.57			45.49				52.79							45.61		42.67			52.21				46.69	43.33			40.61							49.81		
2179557			45.41										48.23		53.79				41.85			42.87	45.55									42.75	39.69	40.11	42.12						39.87									159.17			44.45			38.4	40.95												45.69	51.51				39.77			42.25	39.13			48.03								52.79666667		48.17								35.97		51.35	50.75		124.67				40.79	42.54		42.025		46.15										50.25		51.33										53.19		46.49			40.15					47.19	55.01							40.97		49.15	46.29	50.21								43.03			50.11					97.21			43.67				52.17							45.78											46.25						45.09	34.87			47.91		52.61							36.21						52.37				46.57			45.49				52.79							45.61		42.67			52.21				46.69	43.33			40.61							49.81		
2179558			48.87										48.51	53.35	52.51		50.95		40.64		40.25		43.52		50.03							42.55	38.05	42.27	43.97		52.03			45.39	46.83	40.83		38.17	42.77	44.55				159.95						41.21											41.33		50.51	50.79				42.79				38.85		47.59	65.09								36.03			49.03		58.29					36.67		48.65	46.95		51.97				41.09	42.79		42.20333333		48.65	51.17									49.53		51.69										48.72					41.21			43.57		58.21	52.27	53.59			49.17		36.09	41.77	44.17	49.23										40.67	47.31		51.23				49.33	97.13			40.97		79.07		52.07							46.47		49.13				50.01					45.15		51.27	51.83			43.87	39.51					50.99							35.15						50.87				45.55	47.81		46.21		50.91	53.47	51.49							45.35					51.99				46.03	42.55			40.15									
2179559		52.75	51.25										49.67	45.57	53.48		48.23		41.49	34.27	40.25		43.6	46.29	49.85		46.57					41.11	37.09	39.7	46.67666667						43.55			36.55	39.81	44.43										37.91			45.03	47.45							40.69		49.92	51.45	56.55				43.25		38.61	38.78		48.57	48.27								38.23					93.55					35.77		43.99	45.71		50.75				39.27	36.39		42.425	48.74	48.75	50.93											51.43		47.51						42.71		49.08					47.92			42.89	47.31	101.38		47.73		43.85	48.17		38.51	39.93	37.93	48.85	52.97				42.95					40.09	46.59	49.43	52.8					97.05			40.67		167.87			49.51			41.45			46.67		55.99			52.79	50.01					44.67							39.35					49.87								40.75		53.45			49.17				43.57	48.45					56.21	51.01						47.75	45.25					51.49				47.29	44.17			41.39									
2179560			50.77	50.97									44.97		55.73		43.79		42.27	38.54	38.31	40.01	44.69	48.51	48.67		47.43	51.79				40.97	36.79	40.55	41.51				44.91	43.05	43.13			37.67	31.71	44.05		48.03	50.75						36.55	38.29			44.57	47.67							40.99		49.13	51.43	50.01			44.21	42.51		37.69	40.89666667	44.36		49.58					48.55			45.75666667		43.25	50.31		56.41					29.63		44.62	48.27	50.41	51.01				35.55	46.92		42.595	49.21	49.03	51.15							40.55	66.99	39.07		51.85		46.77						41.81	47.29	48.58333333	46.31			79.63	43.58			41.97	47.99	52.67	53.21	45.57		43.85	48.59		35.19	39.25		45.38	53.11	51.07			44.95					41.11	46.75	49.43	53.39	51.79				47.01					47.45		51.75	49.71		45.25				43.30333333	42.51	55.25			47.57	48.93					40.17	46.23	52.39				43.15	39.01			47.27		50.41							35.37			53.37			49.25				46.25	47.21		42.15			53.59	51.35			45.39				45.21		44.11			49.93					41.81			41.26	44.58								
2179561													46.67		58.37		50.21		42.28	40.02	39.98		44.61	48.23	49.75			49.23				41.01	36.76333333	40.08					46.57					37.56	39.21	44.58	46.27		42.11						36.95	38.75	40.05	43.63	45.43	47.77							39.96		49.64	216.03	49.09			37.61			38.01	40.51		47.55	47.32							64.41	84.25		42.23								29.21	34.31	42.7	46.95		49.42333333				37.75	42.29		41.38	45.95	50.03	52.09								40.77	49.63		54.31								44.25	48.06	48.97666667	45.21			39.47	44.3			41.01	48.45	121.83			52.43		47.15			39.33	43.93	45.45		50.83								39.19	45.21	49.09	53.95								40.68		47.33	52.19	50.75			44.01				43.58333333	43.95	55.43	55.81		48.33	48.93		58.43			44.49	45.63	51.33				46.81	38.29	39.13				50.63							35.17	40.55		53.17		56.69	49.45				44.55						51.99666667	51.31						42.91	47.73	44.87	47.01		52.47	53.21				46.33	46.71		42.25	42.23	44.82333333								
2179562													46.67		58.37		50.21		42.28	40.02	39.98		44.61	48.23	49.75			49.23				41.01	36.76333333	40.08					46.57					37.56	39.21	44.58	46.27		42.11						36.95	38.75	40.05	43.63	45.43	47.77							39.96		49.64	216.03	49.09			37.61			38.01	40.51		47.55	47.32							64.41	84.25		42.23								29.21	34.31	42.7	46.95		49.42333333				37.75	42.29		41.38	45.95	50.03	52.09								40.77	49.63		54.31								44.25	48.06	48.97666667	45.21			39.47	44.3			41.01	48.45	121.83			52.43		47.15			39.33	43.93	45.45		50.83								39.19	45.21	49.09	53.95								40.68		47.33	52.19	50.75			44.01				43.58333333	43.95	55.43	55.81		48.33	48.93		58.43			44.49	45.63	51.33				46.81	38.29	39.13				50.63							35.17	40.55		53.17		56.69	49.45				44.55						51.99666667	51.31						42.91	47.73	44.87	47.01		52.47	53.21				46.33	46.71		42.25	42.23	44.82333333								
2179563			50.8	47.83			46.97						43.95		51.47		45.77		42.08	38.95	38.88	41.11	42.73	48.55	49.18		47.97	50.13			40.07	38.77	36.29	40.09	43.87	49.23	51.17		43.79	44.49	40.85			39.39		42.23666667			40.91		48.65					38.63666667	41.04	43.35		47.65	49.83					35.08	39.99	47.11	49.21	50.37	49.71			42.53	41.45		39.31	41.60333333	42.96	48.52			48.83			48.99		39.63	39.815		46.19	45.37		48.03	43.35				29.35		42.72	47.19		47.47		45.23		36.33	46.15		43.045	45.35	52.73	51.19							36.63		45.3		52.63		44.03							47.98	48.66				46.37	41.23	41.05	41.19	40.45	47.91	48.01	51.29		50.23		46.67			40.33		46.47		69.55								39.37	47.11	48.79	54.52	51.87			46.69	46.03	43.59	41.97	103.67		43.67	51.91	51.41	49.71	50.01	43.27	40.73			46.29			55.71			50.75		115.81				47.63	51.51666667				44.49	37.85	39.01		48.19		49.99							32.09	40.41		53.23		56.69					44.21	38.95		42.51	47.37		50.96	49.25						44.51	46.45		51.03		54.25	49.67				47.35			38.13	41.5	46.58			48.51			49.43		
2179564		46.03	46.99	41.41			43.93					41.95	42.11	45.34	48.69		41.41		39.06	38.01	39.33	38.53	41.03	44.75	48.75		42.49	47.29			37.53	37.75	35.46333333		43.69666667				44.01	40.93	40.99			39.55		43.69		46.09	37.05				42.21			37.9	37.55	41.33		46.85	48.05				42.67	35.89	40.33	47.55	47.97	49.19	44.39			38.41	44.63666667		41.85	41.65666667	44.11	49.01	49.11666667					44.33		37.5	37.21		43.39	51.31		43.95					28.43		41.23	45.26		47.29666667		42.15		35.85	39.27		40.39	45.47	51.35	47.82							36.63		45.65	49.15	52.63	45.09	43.73						42.97	45.93	47.24333333	43.27			45.49	40.44		40.45	39.77	46.37	45.93	50.29		47.27		44.93	40.51				45.87		50.13			48.09					39.12	46.75	47.37	52.01	51.57			46.01	43.54	43.51	40.91	42.69		44.75	49.77		55.07		42.97	41.65			40.57	38.65	45.87	53.29		43.49	48.01		45.55		39.63	36.21	47.55	49.61				42.14	38.45	39.54		46.71								40.09		42.21				52.05	48.97					39.85		40.13	45.79		49.47	48.63			42.73			42.91	46.45		47.97		53.05	48.13				46.87	43.91		37.81	40.29	43.29			46.35			47.35		43.03
2179565		51.43	49.41	41.39			44.73					47.65	45.46	47.42	49.51666667		42.53		44.15	39.08	38	39.53	41.73		48.78333333		45.93	45.27			38.27	39.55	36		42.69		60.21	43.49	40.79	42.53	42.15		38.97	40.19		44.13666667	47.15	49.17	46.27				44.07			37.80333333	40.67	41.39		47.33	46.79				39.25	39.46	41.47	48.31	49.35	50.13	45.63			38.27	45.99		38	45.05666667	45.17		48.51		45.95					38.87	37.94		46.03	47.57	43.27	48.37	44.93				28.93		43.39	45.43	45.99	46.82333333		44.49		35.87	40.47		41.82	46.95	48.68	48.98							36.17	42.85	41.83	49.59	52.11	52.79	44.05	42.99					42.97	46.73	46.39				44.69	41.97		40.82	42.84	45.53	46.71	49.47		49.05		45.05	42.25		39.89	42.93	47.28		49.53			47.35					39.73666667		49.61	51.44	51.73	58.38		46.21	43.25	43.97				43.77	51.55		57.71	50.99	43.03	42.49			41.59	43.59	50.81	54.35		42.21	49.11		45.89			45.63	44.57	50.41			47.07	44.06		39.51				50.49						41.43		44.07		52.73		55.33	53.59					39.31		43.07	44.29		50.41	50.51			45.25		47.31	44.63	44.49		49.73	50.71		48.65				45.65	50.05		38.55	41.19	43.97					52.19	47.59	47.15	43.23
2179566		51.43	49.41	41.39			44.73					47.65	45.46	47.42	49.51666667		42.53		44.15	39.08	38	39.53	41.73		48.78333333		45.93	45.27			38.27	39.55	36		42.69		60.21	43.49	40.79	42.53	42.15		38.97	40.19		44.13666667	47.15	49.17	46.27				44.07			37.80333333	40.67	41.39		47.33	46.79				39.25	39.46	41.47	48.31	49.35	50.13	45.63			38.27	45.99		38	45.05666667	45.17		48.51		45.95					38.87	37.94		46.03	47.57	43.27	48.37	44.93				28.93		43.39	45.43	45.99	46.82333333		44.49		35.87	40.47		41.82	46.95	48.68	48.98							36.17	42.85	41.83	49.59	52.11	52.79	44.05	42.99					42.97	46.73	46.39				44.69	41.97		40.82	42.84	45.53	46.71	49.47		49.05		45.05	42.25		39.89	42.93	47.28		49.53			47.35					39.73666667		49.61	51.44	51.73	58.38		46.21	43.25	43.97				43.77	51.55		57.71	50.99	43.03	42.49			41.59	43.59	50.81	54.35		42.21	49.11		45.89			45.63	44.57	50.41			47.07	44.06		39.51				50.49						41.43		44.07		52.73		55.33	53.59					39.31		43.07	44.29		50.41	50.51			45.25		47.31	44.63	44.49		49.73	50.71		48.65				45.65	50.05		38.55	41.19	43.97					52.19	47.59	47.15	43.23
2179567		50.11	50.51										48.83	49.37	50.95		73.61		49.29	39.83	39.04	41.09	43.64		48.60333333		49.01	43.97			38.91		35.73	39.83	71.52333333	47.42	56.79	45.5	42.57	43.51	44.07		39.31	40.75	39.77	45.02	48.15		47.89				43.04			39.81	39.49	46.68		49.39	50.15				43.67	39.51	40.67	47	50.17	51.59	48.59						35.75	47.12	43.71	49.23	72.27		48.33					52.34	36.11		46.45	46.92	43.27	50.65		50.61					43.17	44.90333333	46.49	48.04		44.49		37.21			43.95	49.41	49.45	49.75			53.77				38.29	48.97	45.46	56.74		53.91	45.85					40.05	44.55	48.03	46.76				49.13	43.74		43.24	42.45	46.34	222.71	48.03		51.67		45.47	44.16		40.03	44.39	47.69		181.05								41.32	47.05	50.54	48.51	52.49	48.11		49.15	44.77	44.51				45.61			52.7		43.85	86.54			42.45	47.17	54.81	54.63		49.51	51.11		45.03	40.99			46.99	51.55				46.3				46.66												53.02		57.63			63.09		144.43	62.95			47.99		51.57	52.65					49.02	42.71			48.17			50.63				49.03				45.11	45.45						48.13		45.75
2179568		48.59	53.57										47.2	49.27	52.15		74.71		47.33	40.48	38.96	42.53	43.85	44.77	46.11						42.27		36.47	41.07	57.245	47.09	50.51	47.33	45.91	46.01	45.45			40.59	43.05	45.2	48.39		44.77				44.1			37.61	40.61666667	45.55		49.77	50.25					157.15	38.41	47.89	49.09	58.55							36.05	52.77	45.48333333	57.79								40.71	39.97		46.67	45.47	45.51	51.51		53.21					43.81	48.5	48.29	47.53		45.35		35.23	38.15		44.27	49.33	50.17	49.58333333							38.67	44.63	46.72	55.96	52.27	53.67	45.85					41.09	45.27	48	48.13				49.77	43.75	42.99	43.39	41.83	47.63	48.89	50.51		52.15			43.58		41.23		48.35		69.57								41.45	47.61	50.89	51.93	52.41	51.13		50.97	44.55	44.97				45.11				52.99	45.47	129.89		40.87	43.89666667	47.74	55.61	55.43		43.13	51.41		120.53	40.71		45.65	50.07	51.52				45.21				46.49									36.65	42.93		53													52.63	53.93			47.87		50.91	45.11			49.01			51.05				48.43			45.79	43.66	49.55						48.47		53.92
2179569		50.05	53.73							41.69			47.69	59.95	52.19		46.03		113.84	40.63	38.2	44.17	44.95	46.26	47.58		51.65				39.57	40.97	38.13	42.73666667	80.8	47.69	50.29	48.41	47.15	45.13	44.93			56.83	43.08	44.83	49.47666667	49.07	44.79				46.31		37.53	37.91	41.08	46.90333333	46.73	50.03	51.11					39.04	40.64	47.42	49.51	70.52333333					42.33		34.01	49.4	45.65666667	49.69	89.08					49.97		40.05	43.38333333		46.13	48.31	45.51	49.73		54.19				38.41	46.3	47.91		51.48	70.09	46.29		46.87			43.07	46.47	50.15	48.88							40.26	44.91	47.75	67.33	51.91	54.49				47.37		42.47	43.97	177.76	49.87				46.47	43.90333333		42.93	41.53		59.35	49.73		52.67			42.71	47.09	40.93	45.33	46.48	53.35	70.19					46.53			41.45	47.67	47.7	51.22		50.99		49.23	41.97	44.81		109.13		46.7			55.57	51.65	45.85	43.89	38.37		41.2	46.21	55.61			47.83	49.73		107.86	41.09		45.65	74.73	52.13						56.45		46.77							45.73		37.67			51.69							46.93	45.45					52.65	48.85	66.13				51.53	44.29	61.07		49.09			51.49				47.85	49.47		45.13	42.07						53.69			53.73
2179570		51.59	53.09666667								40.75	47.21	47.45	60.75	49.54		73.21		43.21	40.11	40.17	42.57	44.25	46.59	49.27		46.53			59.81	38.31	40.33	38.31	43.3	69.99666667	47.45	49.93		48.11	45.49	44.93			42.37	42.56	44.53	48.74	49.43					42.82		38.15	40.21	41.43	46.16333333		49.43	48.91					38.54	42.43666667	47.25	49.49	50.13					52.49			48.89	44.51	57.71	53.25		42.89			46.29		40.72	39.82333333		46.46	47.94	43.35	124.67						43.43	45.87	47.49666667	48.47	48.90333333		44.37		46.45	50.88	42.93	44.79	47.71666667	49.71	49.34					49.59	40.21	39.65	44.51	46.44	67.09	49.93	52.13						41.19	42.88333333	48.67	49.55666667				51.44	42.81666667		44.19	41.63	46.91		52.47		32.97		44.91	41.22		40.51	44.65	46.44	51.86	50.77			70.89		45.97			41.53	47.41	50.13	50.19		48.23			45.27	44.79		50.35	40.67				53.15		43.41	42.65	43.11		42.93666667	46.89	52.73			46.27	50.29		158.39	37.81		43.77	48.21	50.41				45.21	42.21	40.47666667		47.84							46.63	41.31	37.51			52.25			46.83		60.67			111.73				50.11	51.02	50.37	66.69		45.63		46.59		158.17		49.01	51.35					47.17	42.83	50.71		45.13	45.29	47.34						47.53	46.35	43.52
2179571		51.59	53.09666667								40.75	47.21	47.45	60.75	49.54		73.21		43.21	40.11	40.17	42.57	44.25	46.59	49.27		46.53			59.81	38.31	40.33	38.31	43.3	69.99666667	47.45	49.93		48.11	45.49	44.93			42.37	42.56	44.53	48.74	49.43					42.82		38.15	40.21	41.43	46.16333333		49.43	48.91					38.54	42.43666667	47.25	49.49	50.13					52.49			48.89	44.51	57.71	53.25		42.89			46.29		40.72	39.82333333		46.46	47.94	43.35	124.67						43.43	45.87	47.49666667	48.47	48.90333333		44.37		46.45	50.88	42.93	44.79	47.71666667	49.71	49.34					49.59	40.21	39.65	44.51	46.44	67.09	49.93	52.13						41.19	42.88333333	48.67	49.55666667				51.44	42.81666667		44.19	41.63	46.91		52.47		32.97		44.91	41.22		40.51	44.65	46.44	51.86	50.77			70.89		45.97			41.53	47.41	50.13	50.19		48.23			45.27	44.79		50.35	40.67				53.15		43.41	42.65	43.11		42.93666667	46.89	52.73			46.27	50.29		158.39	37.81		43.77	48.21	50.41				45.21	42.21	40.47666667		47.84							46.63	41.31	37.51			52.25			46.83		60.67			111.73				50.11	51.02	50.37	66.69		45.63		46.59		158.17		49.01	51.35					47.17	42.83	50.71		45.13	45.29	47.34						47.53	46.35	43.52
2179572		51.15	54.23								39.15		48.77	55.72	49.17		159.43		45.13	40.44	38.49	42.35666667	45.41	46.53	48.92		48.33				39.21	40.93	39.97	43.445	44.55666667	47.51	55.75		48.11	47.11	44.29	44.37		38.69	41.77	45.93	50.11						44.51			39.85	41.13666667	46.20333333		50.27	49.55					40.84	42.91	47.63	51.79	96.97					47.34			44.94	45.21	57.25	53.41		55.79			49.45		41.01	40		47.07	48.71		50.05						42.67	45.03666667	48.11666667	48.85	49.92333333		43.79		37.05		43.41	42.73	47.83666667	50.41	49.54					48.45		39.86	47.31666667	43.88	66.89	52.35	51.97		44.97				42.31	43.25666667	49.19	50.01666667				45.39	43.09666667	39.73	40.07				53.99				44.39	44.09		40.41	46.93	46.47	51.40333333	50.13					47.85		41.47	41.2	46.11	50.73	50.93		50.73		49.65	43.77	44.71		50.15	41.63	45.95		51.27	52.63		45.45	42.65	43.11		41.73666667	47.21	54.15	51.85		45.19	49.85		69.78	46.33	43.03	78.61	47.8	51.33	49.23		47.09		43.23	40.17		49.43		49.07					45.39	41.13		44.33		52.99					61.33					70.89		54.83	50.76						47.57	44.63	78.99666667	57.13	57.04	51.51					47.71		53.87		45.47	44.12	49.13			49.57			48.03	47.67	71.15
2179573		50.22	53.44333333								38.67		49.61	60.49	46.43				115.11	41.17	38.32	42.97	46.14	47.69	49.51		46.75				39.77	41.74	40.03	43.35	43.42	49.81			45.61		46.23	46.67		36.62	40.89	45.21	50.94						43.93			40.55	39.81	46.36		50.57	50.23				42.81	40.9	42.66333333	48.24333333	52.1						43.23			41.93	43.53	49.71	52.07						48.59	41.35	41.19		47.22	87.29							38.73	43.73	44.52333333	46.595	48.89			47.11			40.11	43.97	45.13	47.79	51.07	49.89							39.26	45.19	45.27		52.93	48.25						42.63	42.58	49.4	50.35				55.53	43.07666667	40.47			46.13		53.87				45.75	43.83		40.19		51.13	51.35	54.71					47.51		41.87	42	47.53	51.37	48.97		51.11				45.25		47.19	41.35			51.59	53.95		45.47	42.25	43.87		45.58	47.78		53.43			49.67					44.77	46.17	51.49					43.33					47.67								45.21		53.09										110.71		54.1	50.31						48.46	45.35	98.09		48.87	53.13					48.85		55.85		45.47	44.82	48.06	45.29						49.37	70.34
2179574		50.56	52.99								36.47		48.71	51.13	50.23				44.93	40.2	40.29	42.63	45.05	47.17	50.66		47.43				40.15	40.52	38.04	43.325	42.45	49.37	50.57				45.19	45.27		41.05	41.04	45.13	49.75					43.47	44.15			39.15	40.30333333	46.01		50.31					42.81	39.25	41.85666667	47.14333333	50.19666667	53.31					43.01			49.42	46.44	50.09	51.24							40.59			46.51	129.85									43.45666667	45.43666667	47.97	43.51		45.25			40.11	56.47	44.94	47.71	50.91	49.27							39.51	43.89	44.23	45.25	51.63							42.93	42.21	47.38	49.97				53.45	42.77		40.49	42.49		83.79	53.51					43.83		39.18	44.15	45.01	52.58	49.93							40.54	41.89	46.61	49.77	47.49						45.45		40.23				51.75	53.61		65.09	42.55		32.25	44.83	47.07666667	49.87				47.01					45.13	46.99	52.79			48.47	44.03						45.91						44.83	44.21	42.26		53.17666667									50.83		48.49	54.73	51.13						48.33	46.31	57.01		49.89	52.87									43.51	44.42	47.93	51.37			49.37		48.35	66.55	69.92
2179575		49.14333333	51.33								40.27		48.15	49.47	45.66			43.87	242	35.52	37.29666667	41.24	45.18	46.51	49.35						39.63	40.06	38.52	41.68	44.90333333	48.61	50.65					44.09	38.11	39.47	40.72	44.52333333	48.75					40.11	38.83			37.64	40.73	44.78	44.59						47.01	37.76	38.87	46.89	45.81	49.79								42.24	44.51666667	49.69	51.87							40.33	42.84		44.61			46.35							40.76333333	46.63	45.99	44.83		44.23		40.27	38.17	41.91	42.11	45.93	50.39	49.8					44.43		37.21	42.13	46.15	46.01	47.61							38.33	41.67	75.07	49.91				47.29	41.42		38.89				52.07	54.51	32.93			43.03		37.21	43.79	47.51	50.79666667	49.33			43.71	42.05	47.23		38.17	42.69	48.01	47.74333333	45.85		47.25			46.67	44.47		39.02				50.43				42.55	41.61		40.18333333	46.64	49.38			43.39	50.09		36.43	34.09	42.57		46.05	49.53	54.57		45.83		40.23			49.07		45.71						40.25		40.71		51.86333333			48.37				55.47				47.69	56.85					44.03		45.39	41.43	46.71666667		48.65	49.57								41.21	39.91	41.57	49.09	48.95			49.37			62.11	42.66
2179576		49.14333333	51.33								40.27		48.15	49.47	45.66			43.87	242	35.52	37.29666667	41.24	45.18	46.51	49.35						39.63	40.06	38.52	41.68	44.90333333	48.61	50.65					44.09	38.11	39.47	40.72	44.52333333	48.75					40.11	38.83			37.64	40.73	44.78	44.59						47.01	37.76	38.87	46.89	45.81	49.79								42.24	44.51666667	49.69	51.87							40.33	42.84		44.61			46.35							40.76333333	46.63	45.99	44.83		44.23		40.27	38.17	41.91	42.11	45.93	50.39	49.8					44.43		37.21	42.13	46.15	46.01	47.61							38.33	41.67	75.07	49.91				47.29	41.42		38.89				52.07	54.51	32.93			43.03		37.21	43.79	47.51	50.79666667	49.33			43.71	42.05	47.23		38.17	42.69	48.01	47.74333333	45.85		47.25			46.67	44.47		39.02				50.43				42.55	41.61		40.18333333	46.64	49.38			43.39	50.09		36.43	34.09	42.57		46.05	49.53	54.57		45.83		40.23			49.07		45.71						40.25		40.71		51.86333333			48.37				55.47				47.69	56.85					44.03		45.39	41.43	46.71666667		48.65	49.57								41.21	39.91	41.57	49.09	48.95			49.37			62.11	42.66
2179577		45.36333333	47.29				39.43				36.79	40.67	44.07	47.31	48.74				35.37	34.09	36.13	39.81666667	43.31	45.91	49.34	44.49					35.45	37.07	36.7	39.43	43.74333333	47.03	49.33				38.49	38.57	36.45	35.49	41.13	43.01	47.69					38.65	36.68			37.57	39.71	43.84	44.55	47.98			38.73		42.05	35.34	40.31	42.79	44.2	48.63							35.53	39.83	43	48.71	50.27		38.03					35.48	35.965		42.05	46.17		42.37		46.07	40.19				41.8	42.27666667	43.55	39.97		37.61		36.25	37.67	38.35	40.78333333	44.945	48.04	47.73	46.13				44.87		35.35	40.94	41.76	46	45.79			40.45		40.35		40.41	40.59666667	43.36	45.245				38.06	40.57	37.55	37.53	39.73		48.73	48.37	45.85	32.83			37.97		35.49	40.22	43.98	49.34	49.12			40.33	41.82	40.54		37.75	37.59	44.98	47.58	48.09		45.15		39.99	46.55	39.62	38.06	38.53	37.77			48.15				38.22		37.63	37.66333333	43.59666667	46.45			40.93			38.19	37.78	36.31	40.91	44.58	48.19	52.47	42.55	45.83	41.13	39.18	35.79	38.83	46.99	46.43	43.23				39.99		37.84	36.27	40.71	43.17	49.81		44.01	46.5		50.97		40.77	41.95	41.07	39.25	44.57	52.53	47.65				42.15		44.25	39.19	40.04	44.57	45.87		45.07							38.71	36.67	39.65	43.35	48.29		44.71	40.83		41.31	41.39	38.07
2179578		45.79	48.74	40.99					36.41		39.29	40.69	44.81	46.71	49.64	34.73			36.93	35.6	37.89	37.83	43.74333333	46.68	50.17								38.67	41.45	42.55	47.15					36.91	39.09	36.45	35.83	42.385	44.93	48.85	44.65				38.2	40.55		35.13	38.59	40.37	42.47	42.49	48.34			39.23		42.49	35.71	40.65	62.46	44.41	49.26		39.17						40.79	43.515	48.93	48.04		39.99					35.88	36.045		43.02	130.43		43.11		46.59			31.41		41.00333333	42.91	43.83	41.63		40.01		39.45	37.55	38.69	40.8	45.21	48.75				43.79		43.09		35.13	40.97	42.53	48.99	44.83					41.03	35.05		40.13666667	44.13	44.69				38.93	38.87	38.53	37.17	40.1		48.98	48.15		33.13			37.87		35.73	40.55	44.71	49.42	49.73		40.67	40.31	40.09	40.55			37.49	44.39	46.13	46.78333333	49.69	45.75		40.71	41.85666667	41.39	38.05	37.45				49.55		43.21		38.12		33.21	38.58333333	44.36	46.75			40.93			37.59	38.37	40.63	43.18	43.51666667	48.89	54.65	43.43	41.85	39.99	38.87	36.35	38.39			44.49						37.02	37.35		45.77	51.01			44.43		49.83			43.29	44.15		43.9	52.19	49.27				39.03	39.41	43.73	39.21	39.375	44.29	46.12	46.07	44.53				43.99			38.71	37.15	39.65	44.13	46.95		44.95	41.33		40.83	42.41	39
2179579		46.3	48.24	40.51					36.41		35.97	40.57	44.07	46.4	46.95	41.05		38.87	37.63	35.24	37.53	40.84	44.16333333	47.05	48.23	46.87						36.37	39.07	42.37	41.27	48.15					36.31	41.55	33.31	37.31	43.255	46.51	50.15					39.43	40.55	38.25	35.65	37.43666667	41.01	44.49	45.35	48.85						34.91	41.61	45.25	44.67	52.89		39.13			35.99			44.77	44.47	51.33	46.81							35.92	38.2		44.43666667			42.53		47.71	38.43	37.89			41.62333333	43.85666667	44.67	45.35		39.85		40.8	40.86333333	39.65	41.9		50.39	50.59					43.93	38.61	34.94	41.17	43.19		46.29		39.01			41.97	34.81		40.13	44.66	48.25		42.35		40.83	39.26	38.83	36.95	40.79	44.65		47.97	52.57	33.79			37.61		36.23	41.95	45.44	50.47	50.37			43.79	40.25	41.75	36.65		38.22			46.1	45.87	47.91		40.73	40.44333333	41.51	38.41	38.01	38.09					44.61	40.85	39.35		34.17	39.34333333	45.66	47.26						39.27	37.98	40.45	44.02	44.21666667	48.98		46.45	42.55	41.27666667	38.81			46.03								38.57		38.33					45.45		54.69			43.15	43.59		46.31		51.43				43.89	39.63	45.32	39.85	38.975	45.43	47.68	48.89					47.99			39.85	37.66	40.29	44.69	48.01		46.43			42.75	43.51	40.50333333
2179580		46.34	49.39	40.81					36.59		36.27	40.57	43.7	46.58	45.51666667	39.03			37.37	35.61	37.29	39.715	44.22333333	46.54	47.93	45.87					34.99	37.59	38.37	42.385	42.98	47.83					36.13	41.55	37.07	37.07	43.05	45.79666667		46.57				37.93	36.41	37.37	35.33	36.87	39.59	44.43	47.27	49.92			37.85		41.71	34.83	40.55	45.11	44.03	51.13					36.61			42.09666667	43.56	51.69	51.61							35.98	36.67		44.23666667			43.09		45.59	39.21	37.75			39.79	43.06333333	44.43	44.45		39.85		39.72	39.23	38.97	42		50.11		40.01		43.79		42.03		34.73	40.47	42.95	44.57	46.29					40.31	34.35		38.49	42.83	46.57				37.29	39.31	38.39	37.95	40.04333333			48.59		32.67			37.61		36.03	41.61	44.985	49.19	47.85			41.57	40.49	39.24333333	36.65	34.7	37.49		47.89	45.37	44.81	44.33		41.57	41.35	41.51	38.25	37.75	37.61			49.29		45.07		37.25		33.69	38.71	44.19	46.79						39.82	42.71	39.91	42.03	43.69	48.59	49.13	43.69	41.91	38.66	39		38.71	44.63	46.99					40.69		37.8	36.15	38.13					44.69		47.51			42.05	42.83	39.75	44.59	50.04	51.47	46.83			40.19	39.41	43.49	38.55	38.845	48.05	47.32	47.53					45.17			39.37	36.66	39.55	44.48	43.85		45.25			41.79	43.39	39.35
2179582		42.09	44.95	33.39							32.43	38.13	41.27	45.87	37.83				35.05	32.33		40.15	43.47	46.11	49.57	47.07						34.61		41.83	42.77		50.19						36.39		42.465	45.68333333				40.77						35.79	38.29666667	43.69							34.19	34.22		44.37	44.59	44.85					32.75			42.36	42.07	51.95			40.17					34.67	34.72		41.95	44.49			40.55		37.73	35.61	30.15		39.8	42.66	46.73			40.53		39.47	37.98	39.57	70.93								39.03		34.97	39.77	45.38	44.95	47.91					37.35	33.21		39.25	42.97					37.32	36.97	37.64	37.16	39.43	41.29							39.23	35.97	35.29	42.25	45.19666667	49.35	48.17				38.47	37.13	35.39	36.99	37.65			44.63	43.87			38.85	39.13	33.79	36.95								38.57	35.95	35.07	35.41	39.52	42.29	45.67						36.87	35.99	36.91	41.39	43.39666667	47.13		42.31				34.93	37.85	40.57						39.23		36.61	36.11	37.31					46.47				35.65	36.91	37.39	39	42.47		51.55				39.77	36.81	39.97	37.73	37.23	43.13	46.61		48.01				43.23			36.57	34.95	38.77	44.28			40.23				38.69	35.15
2179583		37.46	44.27	39.13							32.21	37.49	41.95	45.43	40.59					32.74		38.88	41.77	45.09	48.61					43.11		33.39	35.73	40.78	43.43						32.67		34.12	36.77	43.02333333	45.38333333				39.03			36.89			34.87	38.79	42.89							32.61	33.32									32.31			39.24	42.64	50.85			34.45				34.81	32.98	34.71		41.41	46.27		42.67	35.87		35.67				38.27	41.72				37.29	28.31	38.09	37.01	38.49	41.33						37.97				34.35	38.69	43.66		46.63						33.21		38.77	42.05					36.81		37.12	35.05	38.72	40.87								34.45	34.57	42.15	45.03666667				38.63		37.73	37.38	35.35	33.97	37.86			41.29	44.99				37.67	33.85	36.69								39.15	31.11		33.14	38.76	41.98	48.55						35.32333333	26.79	36.13	38.25	43.31666667			40.57	38.31		36.67									35.11		35.27		36.99				43.71	41.53				35.07	37.75		37.07	40.33						37.47	36.53	38.03	36.63	39	43.25	45.43									35.75		37.51	43.84			38.81				35.83	36.97
2179584		42.08	46.63	38.97							31.83	38.71	40.55	45.81	38.89					33.38	32.67	37.11	43.37	47.63	48.77					43.11		34.99	37.15	39.285	44.50333333		49.19	43.89					34.16	36.35	43.79666667	45.43				41.63		35.05	33.39			35.36	39.61	43.09							33.63	33.24	35.78	42.53	45.21	48.45				34.09				38.93	42.62333333	50.13			37.43					33.31	33.77		40.92	47.17		41.87	39.29		35.57				38.17	40.13				39.49	28.17	39.09	35.89666667	40.11	40.84										31.3	39.17	43.91	46.67	41.31					36.45			38.59	40.29							37.47	34.93	38.34	42.29			42.35				35.05	34.59	34.65	44.81	45.94							37.73	36.89	34.19				41.71					38.03		36.45			41.89				38.49	37.37	33.83	34.75	35.18	38.63	40.01	46.09						35.97	31.49		39.55	40.36			37.75	39.91	37.05	35.49	32.93								39.27		35.68	34.19	36.63	45.31				40.93				34.53			37.65	40.99						37.89	37.05		37.19	37.77666667	43.35	44.11								35.49	36.29	34.75	37.51				39.47				31.99	36.97
2179585		42.08	46.63	38.97							31.83	38.71	40.55	45.81	38.89					33.38	32.67	37.11	43.37	47.63	48.77					43.11		34.99	37.15	39.285	44.50333333		49.19	43.89					34.16	36.35	43.79666667	45.43				41.63		35.05	33.39			35.36	39.61	43.09							33.63	33.24	35.78	42.53	45.21	48.45				34.09				38.93	42.62333333	50.13			37.43					33.31	33.77		40.92	47.17		41.87	39.29		35.57				38.17	40.13				39.49	28.17	39.09	35.89666667	40.11	40.84										31.3	39.17	43.91	46.67	41.31					36.45			38.59	40.29							37.47	34.93	38.34	42.29			42.35				35.05	34.59	34.65	44.81	45.94							37.73	36.89	34.19				41.71					38.03		36.45			41.89				38.49	37.37	33.83	34.75	35.18	38.63	40.01	46.09						35.97	31.49		39.55	40.36			37.75	39.91	37.05	35.49	32.93								39.27		35.68	34.19	36.63	45.31				40.93				34.53			37.65	40.99						37.89	37.05		37.19	37.77666667	43.35	44.11								35.49	36.29	34.75	37.51				39.47				31.99	36.97
2181053		44.77	46.79								38.71				39.93	41.85	39.17			38.85	37.23666667		45.49									37.23	38.01	42.70333333	44.13	47.57	55.65	45.85		41.95	38.01			41.63	42.67	47.77							38.75			36.19	38.65666667	45.53	45.93							35.15											38.87	40.61	48.27								35.13			37.83	44.22				42.01				38.85		43.63	47.27	54.63			43.21			38.34333333	39.75	42.57		49.61									39.71		44.39	43.11					36.93			39.87						43.13	40.21				45.11					44.23				37.21	42.65		52.93						43.73			39.93							46.43	41.49	40.45					51.87									46.55666667											45.71		50.59				39.63	40.05				51.11																								49.87						40.97	42.13												39.19	39.89									
2181054		38.73	47.31									41.89		47.01	39.93	43.03	39.17		36.11	32.97	38.32		45.09									37.13	37.24	41.81	45.51	48.29	54.35	45.85		41.95	37.65			42.01	46.25	47.75							38.13	36.89		37.07	39.73	45.53	45.51					35.19		36.09			47.77							38.43		39.89	44.97	46.65					46.93		34.79				43.8			45.63	41.61				38.85		45.13	47.09	54.39			43.21		34.75	37.99666667		42.28		48.87	47.39								39.77		47.71	44.3		42.29			44.26			38.93						43.11	40.05			41.99	44.52	45.93		50.35		43.11	43.47			37.09	44.37										38.41	39.27	45.6	47.33	46.93					42.49						51.87									46.90333333	47.95												50.29				39.23	38.15				51.09						37.27			49.05												47.99										43.23										43.15												
2181055		42.96	46.61	41.71							38.77	42.17			39.75	41.25	39.71				40.7		44.87									36.81	37.66	40.71	45.51		47.45	46.15		41.95	38.35			41.63	42.54	45.29							39.29			35.99	38.39	43.24	46.01	47.99				36.03		36.87			46.97									40.59	43.87	47.01					49.19						45.74			46.07	41.41				38.85		43.39	46.91	50.03			43.37		31.73	38.51		42.30333333		50.17	47.51								39.75			44.9					52.03			39.57											47.45	46.45	51.17	49.01		43.87				38.88	44.21		50.91	49.46							38.33	40.11	48.35		46.66					42.49					44.99	50.33									46.63666667				47.31						43.07			49.09				38.53	38.15				48.59									49.57				49.67									48.61	54.47	51.85						40.63	42.89										42.95		38.25	42.43									
2181056		48.13	46.63	38.21								41.97				42.71	42.51		29.89	37.11	38.53		45.31									37.31	37.93	40.51	43.18		52.95	47.27			40.41			42.73	43.33	43.71							41.47			36.4	40.38	44.96		48.79				33.09		36.87			47.71									41.61	43.83	44.95					46.83		35.29	38.03			45.82			41.23					38.99		46.33	47.11	50.03			42.85		38.52	38.65		42.23666667		50.31	46.65								40.13		44.43	42.96					42.14			41.13	44.49						38.99				46.31	47.37	51.17	50.67		42.99				38.77	44.06		51.27	50.99				41.93			38.89	38.71	48.4	47.27	50.81					43.81	40.29		39.55		46.45	50.37									46.33		45.81									46.11		50.29				39.71														48.13												48.53	46.93									40.79										44.15		38.43	42.29	48.21								
2181057		46.38									40.43	45.07		47.43		42.47	41.81		35.75	38.57	37.65		45.29									38.41	38.21	40.49	44.85	47.77	55.45	48.63			41.47			42.61	40.83								40.63			35.33	39.29	44.78	44.19							38.49					45.33						40.17	41.37	43.75									38.91						45.25					38.99		45.07	47.41	52.35			46.85		39.07	39.83		41.41	47.74										41.01		47.17	45.74		46.61			45.18		40.13	41.21	44.15						41.14		38.15	40.45	47.19		53.73	52.33		47.79				39.24	40.92	44.75	49.85				45.93	44.43				40.29	51.09	48.15						45.75		37.91	41.83			51.49				42.49																		49.21		45.99		40.23														50.99														52.07								43.39													42.58									
2181058		49.95	48.99									44.91					44.85		38.51	34.83	37.65		45.7		47.93							34.07			44.85	53.71	53.43	45.22		44.47	42.75			42.89						45.43						38.87	43.13	45.11								46.16											39.23	40.73	44.73	44.89									38.81		45.69			49.09					40.21		45.49	42.59	51.87			46.65		41.57	37.79		41.76333333	45.7										42.87			47.13		46.87			50.41				46.53						41.32				48		52.89	54.81		47.79				39.81	36.55	47.71						44.61				40.81	51.29		53.87					46.05					47.93	48.69				42.47		36.41												37.09						45.27		41.99									42.91			38.01		50.97														53.89								43.19													42.77									
2181059		49.95	48.99									44.91					44.85		38.51	34.83	37.65		45.7		47.93							34.07			44.85	53.71	53.43	45.22		44.47	42.75			42.89						45.43						38.87	43.13	45.11								46.16											39.23	40.73	44.73	44.89									38.81		45.69			49.09					40.21		45.49	42.59	51.87			46.65		41.57	37.79		41.76333333	45.7										42.87			47.13		46.87			50.41				46.53						41.32				48		52.89	54.81		47.79				39.81	36.55	47.71						44.61				40.81	51.29		53.87					46.05					47.93	48.69				42.47		36.41												37.09						45.27		41.99									42.91			38.01		50.97														53.89								43.19													42.77									
2181060			52.11									40.77					45.55		39.27	35.83	41.87		47.8									41.65			43.51	51.43		46.99			43.33			42.87									43.39		39.67	39.84	42.92	45.13	43.71							40.45			46.03									41.69	45.33						47.63						47.29								39.44		94.39	43.29	51.03			46.65			38.55		42.77666667	45.05										70.65					47.21			42.15				46.05						42.15				48.98		55.91	48.95		47.01				40.09	48.27							45.47				39.91	51.29		54.05					45.69			41.81			51.67				44.29					50.06													53.17		44.59		44.31							46.35		44.09		42.01	50.47		51.11														53.39							44.19	42.37													42.91	49.95								
2181061			45.67									40.59	48.11			45.53	45.75		38.19	38.11	43.25		45.47									39.25	39.38		43.79			46.55		43.67	44.11	41.45		42.81	42.73									39.63	41.59	37.23	42.48	43.81								37.87			46.59	49.97							37.55	41.53	45.13						46.85						43.98				42.75				40.03		47.23	45.77	52.37			48.97			39.21		42.18	49.5		48.61								68.39					46.05							45.23						41.07			41.27	50.27		52.85	45.67		49.25				40.03		47.61	49.53	51.51			45.45	45.47				41.81		43.07	49.71	48.09				46.35	42.07		41.27		45.43	51.57				44.95		38.73			46.85									42.89				54.79				43.77							49.41		44.75					50.49														51.19							42.99	44.45												42.41	43.91	136.37								
2181062			45.45									40.67	49.15				44.69		37.73	36.95	38.46		44.71									38.11	37.14333333		43.79	51.2		46.69		43.57	41.53	39.83		41.27	42.73	43.09							41.49	39.77	35.18	36.91	39.59	42.28								36.06			46.45								36.41	40.42	45.49						45.25			36.53	42.03		45.23			44.77	41.39				37.23		45.51	43.03				44.25		36.11	38.81	40.41	39.66333333	48.65		47.03										47.25			42.77			50.28		39.61								40.01				50.27	47.69		47.17		49.25			36.81	39.45			49.81	49.41			38.23	44.49				41.45	44.25	46.89		46.69				45.23					47.81	47.42				45.41																47.45		51.07		47.31	44.79	42.61							53.27					38.43		49.95									44.25												44.75	42.91										43.05		41.59	41.05	46.11								40.11
2181063			48.93									40.67	49.15				43.63			36.17			44.34									38.65	36.85			47.59		47.93		43.31	42.15	39.35		42.51	40.65666667		42.33	47.23						41.19	39.81	36.86333333	41.55	44.75								35.57			46.07								39.44	38.83	47.17						46.45			39.91			44.33			44.35	42.35				37.23		39.85			47.81		45.67		36.33	36.89	40.33	40.65	47.55		47.63										45.05			43.67			51.36		41.15			47.87					39.55			40.31	46.99	46.81	52.23			45.19			35.93	39.47		44.91	49.61	51.41			39.65					39.09	44.37	46.15	50.13	45.65				42.79		39.85	39.77		49.15	48.4				44.23																						42.45							53.27			47.13		39.89		49.49							53.59		45.57					51.64	50.47						40.17	43.63												41.27	42.57	51.39								42.97
2181064			55.35									41.01	49.93				46.23			36.71		45.45	44.22									38.95	36.19		42.93					44.21	41.63	40.69	36.63	44.03	40.97	44.25								41.84	39.29	39.04333333	42.05	43.89	43.77							36.27			48.77								37.59	39.39							45.85			37.49			43.89			46.37					37.89		41.15	43.25		48.39		45.81			38.62	40.65	41.19666667	47.87		47.67										43.41	44.13		49.55			57.45										41.37			40.67	46.63	48.27				48.65			42.11	39.79		48.37	51.77	54.81			42.69	45.89				40.81	45.07	46.05		45.65				44.15		39.85	40.69		46.95	48.74				44.05					46.41		48.41									45.19		53.59				42.91							53.93			47.13		40.97		50.13														51.46							40.73	43.67												40.75	42.57	49.23								
2181065			52.65									46.17	52.81			47.09	48.35			40.37	37.07	41.67	43.69									42.51	38		43.21	45.09		50.07		46.25	45.11	36.99	38.51	44.03	43.39666667		42.09	48.95						42.41	39.87	37.43666667	43.52	44.91					47.35			37.11			49.18								40.3	40.55	43.85	44.61					48.35														37.33			45.05				47.49		39.31	39.74		42.03	48.83		48.45										49.13			49.17			57.45														48.97	111.81				50.85			41.15	40.75		48.37	51.75	50.47			43.25					42.31		48.11						43.23		39.47	38.33		46.63	52.41				45.95							51.49		53.69													44.45			52.47				54.11			45.79		36.73		52.39	57.47						54.97					49.65		50.91	50.37					48.79	46.53	43.67													43.55	49.99								41.97
2181066			53.03									46.17	52.79	47.91		49.71	49.65		41.53	43.43	41.73	40.72	45.03		48.05			65.77			45.63	44.53	40.25	41.97	45.1	46.79				46.93	45.65	38.41	38.81	44.87	44.19	46.81	42.15							43.13	39.03	36.51	43.74	45.31		50.13						83.41		44.45							47.09		42.95	41.43	45.31	48.23													49.17						38.07			47.75				49.11			40.33		43.045			50.31	44.07																		56.27	49.77											61.83	52.57			50.45			41.15	41.87		50.73	51.75	49.97					46.07			43.43		50.59						58.23			38.47		48.45	52.71				177.35									54.45						45.65	49.69					57.45	44.69			52.93				55.71							50.64	57.47						55.13					49.93			56.35						46.99														43.55	49.81								
2181067			51.79	54.89								46.33					50.83				44.47		48.11					53.35				44.55	40.59		48.61	46.63							37.41	45.53	45.75	45.57	49.13							45.53	39.35		44.51		44.81	51.93						83.41			63.49								39.89	44.97	45.89										55.35					51.03					40.61			46.81						73.63	39.37	43.37	43.41666667			50.11													50.85																46.85			51.65			50.59				48.47		51.43	52.21	52.35								43.69		51.31	56.97					66.29			54.85		48.11												52.55								47.01										55.69									42.07		52.75	58.15											47.45																							44.39									
2181068			51.79	54.89								46.33					50.83				44.47		48.11					53.35				44.55	40.59		48.61	46.63							37.41	45.53	45.75	45.57	49.13							45.53	39.35		44.51		44.81	51.93						83.41			63.49								39.89	44.97	45.89										55.35					51.03					40.61			46.81						73.63	39.37	43.37	43.41666667			50.11													50.85																46.85			51.65			50.59				48.47		51.43	52.21	52.35								43.69		51.31	56.97					66.29			54.85		48.11												52.55								47.01										55.69									42.07		52.75	58.15											47.45																							44.39									
2181069			49.53								41.23	47.47	49.21				52.51				44.01	46.21	46.81	48.97								43.05	39.66		45.69	47.59						50.49		45.53	44.24	46.09								43.93	38.51	39.4	44.3	46.83		53.15						37.19			63.58								39.99	44.41	45.71												84.65		49.35									47.03							39.19		42.97			48.88																													50.35										59.29			48.71	52.17					45.87			43.57		94.13									39.97		47.85														55.01						46.13											67.47										52.89	54.53																				72.51														42.44	68.33						47.13		
2181070				49.91								46.17	50.27			48.03	53.91		55.09		44.07		47.47		47.05							42.97	40.59		44.06			48.75					43.21	42.33	44.17	48.14								45.31	38.17	39.46	43.44			55.25						37.19			50.54								41.43	44.29	44.69												101.99		49.25									43.83		46.07		46.69		73.57			42.59			49.41																															67.89								59.29		50.51	50.69	52.29					46.37			43.21			59.33					58.79					48.83	50.31													55.63													45.49				67.47			54.81								48.93			55.27											55.39							42.57													41.98	68.45								
2181071				41.19								44.15	48.83				52.17			54.49	42.95	42.59	46.33		45.15							42.99	37.54		43.37			50.77			65.33		42.45	43.33	56.73	45.71	47.27								37.77	39.05	42.35			52.29						36.35			48.14									48.67			46.03										45.67		49.25									42.91							40.85		42.675	43.65		51.08								41.93																									43.35		48.65				49.16		48.71	49.03	48.89								42.87		62.75	55.97											54.43																										44.03		44.39		173.01									45.09		47.65														55.27												53.79								44.79									
2181072				40.53								43.75	47.77				51.89				39.63	41.91	48.56		44.65							41.89	33.93	42.04	42.69	49.71		51.17		44.35	65.33	58.05	43.95		42.64	47.31									38.75	39.01	42.47			49.85						36.19			49.36									41.43			46.81						41.77				45.57		47.69						39.87			45.49						39.85	37.17		41.62333333	44.81		48.59													46.75						47.87							42.55					47.67		47.19		48.65				41.15		47.81	48.47	51.51					45.05			41.53								97.99						49.35				45.81																					44.45	38.15				53.44			171.73	50.13							47.17											51.21			54.67					48.55	47.59	40.83	46.45				53.17								42.85	90.83								
2181073				40.53								43.75	47.77				51.89				39.63	41.91	48.56		44.65							41.89	33.93	42.04	42.69	49.71		51.17		44.35	65.33	58.05	43.95		42.64	47.31									38.75	39.01	42.47			49.85						36.19			49.36									41.43			46.81						41.77				45.57		47.69						39.87			45.49						39.85	37.17		41.62333333	44.81		48.59													46.75						47.87							42.55					47.67		47.19		48.65				41.15		47.81	48.47	51.51					45.05			41.53								97.99						49.35				45.81																					44.45	38.15				53.44			171.73	50.13							47.17											51.21			54.67					48.55	47.59	40.83	46.45				53.17								42.85	90.83								
2181074																	50.61		40.25		39.81	40.03	66.75		46.73			44.85				41.89	32.21	42.57	42.13			51.63		44.93	58.23	48.42	41.07		41.03	43.05									37.91	39.11	42.35		44.75							36.51			48.51								38.17	72.42									40.19						45.77						39.03		45.81	46.27		45.95		46.73		113.59			39.41			49.33								96.45											46.35		102.17					42.87				52.41	47.95		62.05		48.89			43.99	40.91		47.53	47.25	46.99					47.77			42.01								-105.27			42.35			46.65													32.81								51.23			46.59	46.07	38.25			45.63		49.51							39.33																	55.23					48.55	44.05	41.75	46.59				53.25								42.47	45.63								
2181075															52.79					39.25		43.19	67.39		48.73			46.27				42.87	35.73		44.11			51.63		45.37		52.45			43.81	44.21										40.73	43.37		46.61							36.19											38.17	43.49			47.37											47.87							41.03		47.83	47.69						113.71			42.57			51.05								55.85											47.89							51.61												44.19	41.29		105.31	48.37	51.39								42.37					58.97			47.09						47.17								32.49		51.23														49.05																															57.29							40.65					53.25								43.31	46.03								
2181076														65.87	52.65		51.85		40.17	40.55			46.45		48.78		46.83					42.79	36.11		43.67	51.83		53.01		44.5		114.78	44.61		43.9		56.43									40.89666667	40.91	42.73	46.61							35.35											40.79	40.11			49.61											55.77	46.81						39.35			46.07		46.03				114.41			41.12	48.27		50.11									47.13	50.97			45.7						50.15		97.21									52.43	71.43				48.37			47.87	40.21		48.47	47.81				44.89					43.77								97.77						49.59										47.89			49.53							48.21						43.81			45.91									39.13			50.33													54.99	55.63							41.33	47.73												43.31	46.05								
2181077										50.31					50.91		51.19		39.85		38.81		46.39		48.57		43.95	49.65				40.75	35.09		40.87	49.53		42.35		43.27	227.75	51.11	37.27		40.25		54.73					46.65			34.99	39.16333333	41.13	44.79	45.05							35.35	42.39										39.97	37.47			47.63								37.39			48.18	46.81						38.95		50.37	45.55		45.91		46.09		40.01			41.36333333	46.01	45.15	49.35	55.01								47.13		43.09		42.71						176.23			55.49	47.39		44.65				40.97	49.34	54.17					47.83		40.83	40.73		45.51	44.99			43.37	44.41					41.03					45.25			47.41					42.25	43.03										47.37			45.06						45.19					45.01		36.71		43.25			49.7	50.73						34.33		45.28	50.99													52.37	52.17							41.27	45.45				50.67					40.97			40.91									
2181078										50.31					50.91		51.19		39.85		38.81		46.39		48.57		43.95	49.65				40.75	35.09		40.87	49.53		42.35		43.27	227.75	51.11	37.27		40.25		54.73					46.65			34.99	39.16333333	41.13	44.79	45.05							35.35	42.39										39.97	37.47			47.63								37.39			48.18	46.81						38.95		50.37	45.55		45.91		46.09		40.01			41.36333333	46.01	45.15	49.35	55.01								47.13		43.09		42.71						176.23			55.49	47.39		44.65				40.97	49.34	54.17					47.83		40.83	40.73		45.51	44.99			43.37	44.41					41.03					45.25			47.41					42.25	43.03										47.37			45.06						45.19					45.01		36.71		43.25			49.7	50.73						34.33		45.28	50.99													52.37	52.17							41.27	45.45				50.67					40.97			40.91									
2181079			44.37												51.47		54.46		42.19			40.45	45.43		48.33		46.29	52.89				41.27	34.71	39.45	42.96	49.13	47.91	42.43		42.53			42.91		38.13					51.53		46.17		40.65	34.27	36.93	41.31	42.89			50.81						36.23				54.25		43.43	40.71	39.21		41.35	31.83	43.17										41.95		40.55	48.54	44.53						31.95		48.01	46.95		42.05		44.07		41.69			40.73	51.11		46.94									41.59	43.99	45.23	55.67	45.63								50.59	53.79	44.79		44.71	39.81			41.09		54.11	47.89				45.99		35.75	39.47		45.07	48.53	48.03			43.83		44.27			41.05								45.19					44.15	52.37		59.55											46.49											45.01		36.83		38.21		48.81	49.15	50.01						34.15			52.32			46.13		60.85								52.04	52.77							42.37	44.65				51.09								39.79						49.03			
2181080			46.05										52.45				52.43		41.07				44.47		49.53							42.39	34.96	42.62	43.39			54.13	47.95						42.06	44.51	42.29							43.45		33.47	44.05				50.97						41.81				56.45			41.31				40.21	45.38		48.63								37.98		45.35		46.77								45.47	42.45						115.17		43.53	39.37	48.13	49.65	48.25											45.23										53.05	58.73								73.87						45.99			40.13		45.23	47.89	50.27					45.59			41.07								46.39						51.29		59.86																	40.81							38.21				48.81																								218.65	53.27								46.05								45.67				39.79									
2181081			48.53								48.65		51.79		54.03				42.29				46.59		46.24		45.13					42.41	37.33	43.24	42.73			53.47							42.65			45.97						42.85			41.61				53.07					34.23								41.49	44.33			42.89	46.87									41.65			38.97	50.13			48.24						42.69	55.46			51.73			42.55			43.05			47.49									40.33	49.23	45.69										53.93									49.81			50.95						40.37	40.77	39.95	47.35	48.43	54.83				80.75			42.63																											54.23						43.57																			40.41																	54.46								51.19												41.63									
2181082			48.53								48.65		51.79		54.03				42.29				46.59		46.24		45.13					42.41	37.33	43.24	42.73			53.47							42.65			45.97						42.85			41.61				53.07					34.23								41.49	44.33			42.89	46.87									41.65			38.97	50.13			48.24						42.69	55.46			51.73			42.55			43.05			47.49									40.33	49.23	45.69										53.93									49.81			50.95						40.37	40.77	39.95	47.35	48.43	54.83				80.75			42.63																											54.23						43.57																			40.41																	54.46								51.19												41.63									
2181083			43.81										47.77		53.55		53.41		43.39			40.21	45.11		46.01			47.75				43.19	38.2	39.37	42.73			53.47			45.63				39.15	45.12	43.19	46.67			48.99			42.19		38.91	40.93				55.23					33.85	29.93						44.57	41.13	43.59			40.69	45.77										86.33		44.34	48.75		57.47	49.69						46.13	47.75		39.35				115.67			41.47												39.49	47.77	49.99							42.89	45.43		54.49								47.31	46.71									39.05	40.35	44.13	45.97	46.57								42.92													45.23	53.41		48.55																	42.71									44.33			50.25							36.91			55.09														54.57								48.09		49.89						45.15	41.55			38.53									
2181084			45.33										51.09		53.35				44.35				42.99		45.27							41.67	37.61	45.41	42.97		53.03				47.03				41.29					70.87		59.25	41.83	41.91		36.55	44.09			50.13	55.21					34.25	44.29				56.67			40.51	43.82			39.84	44.35										85.99		47.07			94.15							51.21	47.33		52.09				116.01	46.73		41.11666667												43.09	42.09	49.91		43.03								52.97					40.75			46.77		47.07							46.75	40.53	42.77	45.44		53.35								42.23			49.73		45.85						42.81		44.03	54.39		51.15											52.05						45.05							40.13					49.97							36.69			55.81			48.91				45.03	46.23		44.99			49.31	52.03							41.59					51.39		45.83			40.69			37.33	39.81								
2181085													79.23		54.19				42.13				46.01		48.52							43.05	39.77		46.22						47.03												41.83	41.21		37.97	41.33	42.97								35.97	44.55							42.95				36.43	43.83																						86.97							116.25	42.41		41.88		46.41										46.65		50.37										54.65										68.65								40.87		46.19										42.63					48.39						44.09																						46.67	49.99						42.01					51.05							36.83			57.39			51.79										55.31	55.07							43.81					53.23				47.01				40.31	41.35								
2181086			52.09										49.77		54.99		52.51		41.87			43.41	45.60333333		50.85							42.87	39.69		46.21		53.65				46.95				41.97					158.83						39.06	43.63									35.99				51.11				40.05				42.23666667			51.63								53.41666667		51.07								29.25		51.83	48.01		126.17					42.54		42.25666667		47.37										49.77	46.13	52.67										53.35					40.41				83.85			54.09					48.93	41.67	48.07		189.45	51.65	52.21							42.75	47.37		50.95					97.29			43.15				52.15							45.77											46.49	50.61					45.63	37.63			48.53		51.43							35.55			56.55			51.01									51.63	53.47	53.39							45.89					51.99				47.01	43.43			39.27									
2181087			52.09										49.77		54.99		52.51		41.87			43.41	45.60333333		50.85							42.87	39.69		46.21		53.65				46.95				41.97					158.83						39.06	43.63									35.99				51.11				40.05				42.23666667			51.63								53.41666667		51.07								29.25		51.83	48.01		126.17					42.54		42.25666667		47.37										49.77	46.13	52.67										53.35					40.41				83.85			54.09					48.93	41.67	48.07		189.45	51.65	52.21							42.75	47.37		50.95					97.29			43.15				52.15							45.77											46.49	50.61					45.63	37.63			48.53		51.43							35.55			56.55			51.01									51.63	53.47	53.39							45.89					51.99				47.01	43.43			39.27									
2181088		53.05	45.23										48.07	52.89	53.46		48.55		42.1	39.33			43.03		49.09			55.87				41.39	37.83	43.19	42.55	49.87	53.11666667		48.27	45.35	42.29			37.69	41.93					158.77		45.01				38.75	41.79		46.11		46.79					36.79	41.25		49.23	50.17			44.09		42.81		39.81	41.14		49.45			50.59						45.41		45.96		46.05	48.47	43.29				35.77		48.35	47.03	50.23	87.95					42.79		44.67	46.97	49.39	48.81									47.33	45.01	52.27	47.55							40.13		51.17				44.23	41.39			41.89	103.37	50.67	51.65	50.71					35.17	42.37	87.28333333	47.31	51.41				43.19					40.69	48.03	49.39					45.53	95.87			42.11		47.51		51.25	57.17						45.39		48.25			43.57			44.15			43.27	46.03		51.33				39.81					50.05	50.49						33.71			52.15			50.53				43.63	46.69		45.09		48.81	53.47				44.73				43.69					49.45					44.71			40.15									
2181089		57.51	50.36									44.79	48.97	47.35	53.48		43.79		43.18	37.27	39.77		42.87	48.27	47.39		45.93					41.03		42.81	46.55666667	47.19	52.05666667		46.41	45.35	43.35			36.39	40.45	45.13		48.03		159.81						37.49	43.95	40.67	45.09	48.25	46.99					36.97	37.93		49.69	86.85					43.31		39.95	42.32	43.19	48.93	51.75		45.46						41.43		47.33			93.51					35.77		44.13	46.59	51.46	51.01				41.03	45.02		43.635	47.01	49.73	52.01							40.55		47.69		51.93		46.77						42.05		94.04					40.65			42.77	52.79	59.34	51.99	52.58		43.85	47.71		35.59	41.05	42.94	49.23	51.92			44.29	42.95					40.57	48.69	49.43	54.03		47.09		47.69	96.09			41.63		167.91	50.76	51.69	57.17						46.09	43.89	55.79			50.09			44.15			44.73		50.55	50.91				42.09	58.39				50.97	50.87									52.75							44.19	48.45		45.35			54.78	51.01			44.37				45.21					49.95					41.67			41.39	41.27			47.35					
2181090			50.77	50.97									44.97		55.73		43.79		42.27	38.54	38.31	40.01	44.69	48.51	48.67		47.43	51.79				40.97	36.79	40.55	41.51				44.91	43.05	43.13			37.67	31.71	44.05		48.03	50.75						36.55	38.29			44.57	47.67							40.99		49.13	51.43	50.01			44.21	42.51		37.69	40.89666667	44.36		49.58					48.55			45.75666667		43.25	50.31		56.41					29.63		44.62	48.27	50.41	51.01				35.55	46.92		42.595	49.21	49.03	51.15							40.55	66.99	39.07		51.85		46.77						41.81	47.29	48.58333333	46.31			79.63	43.58			41.97	47.99	52.67	53.21	45.57		43.85	48.59		35.19	39.25		45.38	53.11	51.07			44.95					41.11	46.75	49.43	53.39	51.79				47.01					47.45		51.75	49.71		45.25				43.30333333	42.51	55.25			47.57	48.93					40.17	46.23	52.39				43.15	39.01			47.27		50.41							35.37			53.37			49.25				46.25	47.21		42.15			53.59	51.35			45.39				45.21		44.11			49.93					41.81			41.26	44.58								
2181091			131.05	52.75									49.31		51.82		45.81		46.47	40.83	39.99	41.15	44.37	48.51	49.54		47.05					39.67	38.89	40.62333333	45.09	48.89	56.42		45.79	45.15	43.87			39.39	39.05	43.96333333	46.73		51.19						36.49	40.69	42.64	43.53		47.84	50.17					23.83	39.68		49.31	215.97							38.01	42.72333333	43.07	45.65	46.21		47.13			50.41			40.34		46.72	46.95	45.65	48.37	43.61				29.21		42.82	48.39	43.51	47.68		45.15		37.79	46.73		43.32			52.83								49.85	45.87	65.65	52.49	44.13	46.27							47.57	49.23				39.93	42.81			40.97	48.63	50.41	50.67		50.61		46.71			40.05	42.97	46.05					44.11						47.17	49.01	53.93	52.53	45.95			145.85	43.33	42.61	103.33		47.13	52.29	51.59	50.07		44.57				46.4		55.43	55.81		122.49	50.49		43.81					50.99	53.63			44.61				48.03		50.45	49.77						33.69			53.49		56.69					42.71			43.23			51.85							43.49	47.99					51.55					43.43			42.02	43.1								
2181092			131.05	52.75									49.31		51.82		45.81		46.47	40.83	39.99	41.15	44.37	48.51	49.54		47.05					39.67	38.89	40.62333333	45.09	48.89	56.42		45.79	45.15	43.87			39.39	39.05	43.96333333	46.73		51.19						36.49	40.69	42.64	43.53		47.84	50.17					23.83	39.68		49.31	215.97							38.01	42.72333333	43.07	45.65	46.21		47.13			50.41			40.34		46.72	46.95	45.65	48.37	43.61				29.21		42.82	48.39	43.51	47.68		45.15		37.79	46.73		43.32			52.83								49.85	45.87	65.65	52.49	44.13	46.27							47.57	49.23				39.93	42.81			40.97	48.63	50.41	50.67		50.61		46.71			40.05	42.97	46.05					44.11						47.17	49.01	53.93	52.53	45.95			145.85	43.33	42.61	103.33		47.13	52.29	51.59	50.07		44.57				46.4		55.43	55.81		122.49	50.49		43.81					50.99	53.63			44.61				48.03		50.45	49.77						33.69			53.49		56.69					42.71			43.23			51.85							43.49	47.99					51.55					43.43			42.02	43.1								
2181093			50.65	50.83			46.85					47.37	43.29	50.73	52.13		45.65		47.89	40.26	38.78	41.11	42.99	46.6	48.67		47.97	50.31			41.05		37.7	39.99	65.9	48.14	56.21	44.57	39.21	44.65	40.59			40.11		44.61			40.91		49.23		43.23		36.95	35.09	41.58	42.21		47.79	49.83					33.43	43.19	48.61	49.26	51.37	49.49						37.53	41.97666667	43.82	49.33			45.12					40.11	39.03		46.51	46.93		48.95					36.03		41.4	47.98	48.19	46.95		45.23		35.39	43.84		43.25		50.59	49.18			51.17					72.49	45.28	44.65	52.51	48.71	46.37							48.28	50.29					42.46333333			40.67		223.19	50.41	55.01	50.09		45.41	40.53	32.39	40.71	44.37	45.78		51.99		60.79			43.47			39.92	46.49	49.31	52.89	53.63	46.65		47.23	45.88			119.43	40.65	44.15	52.09	51.51	49.65		44.47				45.69					50.79	50.79		120.61	40.41		48.29	47.05	50.77				44.83	38.85			47.12		51.03	49.51						31.25	43.33		53.09		57.31	51.29					40.07		51.71	47.81		52.02				46.35		50.73	42.05	47.33		47.61	52.93	54.55	50.79								41.17									44.79
2181094		52.93	49.63	48.21			43.93						47.07	46.19	50.21666667		43.83		42.67	39.55	37.96	39.03	42.71		48.48		45.93	44.15			39.05	39.61	36.49		44.92	46.95	55.03	42.83	44.75	43.15	41.43			39.99		43.65666667		48.75	38.77				42.21			38.33	41.25	41.83		46.99	49.03				39.83	37.80333333	42.72	48.83	48.87	50.53	46.45				34.85		40.17	42.49666667	44.21	48.39	49.87					44.33		38.71	38.175		46.51	49.6	45.89	48.83	44.93						41.91	47.38	247.65	48.97		42.85		40.36	41.01		43.51	46.4	49.92	47.95			50.75				37.27	43.39	43.46	50.63	52.81	45.53	44.57	42.23				41.75	43.43	46.46	46.74				45.49	42.08333333	39.89	41.54	40.01	46.91	146.17	50.07		50.09		46.67	41.28			43.89	45.33		50.23			47.45		43.47			39.56		48.79	51.71	52.65	46.78		48.03	44.61		41.63	43.31		43.15	51.35	50.95	57.71	52.43	43.65	43.23			42.57	43.43				44.31	48.01		44.4	40.37	41.05	43.41	47.38333333	50.76	53.23			43.07	40.95	41.43		46.96		50.59								42.19		52.5		55.33	49.69		64.93			39.65		40.57	47.39		51.32	50.85			45.25			43.77	42.43		47.18	105.65	54.11	48.87			47.85	46.87	46.04		38.15	42.69	45.09			47.51		52.19	47.35		43.23
2181095		51.43	49.41	41.39			44.73					47.65	45.46	47.42	49.51666667		42.53		44.15	39.08	38	39.53	41.73		48.78333333		45.93	45.27			38.27	39.55	36		42.69		60.21	43.49	40.79	42.53	42.15		38.97	40.19		44.13666667	47.15	49.17	46.27				44.07			37.80333333	40.67	41.39		47.33	46.79				39.25	39.46	41.47	48.31	49.35	50.13	45.63			38.27	45.99		38	45.05666667	45.17		48.51		45.95					38.87	37.94		46.03	47.57	43.27	48.37	44.93				28.93		43.39	45.43	45.99	46.82333333		44.49		35.87	40.47		41.82	46.95	48.68	48.98							36.17	42.85	41.83	49.59	52.11	52.79	44.05	42.99					42.97	46.73	46.39				44.69	41.97		40.82	42.84	45.53	46.71	49.47		49.05		45.05	42.25		39.89	42.93	47.28		49.53			47.35					39.73666667		49.61	51.44	51.73	58.38		46.21	43.25	43.97				43.77	51.55		57.71	50.99	43.03	42.49			41.59	43.59	50.81	54.35		42.21	49.11		45.89			45.63	44.57	50.41			47.07	44.06		39.51				50.49						41.43		44.07		52.73		55.33	53.59					39.31		43.07	44.29		50.41	50.51			45.25		47.31	44.63	44.49		49.73	50.71		48.65				45.65	50.05		38.55	41.19	43.97					52.19	47.59	47.15	43.23
2181096		52.89	50.35	41.39			45.17						47.45	49.53	51.78333333	48.13	42.53		46.63	39.93	38.44	40.19	42.89	46.09	50.19		47.79	43.37			37.63	39.65	36.91	40.79	55.44	47.49	53.46333333	43.49	41.93	43.51	44.19		38.19	42.09		44.47	47.03		51.43				43.09			37.995	40.07	42.97		47.73	48.17		47.59		43.67	39.31666667	40.43	48.31	49.43	51.69	46.21				56.31		41.23	44.76	43.39	47.97	48.75		46.93					39.47	39.37		45.97	46.52	43.27	48.81		50.61					43.77	44.27		47.71		45.19		36.25	40.29		44.01	47.3	50.55	49.4			50.75		50.99		38.29	43.19	41.83	47.91	52.11	46.97	44.05	45.23				41.57	43.68	47.74	57.07				45.93	42.55		68.58	43.06	45.75	146.25	50.29		51.35		46.43	43.38	45.41	40.03	44.61	47.68		50.67			47.73		43.37			40.59666667		49.78	52.18	51.19	58.97		46.55	44.23	44.15	44.49	41.47	40.69	44.11	50.41	51.77	48.79	50.99	44.43	43.11		41.13	43.85	47.19	51.07	54.51		50.15	51.11		120.11	40.23			47.33	51.46	53.97		59.61	47.39		40.67					48.99					42.69				52.7		57.13			63.45					42.67	48.41		51.45	52.61	67.35		46.47		50.01	42.29	45.77		49.1		51.53	49.39				48.81	43.65		38.53	43.47	44.93						48.17	47.97	43.69
2181097		50.11	50.51										48.83	49.37	50.95		73.61		49.29	39.83	39.04	41.09	43.64		48.60333333		49.01	43.97			38.91		35.73	39.83	71.52333333	47.42	56.79	45.5	42.57	43.51	44.07		39.31	40.75	39.77	45.02	48.15		47.89				43.04			39.81	39.49	46.68		49.39	50.15				43.67	39.51	40.67	47	50.17	51.59	48.59						35.75	47.12	43.71	49.23	72.27		48.33					52.34	36.11		46.45	46.92	43.27	50.65		50.61					43.17	44.90333333	46.49	48.04		44.49		37.21			43.95	49.41	49.45	49.75			53.77				38.29	48.97	45.46	56.74		53.91	45.85					40.05	44.55	48.03	46.76				49.13	43.74		43.24	42.45	46.34	222.71	48.03		51.67		45.47	44.16		40.03	44.39	47.69		181.05								41.32	47.05	50.54	48.51	52.49	48.11		49.15	44.77	44.51				45.61			52.7		43.85	86.54			42.45	47.17	54.81	54.63		49.51	51.11		45.03	40.99			46.99	51.55				46.3				46.66												53.02		57.63			63.09		144.43	62.95			47.99		51.57	52.65					49.02	42.71			48.17			50.63				49.03				45.11	45.45						48.13		45.75
2181098		49.25	52.98333333										48.73	50.79	53.34		73.77		47.65	41.09	38.96	42.71	43.55	45.99	47.97					60.75	39.81			41.64	64.51	47.42	55.37	47.45	45.89	43.57	44.45			39.39	39.97	44.79	47.95		44.77				46.21		33.83	37.81	39.72	45.50333333		49.15	50.25		53.57			39.54	40.21666667	47.27	49.33666667	51.97	49.13						34.51	42.82	45.23	61.59	54.01		47.25					40.25	41.905		46.71	45.95	45.09	49.43		52.03				43.63	43.05666667	46.57	48.59	46.91		44.97		36.01	38.15		43.88	49.09	49.84	49.39666667	49.05				51.03		37.31	45.41	46.4	56.16	52.35	53.77	45.21					38.01	51.75	47.93	47.73				51.68	44.35		41.65		47.19	56.25	53.33		51.33		45.07	43.45		41.03	55.09	47.59	49.63	49.79					46.09			40.18	47.21	49.55	51.3		59.06			43.07	45.09				45.41			54.05		45.47	86.47			44.75	46.14333333	54.05	54.13		54.4	51.67		44.77	40.41		46.65	47.69	51.28			44.01	48.89			42.47	46.71									34.81	42.09		53.36					65.19		44.67	357.27			48.05		51.88		67.23		47.41		50.91				57.88			50.31				48.15	44.37		45.79	45.67	49.45					51.37	47.41	66.89	44.21
2181099		51.4	52.265							40.95			47.97	50.57	50.83666667		46.15		43.15	40.62	39.43	43.95	44.79	46.29	48.22						39.67	40.17	38.13	42.035	63.41666667	47.45	55.57	47.11	45.05	44.31	43.89			40.97	42.59	45.16	48.52	48.39				45.59	43.08		37.61	39.54	41.63	45.83	46.61	49.31	49.87		47.97			40.03	41.30333333	47.49	49.24333333	52.63					40.67		36.09	44.47	46.67	47.36	88.86					44.41		62.52	40.02333333		45.85	48	44.49	49.47		52.65				45.25	43.41	48.14		48.78	53.95	46.29		40.9			44.11	48.63	49.57	48.88			53.75		49.68		37.31	44.46	45.79	67.09	50.27	53.37						41.91	51.75	47.52	47.51				51.09	43.84333333	39.53	40.89		47.65		52.91		52.67			42.71	47.09	40.63	44.41	45.96	51.57	69.37					45.91			41.7	47.25	50.5	50.76	55.65	50.44		48.07	41.27	43.89		50.41	41.03	45.89			51.91	49.75	44.41	42.71		31.07	42.71	47.27	55.23			60.43	50.37		44.02	40.11		48.33	74.29	51.38				50.71		40.39	42.47	47.84							45.73	41.79	37.07	41.99		52.8			46.83		59.09		45.13	44.63					52.59		66.13		47.27		50.91		60.61	49.35	57.68	148.85		50.75				46.87	50.25		45.13	45.35	48.87						44.89	66.61	148.52
2181100		51.48	53.22333333								41.79		47.91	54.71	49.87666667		43.91		41.64	39.9	40.19	42.31	46.1	46.40333333	48.74		46.55				41.37	40.47	38.25	41.87	55.985	47.17	55.51		47.51	44.51	43.81			40.39	42.19	44.59	49.63666667	49.77	44.31			45.29	44.07			39.63	41.81	45.95		48.93	48.91		50.75			39.81	42.10333333	45.56333333	49.43666667	51.3					47.27			43.28	44.95	60.71	52.92		47.83			49.89		39.8	42.05		46.2	48.54	43.35	48.51						42.85	44.35666667	48.02	48.17	50.28333333	48.01	43.79		46.45	42.07	42.93	42.16	47.47666667	49.19	49.49			55.63		50.19	40.23	39.36	46.82333333	44.85	55.05	48.99	46.07		45.53		47.71		40.07	42.36	47.86	49.86				50.97	42.45	40.83	43.04	40.39	45.63	52.25	52.13		34.33		45.35	41.52		40.85	44.41	45.87	51.15666667	49.75			47.27		44.48333333			41.16	47.51	48.25666667	50.23		48.75		47.31	45.47	44.99666667		50.19	40.81	45.97		51.23	51.06		44.17	42.65	43.11	40.25	41.45	46.43666667	49.75			45.97	49.85		43.72	43.74	44.81	45.96	47.95		50.28		47.09	44.46333333	38.09	41.15		49.41							45.41	40.65	39.25	42.33		52.88			50.69		60.86			44.89	44.09			48.59	51.34		70.01		45.63		47.07	44.85	155.61	57.71	56.59	50.57					46.39	46.87	47.29	44.03	45.13	45.47	49.61			49.79			45.69	46.35	10.72
2181101		51.48	53.22333333								41.79		47.91	54.71	49.87666667		43.91		41.64	39.9	40.19	42.31	46.1	46.40333333	48.74		46.55				41.37	40.47	38.25	41.87	55.985	47.17	55.51		47.51	44.51	43.81			40.39	42.19	44.59	49.63666667	49.77	44.31			45.29	44.07			39.63	41.81	45.95		48.93	48.91		50.75			39.81	42.10333333	45.56333333	49.43666667	51.3					47.27			43.28	44.95	60.71	52.92		47.83			49.89		39.8	42.05		46.2	48.54	43.35	48.51						42.85	44.35666667	48.02	48.17	50.28333333	48.01	43.79		46.45	42.07	42.93	42.16	47.47666667	49.19	49.49			55.63		50.19	40.23	39.36	46.82333333	44.85	55.05	48.99	46.07		45.53		47.71		40.07	42.36	47.86	49.86				50.97	42.45	40.83	43.04	40.39	45.63	52.25	52.13		34.33		45.35	41.52		40.85	44.41	45.87	51.15666667	49.75			47.27		44.48333333			41.16	47.51	48.25666667	50.23		48.75		47.31	45.47	44.99666667		50.19	40.81	45.97		51.23	51.06		44.17	42.65	43.11	40.25	41.45	46.43666667	49.75			45.97	49.85		43.72	43.74	44.81	45.96	47.95		50.28		47.09	44.46333333	38.09	41.15		49.41							45.41	40.65	39.25	42.33		52.88			50.69		60.86			44.89	44.09			48.59	51.34		70.01		45.63		47.07	44.85	155.61	57.71	56.59	50.57					46.39	46.87	47.29	44.03	45.13	45.47	49.61			49.79			45.69	46.35	10.72
2181102		51.15	54.23								39.15		48.77	55.72	49.17		159.43		45.13	40.44	38.49	42.35666667	45.41	46.53	48.92		48.33				39.21	40.93	39.97	43.445	44.55666667	47.51	55.75		48.11	47.11	44.29	44.37		38.69	41.77	45.93	50.11						44.51			39.85	41.13666667	46.20333333		50.27	49.55					40.84	42.91	47.63	51.79	96.97					47.34			44.94	45.21	57.25	53.41		55.79			49.45		41.01	40		47.07	48.71		50.05						42.67	45.03666667	48.11666667	48.85	49.92333333		43.79		37.05		43.41	42.73	47.83666667	50.41	49.54					48.45		39.86	47.31666667	43.88	66.89	52.35	51.97		44.97				42.31	43.25666667	49.19	50.01666667				45.39	43.09666667	39.73	40.07				53.99				44.39	44.09		40.41	46.93	46.47	51.40333333	50.13					47.85		41.47	41.2	46.11	50.73	50.93		50.73		49.65	43.77	44.71		50.15	41.63	45.95		51.27	52.63		45.45	42.65	43.11		41.73666667	47.21	54.15	51.85		45.19	49.85		69.78	46.33	43.03	78.61	47.8	51.33	49.23		47.09		43.23	40.17		49.43		49.07					45.39	41.13		44.33		52.99					61.33					70.89		54.83	50.76						47.57	44.63	78.99666667	57.13	57.04	51.51					47.71		53.87		45.47	44.12	49.13			49.57			48.03	47.67	71.15
2181103		48.31	51.65								38.67		49.79	95.81	47.73				46.59	41.35		42.49	46.92	47.89	50.24		46.23				39.55	41.34	39.99666667	43.695	43.48	49.73	56.89		46.43	45.27	46.09	44.37		37.61	70.11	45.37	50.51						44.77			39.61	40.02	46.31		50.02	50.81					41.23666667	42.57	46.865	51.75	53.79					42.93		40.43	42.17	43.53	50.51	52.25		49.97					40.19	69.36333333		47.3	106.29		236.29	44.17	48.33			38.87	44.03	44.52333333	47.25	48.45	49.59		44.69		42.31	38.99	42.94	43.05	48.73666667	51.07	50.21			53.45				39.34	44.9	45.14333333		52.85							41.23	42.19	48.93	49.45					42.95666667	41.23			49.37		53.63					42.49		40.15		47.85	51.05	54.57					45.12		40.86	41.97	46.53	50.85	51.21					46.55	45.25		41.91	40.69	44.91		50.97			44.97	40.55	41.21		42.39666667	46.99				46.11	49.67		43.07	42.6		44.77	47.13	50.67	52.76		44.75	47.83				48.93	49.41	49.79								44.95		52.87			49.94		58.19		45.2	111.69				58.53	49.89						46.66	44.57	53.18		49.51	52.77					48.09				41.5	42.93	48.69	45.49					50.19	46.75	70.38
2181104		49.33	53.65										50.79	52.13	50.57				244.47	41.37	37.41	42.71	46.83	48.11	50.89		47.17				40.59	41.81	40.47	43.77	57.21666667	49.43					45.59	46.59	40.95	37.63	42.15	45.25	50.66						44.12			39.37	41.09	46	44.19	50.09						40.1	42.62	46.87666667	51.63	53.79					43.01		40.41	47.32	47.31	50.88	52.49						48.75	41.01	41.3		45.81	106.57								44.15	46	46.135	48.69	43.51		46.67		36.25	39.43	56.56	44.55	48.24	50.33	49.63							39.96	43.89	44.57	45.91	51.71			46.65				39.47	42.45	76.44	48.82					42.84		41.63			54.15	53.71					42.49			46.15	46.26	51.65666667	50.21				50.07	46.11		42.65	42.25			47.57						46.33		40.23				51.67			65.07	43.19			42.23666667	47.51					50.09			43.18		45.43	47.39	52.79			47.75	53.15	43.83					48.91						44.67				52.54			52.99		58.19				50.83		48.85	58.43	52.63						48.57	46.13	57.01		49	53.23									42.2	43.73	49.97	49.69			49.37				70.15
2181105		49.15	49.24								40.03		47.53	49.97	46.27				241.75	36.51	39.57	41.02333333	45.19	45.55	48.57	48.07					39.55	39.7	39.90333333	40.21	44.39666667	47.47			45.59			44.09	38.93	37.37	40.73	44.25	48.97	46.01				43.28	42.29		36.95		41.46	44.44	43.91	49.06			44.65		47.01	36.53	40.18	46.12	46.16	51.25							39.01	41.72	45.12	50.5	47.89		44.14					39.87	40.48		44.81			43.67							43.83666667	45.03	45.43	42.53		43.05		41.27	39.14	40.77	43.13	47.01	49.61	49.83						40.15	37.2	41.99	44.55666667		48.87			43.31					41.02	45.33	48.53				41.27	43.69		39.83	43.23	46.03	51.29			32.73			43.03			42.85	45.7	50.16	48.37			43.37	44.49	43.99		40.27	40.57		54.51	47.63		47.55		42.69	46.55	43.67		39.15				51.13				45.62333333	40.41		40.74333333	46.87	48.94			44.23	50.09		41.83				45.63	49.49		47.05	45.83	44.19	40.13			48.05		47.79						42.85	35.3	40.71		51.63			47.73		51.66		54.61	136.45	44.33			56.85	44.49				42.15		44.25	41.43	42.18	48.77	48.03	48.95									40.63	40.09	48.35	48.29		62.35	46.35		49.87	45.69	42.27
2181106		49.15	49.24								40.03		47.53	49.97	46.27				241.75	36.51	39.57	41.02333333	45.19	45.55	48.57	48.07					39.55	39.7	39.90333333	40.21	44.39666667	47.47			45.59			44.09	38.93	37.37	40.73	44.25	48.97	46.01				43.28	42.29		36.95		41.46	44.44	43.91	49.06			44.65		47.01	36.53	40.18	46.12	46.16	51.25							39.01	41.72	45.12	50.5	47.89		44.14					39.87	40.48		44.81			43.67							43.83666667	45.03	45.43	42.53		43.05		41.27	39.14	40.77	43.13	47.01	49.61	49.83						40.15	37.2	41.99	44.55666667		48.87			43.31					41.02	45.33	48.53				41.27	43.69		39.83	43.23	46.03	51.29			32.73			43.03			42.85	45.7	50.16	48.37			43.37	44.49	43.99		40.27	40.57		54.51	47.63		47.55		42.69	46.55	43.67		39.15				51.13				45.62333333	40.41		40.74333333	46.87	48.94			44.23	50.09		41.83				45.63	49.49		47.05	45.83	44.19	40.13			48.05		47.79						42.85	35.3	40.71		51.63			47.73		51.66		54.61	136.45	44.33			56.85	44.49				42.15		44.25	41.43	42.18	48.77	48.03	48.95									40.63	40.09	48.35	48.29		62.35	46.35		49.87	45.69	42.27
2181107		45.36333333	47.29				39.43				36.79	40.67	44.07	47.31	48.74				35.37	34.09	36.13	39.81666667	43.31	45.91	49.34	44.49					35.45	37.07	36.7	39.43	43.74333333	47.03	49.33				38.49	38.57	36.45	35.49	41.13	43.01	47.69					38.65	36.68			37.57	39.71	43.84	44.55	47.98			38.73		42.05	35.34	40.31	42.79	44.2	48.63							35.53	39.83	43	48.71	50.27		38.03					35.48	35.965		42.05	46.17		42.37		46.07	40.19				41.8	42.27666667	43.55	39.97		37.61		36.25	37.67	38.35	40.78333333	44.945	48.04	47.73	46.13				44.87		35.35	40.94	41.76	46	45.79			40.45		40.35		40.41	40.59666667	43.36	45.245				38.06	40.57	37.55	37.53	39.73		48.73	48.37	45.85	32.83			37.97		35.49	40.22	43.98	49.34	49.12			40.33	41.82	40.54		37.75	37.59	44.98	47.58	48.09		45.15		39.99	46.55	39.62	38.06	38.53	37.77			48.15				38.22		37.63	37.66333333	43.59666667	46.45			40.93			38.19	37.78	36.31	40.91	44.58	48.19	52.47	42.55	45.83	41.13	39.18	35.79	38.83	46.99	46.43	43.23				39.99		37.84	36.27	40.71	43.17	49.81		44.01	46.5		50.97		40.77	41.95	41.07	39.25	44.57	52.53	47.65				42.15		44.25	39.19	40.04	44.57	45.87		45.07							38.71	36.67	39.65	43.35	48.29		44.71	40.83		41.31	41.39	38.07
2181108		44.66	48.49666667	41.15					36.41		37.03	40.67	45.43	47.63	49.29	39.45			37.89	36.84	38.09	39.23	43.39666667	44.77	47.91	45.03					35.73		38.35	41.21	43.53	46.51	49.23				36.39	43.81	37.27	35.77	42.24	43.27	47.74	45.69				39.17	37.01		35.35	39.57	39.76	43.42	42.55	48.11			39.05		42.49	35.93	40.87	43.615	43.65	49.2								40.54	43.02	48.69666667	49.19		37.89				38.95	36.76	36.51		43.04			44.01	45.39	46.59	39.39	40.35	31.41		39.15	42.34333333	43.71	42.47		41.31		38.15	37.76	38.71	40.15	44.57666667	48.31				45.23		41.11		35.15	40.96	42.44333333	46.48	45.79					40.71	35.73	37.85	38.79	44.11	43.91				37.37	39.07	38.13666667	38.04	40.31		48.2	48.73		32.83			37.87		35.83	40.54333333	44.235	48.68	47.74		40.73	42.41	41.25	40.13666667		34.97	37.27		46.27	46.32	49.05	46.54		41.71	41.85	42.17	38.09	37.44				48.77		45.05		38.44	37.65	37.64	38.57666667	44.63	45.85			42.27			38.34333333	41.03	39.87	43.35	43.56333333	47.41	52.51	46.57	43.47	41.12	37.54	36.11		44.35	46.83	43.07						37.92	36.85		45.47	49.99			46.31		48.11			42.13	41.07	39.93	44.71	50.55	48.73				40.99	37.85	42.67	39.09	39.32333333	45.41	44.72	46.17	47.37				44.43			39.31	36.59	39.31	43.57666667	46.95		45.67	41.33			43.01	38.22
2181109		46.34	49.39	40.81					36.59		36.27	40.57	43.7	46.58	45.51666667	39.03			37.37	35.61	37.29	39.715	44.22333333	46.54	47.93	45.87					34.99	37.59	38.37	42.385	42.98	47.83					36.13	41.55	37.07	37.07	43.05	45.79666667		46.57				37.93	36.41	37.37	35.33	36.87	39.59	44.43	47.27	49.92			37.85		41.71	34.83	40.55	45.11	44.03	51.13					36.61			42.09666667	43.56	51.69	51.61							35.98	36.67		44.23666667			43.09		45.59	39.21	37.75			39.79	43.06333333	44.43	44.45		39.85		39.72	39.23	38.97	42		50.11		40.01		43.79		42.03		34.73	40.47	42.95	44.57	46.29					40.31	34.35		38.49	42.83	46.57				37.29	39.31	38.39	37.95	40.04333333			48.59		32.67			37.61		36.03	41.61	44.985	49.19	47.85			41.57	40.49	39.24333333	36.65	34.7	37.49		47.89	45.37	44.81	44.33		41.57	41.35	41.51	38.25	37.75	37.61			49.29		45.07		37.25		33.69	38.71	44.19	46.79						39.82	42.71	39.91	42.03	43.69	48.59	49.13	43.69	41.91	38.66	39		38.71	44.63	46.99					40.69		37.8	36.15	38.13					44.69		47.51			42.05	42.83	39.75	44.59	50.04	51.47	46.83			40.19	39.41	43.49	38.55	38.845	48.05	47.32	47.53					45.17			39.37	36.66	39.55	44.48	43.85		45.25			41.79	43.39	39.35
2181110		47.31	49.68						36.41		36.91	40.09	45.99	46.47	45.88333333	39.03				36.47	37.27	40.175	43.78333333	46.62	49.64	47.09					35.09	36.75	38.48	42.225	43.91	47.59	50.37				36.21	44.75	37.09	37.07	42.885	45.89	47.65	45.69				38.17	38.81	37.37	35.85	37.45	40.3	44.76	45.73	50.21			38.21			35.21	41.21	45.54	44.73	52.01					36.87			40.88	43.44	50.03	50.67						37.77	36.62	37.46333333		45.81			43.55	41.37	45.95	39.21	38.79			39.49666667	42.96	43.97	44.71		41.31		42.39	37.87	39.33	40.97	45.38	49.23				47.03		44.85		34.72	41.56	43.32333333	46.62	46.71			41.75		40.61			38.03	43.48	44.17						39.19	36.85	41.15		49.25	48.41		32.91			38.51	36.25	35.73	41.43	44.95	50.17666667	48.57			43.45	40.49	38.99	37.55	33.99	38.79		47.89	45.63		44.89		42.69	41.27	39.51	37.87	37.47				48.37		46.05		37.26		38.8	40.35	43.76	46.32						39.89	40.63	38.83	42.72	43.34333333	47.89		43.91	40.27	38.44	36.29			43.37	46.97				42.71			38.42	36.01	38.01					44.89		47.17			42.35	44.95			51.59					41.45	42.35	43.81	38.07	38.48333333	47.23	46.18	45.61	47.37				48.09			39.37	37.51	39.55	44.49	43.85						38.13	38.13
2181111		43.46	48.51	39.67							32.93	38.13	44.49	45.93	39.56					33.21	37.3	41.49	44.08333333	47.23	47.87	46.15						35.27	38.79	42.635	45.21	48.09					33.73	42.09	33.29		42.98	46.25666667				42.33		36.99	36.35			34.74	38.87	43.97	44.77	48.69			37.35			34.68333333		45.1	44.58	52.83					34.65			41.61	43.15	51.57			40.89						35.62333333		44.02			40.57	39.89	45.95	37.57	37.81			39.87	41.44	43.95	44.71		39.83		35.33	38.63	39.55	41.59	44.99							42.43		35.88	40.17	43.91		47.27			39.69		39.25	34.49		38.41	43.24	44.17				37.59666667		38.73	34.88	39.36			48.19		33.11			36.69	36.25	35.73	42.17	44.36333333	48.69	48.11			41.91	39.45	39.56	36.21	34.23	37.1			45.56				39.77	39.84	37.93	36.95	37.43		44.09		49.03				36.55		36.5	39.53	43.13	46.35						39.5	42.71	40.07	41.61	43.56333333	48.28		41.25			35.75		38.05	42.61					41.25	39.27		37.18	36.19	37.75					44.78		46.29		36.69	37.11	38.25	38.57	43.81		51.05	46.49			39.07	37.73	35.27	37.91	37.93666667	43.13	45.76	46.97					44.31			38.19	36.53	38.77	43.43666667						41.05	36.83	38.13
2181112		42.09	44.95	33.39							32.43	38.13	41.27	45.87	37.83				35.05	32.33		40.15	43.47	46.11	49.57	47.07						34.61		41.83	42.77		50.19						36.39		42.465	45.68333333				40.77						35.79	38.29666667	43.69							34.19	34.22		44.37	44.59	44.85					32.75			42.36	42.07	51.95			40.17					34.67	34.72		41.95	44.49			40.55		37.73	35.61	30.15		39.8	42.66	46.73			40.53		39.47	37.98	39.57	70.93								39.03		34.97	39.77	45.38	44.95	47.91					37.35	33.21		39.25	42.97					37.32	36.97	37.64	37.16	39.43	41.29							39.23	35.97	35.29	42.25	45.19666667	49.35	48.17				38.47	37.13	35.39	36.99	37.65			44.63	43.87			38.85	39.13	33.79	36.95								38.57	35.95	35.07	35.41	39.52	42.29	45.67						36.87	35.99	36.91	41.39	43.39666667	47.13		42.31				34.93	37.85	40.57						39.23		36.61	36.11	37.31					46.47				35.65	36.91	37.39	39	42.47		51.55				39.77	36.81	39.97	37.73	37.23	43.13	46.61		48.01				43.23			36.57	34.95	38.77	44.28			40.23				38.69	35.15
2181113		39.34	44.57	40.17							32.35	38.11	41.41	44.07	37.87					32.11		38.23	43.3	46.56333333	48.85							34.63	36.62333333	40.385	44.02333333		49.47					40.41	35.03	37.83	43.07	45.49666667				42.91		35.89	33.33			35.57	38.35	43.43							37.97	33.69				44.75								39.38	42.87	49.63			42.29					34.01	34.97		41.63	45.89			39.75		36.47	34.37			37.65	42.11				42.19		38.57	36.29	39.83	40.41						38.93				34.15	38.42	43.19	46.05	46.01					36.11				42.49					37.03666667	36.01	37.53	35.37	38.76			44.11	41.09					34.81	34.13	40.59	44.72						38.03	40.23	34.33	33.97	37.92			44.56							36.65			42.95				38.49	39.15	33.85	35.07	34.5	38.51	41.42	46.59						36.33666667	26.79	35.71	38.15	43.1	47.53		41.11	38.22	34.87			37.11							34.63		34.54		35.27					42.53				35.07	37.03		38.89							39.51	37.33			36.53	42.41	44.74									35.89		37.51	45.59			41.91	39.27			35.87	34.99
2181114		42.08	46.63	38.97							31.83	38.71	40.55	45.81	38.89					33.38	32.67	37.11	43.37	47.63	48.77					43.11		34.99	37.15	39.285	44.50333333		49.19	43.89					34.16	36.35	43.79666667	45.43				41.63		35.05	33.39			35.36	39.61	43.09							33.63	33.24	35.78	42.53	45.21	48.45				34.09				38.93	42.62333333	50.13			37.43					33.31	33.77		40.92	47.17		41.87	39.29		35.57				38.17	40.13				39.49	28.17	39.09	35.89666667	40.11	40.84										31.3	39.17	43.91	46.67	41.31					36.45			38.59	40.29							37.47	34.93	38.34	42.29			42.35				35.05	34.59	34.65	44.81	45.94							37.73	36.89	34.19				41.71					38.03		36.45			41.89				38.49	37.37	33.83	34.75	35.18	38.63	40.01	46.09						35.97	31.49		39.55	40.36			37.75	39.91	37.05	35.49	32.93								39.27		35.68	34.19	36.63	45.31				40.93				34.53			37.65	40.99						37.89	37.05		37.19	37.77666667	43.35	44.11								35.49	36.29	34.75	37.51				39.47				31.99	36.97
2181115		42.04	46.05	40.17							32.31	38.85	41.43	44.54	40.67					33.78	32.59		43.9	46.23666667				37.91		44.39			37.15	41.16333333	42.11		48.93	43.89					35.05	38.33	42.61	44.79				41.45		36.73				35.95	37.42333333	42.5								33.31	36.61	43.81	45.15	47.67				35.03				39.33	41.47	49.43			37.79						34.01		40.61	46.47		41.55			35.51				37.95	41.18				39.65		39.09	35.72333333	39.95	39.79										31.9	38.29	43.46	46.07	41.31					36.57				38.89					35.53		37.60333333	35.35	38.13				40.37				35.05	33.57	33.89	40.61	43.65							36.28	35.79	34.91	37.6			40.95						37.93	34.93							38.49	35.37	33.85	35.43	33.42	36.76	40.24	43.14						35.56	31.68		38.23666667	41.62	47.37		36.93	36.87	36.09	34.47		36.67							38.67		36.09	32.33	34.35	43.33									36.75		36.24	38.37						36.21	36.85		36.37	35.47	41.95	43.32									35.73	34.97		39.51			39.47					36.09
2182582		45.29	45.57								41.99					42.15	38.05			38.85	36.89666667		45.95									37.33	37.79	43.07666667	45.49	48.97		45.41		41.25	37.81			41.77	43.74	46.9							39.09		36.71	37.94	40.53	47.15	48.95							35.73	38.11		49.13									40.43							45.07		36.59	36.01	34.03	37.95	44.07				39.73				40.36		46.91	47.31				42.77			39.21	38.88	42.49	50.55	54.35											44.35	44.21					36.87		38.55	38.51						39.46	39.61				44.05		39.09			42.75	43.19		37.07	36.38	40.84		51.77	48.07					38.44			40.27	47.07	46.81					46.43		37.95		39.37		46.61	50.85								38.39	43.93	50.11	48.91					43.75				45.72		49.91		43.75		37.37												37.27	41.03														47.25		47.13						37.69	40.1													39.01								38.67	38.39
2182583		43.73	44.4								36.63				38.67		39.43			38.73	36.46		47.03									36.53	36.75	41.49	45.24	49.95		44.59		41.95	37.89			41.63	42.57	45.97							38.77			36.01	38.90333333	45.67	48.45							34.96			50.09								41.53		45.43											37.61	44.28				40.51				36.95		41.51	47.73	52.85			39.85			38.7	40.57	42.49	48.04	50.17									38.51		43.93	41.91					42.63			40.61						40.31	39.91		35.39		45.04		45.89			42.75	41.67			37.51	42.09666667		51.45	47.82					43.23		37.59	39.61	48.43		45.93					41.29						48.5								38.59	45.42333333		47.35		45.53						42.09	43.63		48.37		42.63	39.83	38.53																										46.25		53.63	49.87						39.53	41.09												36.55	39.89									
2182584		42.96	46.61	41.71							38.77	42.17			39.75	41.25	39.71				40.7		44.87									36.81	37.66	40.71	45.51		47.45	46.15		41.95	38.35			41.63	42.54	45.29							39.29			35.99	38.39	43.24	46.01	47.99				36.03		36.87			46.97									40.59	43.87	47.01					49.19						45.74			46.07	41.41				38.85		43.39	46.91	50.03			43.37		31.73	38.51		42.30333333		50.17	47.51								39.75			44.9					52.03			39.57											47.45	46.45	51.17	49.01		43.87				38.88	44.21		50.91	49.46							38.33	40.11	48.35		46.66					42.49					44.99	50.33									46.63666667				47.31						43.07			49.09				38.53	38.15				48.59									49.57				49.67									48.61	54.47	51.85						40.63	42.89										42.95		38.25	42.43									
2182585		46.27	47.05	43.41							38.71	43.13			41.21		40.87		38.77		37.72		44.69									37.97	36.69		45.69	47.97	46.71	46.15			38.81			41.15	45.63	44.67							41.55			36.1	38.91	43.85	45.49							37.79			46.47		43.67							40.67	45.65	47.03					49.19			38.11			46.02			46.21	41.97				38.85		44.49	48.38	55.99			43.37		31.73	38.32333333		41.88	49.77		49.15								39.83			45.7					49.51			41.29						40.27	43.29				48.89	46.69	44.55	47.31		43.87				38.13	44.29		51.17	50.93				41.89	43.69		37.39	40.23	48.55	47.09	46.35					42.87	43.47				44.63	50.57					38.61				46.51				48.21							44.77		50.65			43.19	38.69										46.19		38.03		49.19				51.63							42.21		47.75	52.01	52.71							42.87										43.77		37.63										
2182586		42.35	47.17	49.71							40.93	44.99		49.35			43.49		30.15		39.87		45.75									38.61	37.93	41.81	45.35	46.51	46.07	47.77			41.93			41.77	42.17	44.15							43.89			36.73	39.69666667	45.12		48.65				38.67		37.79			46.53		45.33								45.57	46.85								39.57			46.87			47.61					38.99		45.11	46.72	50.03			45.43		41.75	38.75		42.14333333	48.37		47.41								38.85		45.35	45.03					49.82			42.33	46.03						39.65				47.19	48.09	44.63	53.23		46.19				38.95	43.74			50.93								39.47	49.32	48.53						45.81						51.49									47.32				52.27									49.71				40.57				50.99										50.19												48.49	48.83									43.81										44.11			42.46									
2182587		46.38									40.43	45.07		47.43		42.47	41.81		35.75	38.57	37.65		45.29									38.41	38.21	40.49	44.85	47.77	55.45	48.63			41.47			42.61	40.83								40.63			35.33	39.29	44.78	44.19							38.49					45.33						40.17	41.37	43.75									38.91						45.25					38.99		45.07	47.41	52.35			46.85		39.07	39.83		41.41	47.74										41.01		47.17	45.74		46.61			45.18		40.13	41.21	44.15						41.14		38.15	40.45	47.19		53.73	52.33		47.79				39.24	40.92	44.75	49.85				45.93	44.43				40.29	51.09	48.15						45.75		37.91	41.83			51.49				42.49																		49.21		45.99		40.23														50.99														52.07								43.39													42.58									
2182588		49.51	64.03									44.91		47.91			44.75		38.65	34.83	38.39		76.29		48.05							33.71			44.85	53.51	56.21	47.33			43.09			42.87						45.51			44.55		39.17	39.42	43.24	43.64	43.81							47.38			48.45		47.57						38.55	41.01	46.11						48.63						47.49			47.97					40.21		46.85	48.73				46.65			40.73		42.17	47.77										42.17					49.09			42.15				46.41						41.9		38.15		47.75		49.47	52.53		47.79				39.98	42.91							46.23				41.49	52.17		51.87					45.05	45.35					51.25				45.65	41.25				113.83									38.23				53.51		45.27		41.27		44.99					50.19		44.09			35.95		52.81	50.41													54.45							52.97																							
2182589		49.51	64.03									44.91		47.91			44.75		38.65	34.83	38.39		76.29		48.05							33.71			44.85	53.51	56.21	47.33			43.09			42.87						45.51			44.55		39.17	39.42	43.24	43.64	43.81							47.38			48.45		47.57						38.55	41.01	46.11						48.63						47.49			47.97					40.21		46.85	48.73				46.65			40.73		42.17	47.77										42.17					49.09			42.15				46.41						41.9		38.15		47.75		49.47	52.53		47.79				39.98	42.91							46.23				41.49	52.17		51.87					45.05	45.35					51.25				45.65	41.25				113.83									38.23				53.51		45.27		41.27		44.99					50.19		44.09			35.95		52.81	50.41													54.45							52.97																							
2182590			46.21									43.71	47.35				45.55		38.75	37.97	43.87		46.35		47.77							39.11			42.73	48.67		46.99			107.53			42.87		45.37							43.37	40.01		39.87	43.66	45.01	46.59							39.22			49.27		42.67							39.81							46.79						47.29			46.53					39.28		93.07	48.33				50.09			39.63		42.31	48.05										66.69				51.59	43.93			43.65				46.55						42.12			40.95	49.16			51.21		47.77				39.43			49.73					46.23				41.07		49.15						58.13			41.77			51.27				44.31	40.95				50.73											47.75		53.33		44.13		44.33							51.01		44.09			40.77		50.55														53.14								46.67												42.51	42.88	49.55								
2182591			46.05									42.65					44.69		37.73	36.77	37.85		42.93666667							43.83		38.23	38.21		43.79			46.55		44.87	43.61	41.45		41.65	42.78								44.79	39.83	38.51	40.11	40.23	44.89								38.44			45.99								37.55	37.23							46.79						45.25								38.8		92.53	47.01				47.51			40.33		41.39666667			48.39												49.99	45.95					42.03		45.47						41.07				48.89			46.33		49.25			36.97	39.74			48.69	51.08			45.33	45.73				38.87								46.11	42.65		42.15		48.73						40.95				46.69							42.95		42.11		48.67		51.51				43.93									45.01					51.41							53.21							54.91							41.23	43.07												42.61	42.99	48.57								
2182592			45.45									40.67	49.15				44.69		37.73	36.95	38.46		44.71									38.11	37.14333333		43.79	51.2		46.69		43.57	41.53	39.83		41.27	42.73	43.09							41.49	39.77	35.18	36.91	39.59	42.28								36.06			46.45								36.41	40.42	45.49						45.25			36.53	42.03		45.23			44.77	41.39				37.23		45.51	43.03				44.25		36.11	38.81	40.41	39.66333333	48.65		47.03										47.25			42.77			50.28		39.61								40.01				50.27	47.69		47.17		49.25			36.81	39.45			49.81	49.41			38.23	44.49				41.45	44.25	46.89		46.69				45.23					47.81	47.42				45.41																47.45		51.07		47.31	44.79	42.61							53.27					38.43		49.95									44.25												44.75	42.91										43.05		41.59	41.05	46.11								40.11
2182593			55.35									41.01	49.93				46.23			36.71		45.45	44.22									38.95	36.19		42.93					44.21	41.63	40.69	36.63	44.03	40.97	44.25								41.84	39.29	39.04333333	42.05	43.89	43.77							36.27			48.77								37.59	39.39							45.85			37.49			43.89			46.37					37.89		41.15	43.25		48.39		45.81			38.62	40.65	41.19666667	47.87		47.67										43.41	44.13		49.55			57.45										41.37			40.67	46.63	48.27				48.65			42.11	39.79		48.37	51.77	54.81			42.69	45.89				40.81	45.07	46.05		45.65				44.15		39.85	40.69		46.95	48.74				44.05					46.41		48.41									45.19		53.59				42.91							53.93			47.13		40.97		50.13														51.46							40.73	43.67												40.75	42.57	49.23								
2182594			55.35									41.01	49.93				46.23			36.71		45.45	44.22									38.95	36.19		42.93					44.21	41.63	40.69	36.63	44.03	40.97	44.25								41.84	39.29	39.04333333	42.05	43.89	43.77							36.27			48.77								37.59	39.39							45.85			37.49			43.89			46.37					37.89		41.15	43.25		48.39		45.81			38.62	40.65	41.19666667	47.87		47.67										43.41	44.13		49.55			57.45										41.37			40.67	46.63	48.27				48.65			42.11	39.79		48.37	51.77	54.81			42.69	45.89				40.81	45.07	46.05		45.65				44.15		39.85	40.69		46.95	48.74				44.05					46.41		48.41									45.19		53.59				42.91							53.93			47.13		40.97		50.13														51.46							40.73	43.67												40.75	42.57	49.23								
2182595			56.31									44.85	52.81			45.33	48.85				41.79	47.43	45.32	51.05								42.25	39.28		45.12			50.07			47.01	40.15	39.83	44.03	44.84									43.29		38.14	42.57	45.67								83.37	43.55		48.9								39.53	39.95	43.85						48.35					37.25									39.35		41.67	42.71				47.49		113.17	38.92	38.75	41.98333333	48.83												45.83																			40.67	49.39	112.39	49.39			50.85			42.11	41.26		52.78	52.65	53.51								42.77								44.61			47.22		46.33					46.33							51.49		53.93													43.93			50.45							44.87		33.83		47.92												49.65		50.19																					43.55	51.53								42.19
2182596			54.97									46.17					49.97				41.73	43.39666667			48.41			66.83				43.05	39.78		45.73					46.93	47.11	40.05	37.75	44.87	45.51	46.4								43.27	40.47	37.92	43.32									83.13											44.29	44.25	45.85																				39.39			47.83						73.81	40.33		45.01666667	50.05			46.61																			49.59										48.97		52.57			50.59				42.11		52.73	52.65	52.65					65.91			42.31		50.75						106.71			43.27		48.45					119.09									53.47						102.25	50.81						108.91														51.84	57.47							48.07				50.55										46.69													43.55									
2182597			51.79	56.03							40.99	44.33					50.99				44.47	39.51		51.21								44.87	37.94		48.6	47.91								45.53	45.25	45.45								42.54	39.35	38.99	44.36	46.77	45.37	52.37						37.09			51.03									43.71	45.89														49.35						40			72.49						113.27	38.69	43.37	43.49			50.23													50.85							48.59									46.85			59.47			50.59				48.13		48.63	52.41	51.93					83.05			43.33			57.95					66.39			54.47		50.21														48.53						46.37	53.47																		39.81		52.81	54.53											51.89									46.25														44.17									
2182598			51.79	56.03							40.99	44.33					50.99				44.47	39.51		51.21								44.87	37.94		48.6	47.91								45.53	45.25	45.45								42.54	39.35	38.99	44.36	46.77	45.37	52.37						37.09			51.03									43.71	45.89														49.35						40			72.49						113.27	38.69	43.37	43.49			50.23													50.85							48.59									46.85			59.47			50.59				48.13		48.63	52.41	51.93					83.05			43.33			57.95					66.39			54.47		50.21														48.53						46.37	53.47																		39.81		52.81	54.53											51.89									46.25														44.17									
2182599			49.53								41.23	47.47	49.21				52.51				44.01	46.21	46.81	48.97								43.05	39.66		45.69	47.59						50.49		45.53	44.24	46.09								43.93	38.51	39.4	44.3	46.83		53.15						37.19			63.58								39.99	44.41	45.71												84.65		49.35									47.03							39.19		42.97			48.88																													50.35										59.29			48.71	52.17					45.87			43.57		94.13									39.97		47.85														55.01						46.13											67.47										52.89	54.53																				72.51														42.44	68.33						47.13		
2182600												44.23					53.85		54.93		44.53		57.25		47.15							42.99	38.93	44.04	43.81			49.75					43.81	44.97	44.27	49.03								43.93		39.89	44.22			54.87						36.63			51.71								42.53	43.49	45.71												64.65								60.33			45.41				48.09		113.25	40.79		42.08333333			50.39									50.67				49.55																										59.51				52.29					46.37			42.91			55.87					46.91					47.55														54.67																	67.01																						53.39			56.23																				44.29									
2182601				40.55									48.95	48.11			51.23			39.57	41.34		46.50333333		44.57							42.35	36.18	43.83	43.37			50.77		44.49		46.97	41.35	44.49	40.17	47.63		49.17							37.81	44.69	43.63			53.21						36.09												42.03	43.33		46.03										46.25		46.63						39.69			45.39				47.03		113.25	40.79		42.45	45.97		49.39																															48.11		50.57		48.65				41.45		48.17	50.01	49.73					44.91			42.29			56.41					45.65			37.79		46.97					46.39									57.81													43.97		44.55		49.77			59.21	50.11							47.29											48.15			55.27					48.03			48.23				53.79								44.79									
2182602				39.79									49.21				50.43		41.95		40.37		48.68		46.83							42.84	34.04	42.27	42.59	50.49		50.21		44.49	45.37	48.13	42.16		45.63	47.75							44.15			38.39	41.87		44.95	51.43						35.91			49.68								41.53	41.01			47.27						41.77		165.69		45.57		44.49						39.47			46.23		46.33		46.73		39.27	38.99		41.59	43.67		50.43													47.79						47.77							42.57		36.37		52.65	49.29		51.03		49.33			40.95	40.76333333		48.55	50.87	48.54		46.19			46.39			41.51	50.87							-104.87			38.49			47.11				46.01				35.07																	45.33	43.73		44.25		51.13			58.83								51.59											50.01			55.57					47.59	46.89	44.97	45.69	48.81			53.15								43.43	46.07								
2182603				39.79									49.21				50.43		41.95		40.37		48.68		46.83							42.84	34.04	42.27	42.59	50.49		50.21		44.49	45.37	48.13	42.16		45.63	47.75							44.15			38.39	41.87		44.95	51.43						35.91			49.68								41.53	41.01			47.27						41.77		165.69		45.57		44.49						39.47			46.23		46.33		46.73		39.27	38.99		41.59	43.67		50.43													47.79						47.77							42.57		36.37		52.65	49.29		51.03		49.33			40.95	40.76333333		48.55	50.87	48.54		46.19			46.39			41.51	50.87							-104.87			38.49			47.11				46.01				35.07																	45.33	43.73		44.25		51.13			58.83								51.59											50.01			55.57					47.59	46.89	44.97	45.69	48.81			53.15								43.43	46.07								
2182604																	50.61		40.25		39.81	40.03	66.75		46.73			44.85				41.89	32.21	42.57	42.13			51.63		44.93	58.23	48.42	41.07		41.03	43.05									37.91	39.11	42.35		44.75							36.51			48.51								38.17	72.42									40.19						45.77						39.03		45.81	46.27		45.95		46.73		113.59			39.41			49.33								96.45											46.35		102.17					42.87				52.41	47.95		62.05		48.89			43.99	40.91		47.53	47.25	46.99					47.77			42.01								-105.27			42.35			46.65													32.81								51.23			46.59	46.07	38.25			45.63		49.51							39.33																	55.23					48.55	44.05	41.75	46.59				53.25								42.47	45.63								
2182605															49.99		51.85		40.17	37.69	42.17		45.77		47.26							41.69	35.38	41.29	43.11	51.33		49.17		43.91	59.79	44.94	42.93		42.05	43.91										40.04	45.43		45.15							36.19			47.65									40.79			47.37								40.95			51.25							41.03					46.11		46.59		40.71			40.1	47.81										41.19					48.35						46.41						41.85	42.39				52.43	54.23	52.63	51.65		48.37			44.19			49.57	48.37	50.17								41.59								46.97			40.85					53.91						34.53		50.69			49.29							46.89	51.45			48.07		44.21		44.65	44.33				55.87																					55.63	56.31							42.35	45.77				51.09								43.31									
2182606														65.87	52.65		51.85		40.17	40.55			46.45		48.78		46.83					42.79	36.11		43.67	51.83		53.01		44.5		114.78	44.61		43.9		56.43									40.89666667	40.91	42.73	46.61							35.35											40.79	40.11			49.61											55.77	46.81						39.35			46.07		46.03				114.41			41.12	48.27		50.11									47.13	50.97			45.7						50.15		97.21									52.43	71.43				48.37			47.87	40.21		48.47	47.81				44.89					43.77								97.77						49.59										47.89			49.53							48.21						43.81			45.91									39.13			50.33													54.99	55.63							41.33	47.73												43.31	46.05								
2182607										50.85					50.91		52.07		40.69	39.43		39.63	46.53		49.01							42.81	35.19		42.8		50.73	39.13					42.91		44.6							47.57				39.75	42.97									38.21	37.07											43.28														48.87	46.91						39.27		100.71	46.21		44.67		47.61					42.39666667	46.79	41.77	45.95									48.33		44.27		43.05									51.61	45.73			43.21			41.45		55.45	48.89						40.85	40.35		45.07	44.99	46.67			44.01					41.69	47.19		58.05					47.41					44.89	49.29		60.07								46.89			49.69											46.51		36.71		44.49				50.73					49.65	39.13			52.05													52.61	52.81							41.84													40.91						49.03			
2182608										50.85					50.91		52.07		40.69	39.43		39.63	46.53		49.01							42.81	35.19		42.8		50.73	39.13					42.91		44.6							47.57				39.75	42.97									38.21	37.07											43.28														48.87	46.91						39.27		100.71	46.21		44.67		47.61					42.39666667	46.79	41.77	45.95									48.33		44.27		43.05									51.61	45.73			43.21			41.45		55.45	48.89						40.85	40.35		45.07	44.99	46.67			44.01					41.69	47.19		58.05					47.41					44.89	49.29		60.07								46.89			49.69											46.51		36.71		44.49				50.73					49.65	39.13			52.05													52.61	52.81							41.84													40.91						49.03			
2182609		58.45	44.37							55.61				47.21	53.55				42.05	39.01		42.72	45.47		48.97							42.09	36.56		43.42		49.05	41.31		42.53					45.69	43.56		53.79		51.63				40.65		40.63666667	43.45	42.89			50.01					35.77	37.15				54.57		43.43		38.39				43.65										38.85		40.87	52.53	45.77		45.15				32.37		59.31	72.41				44.07		40.29			41.90333333	51.57	49.49	47.41									42.69	47.37	45.23	55.03	43.35								52.93									49.03	64.33							47.57	40.61		45.57	49.05	43.15					81.65			41.31								96.85						47.65								35.81		46.31									45.29							44.97		38.49		48.01	49.67	49.87						39.65		49.15	55.15					60.85								51.81	56.47										154.99										40.83									
2182610		59.31	46.33										51.05	46.53	50.29		50.41		40.39			44.49	43.89		44.25		45.13	51.57				41.07	37.97	43.61	44.38		49.97	42.53	48.05	43.49	44.31				42.77	44.57				53.67				41.15		34.1	44.07				50.97						41.07				54.05		43.43	41.31				40.07	44.19										37.84		38.97	49.63	44.21		47.92				31.25		45.73			46.89				41.59			42.55			48.25	52.75									49.23	45.23	55.03	44.28						42.01		51.93	58.73			42.77					48.96	118.09							47.57	39.89	44.89	44.63	45.37	49.92			41.87					41.07								45.95					43.11	52.03		58.91								50.79									42.24							42.21		38.45			50.56	52.83	54.67													61.63								134.2	52.96							41.05					52.17								40.83									
2182611			48.53								48.65		51.79		54.03				42.29				46.59		46.24		45.13					42.41	37.33	43.24	42.73			53.47							42.65			45.97						42.85			41.61				53.07					34.23								41.49	44.33			42.89	46.87									41.65			38.97	50.13			48.24						42.69	55.46			51.73			42.55			43.05			47.49									40.33	49.23	45.69										53.93									49.81			50.95						40.37	40.77	39.95	47.35	48.43	54.83				80.75			42.63																											54.23						43.57																			40.41																	54.46								51.19												41.63									
2182612			49.55										51.91		51.79		52.73					41.01	46.23		45.57			51.25				41.97	38.63	42.92	45.45		52.87	51.11							44.47			51.92		53.11				40.97		35.11	43.93	47.53			54.41					35.33	41.69				54.21							41.03	44.77										36.81		40.47	48.05	46.29		47.2						42.37	46.99		49.96	49.85	46.45		41.33			42.97			47.13	56.01								47.91	48.81	43.35		45.25						43.21		52.83									48.72	152.33	52.91						42.23	40.31	40.45		49.16	53.85			43.71		80.73			41.19					49.47			102.11						53.27										47.61			41.59						42							41.19					46.81	54.97						39.39			54.69										42.09			50.93	52.71							41.05	49.81				51.43								39.77							40.51		
2182613			48.47	48.85									47.77		53.55		49.39		41.65						45.59		45.95	52.19				40.99	39.61	38.39	42.73		50.67				46.75				38.67		43.17	46.56	45.89	50.85	53.41	461.51		41.79		35.29	42.63				51.97					34.25	44.19				51.73	45.55	44.57		42.97			39.39666667	44.58										85.35		44.03	47.15	46.29	48.83	45.72				28.11		43.29	43.98		49.2	168.07						39.71				49.75								36.39	42.33	43.27		45.25					41.43			52.69								44.37	46.75	74.76	49.39	50.53					40.52	38.39	40.55	45.84	48.42	49.67	51.63		41.93					41.63					45.61			145.21						52.99										48.97			46.98						44.09						43.09	38.19					47.71	49.95					48.05	39.39			53.94			48.01					46.23		42.71			49.19	49.68							40.81	44.19		48.07		51.39				41.27				37.33									
2182614		58.51	48.65										48.81	47.99	50.65		50.29		41.01			36.69	41.56333333		44.07		46.49	50.65				39.79	34.59	39.05	41.49	47.71	54.75		50.71		44.59				32.75			50.81	45.89	69.21				40.93		35.87666667	40.45	45.77		48.91	52.07					35.37	42.3				54.19		52.21	39.25	41.81			41.02333333	43.04333333				49.09						40.52		43.89	46.99	42.65	50.47					27.43		47.23			48.32333333	164.25			38.89	46.31		39.25				51.79								43.59	42.09	45.55	53.77	43.03								50.71					39.41		24.47	44.11	47.81	52.41	49.45	55.35					35.31	38.51	40.51		49.15	48.53			43.31					39.07			49.73		44.01			145.35	42.45		39.65		44.79	52.01	45.87	58.41						31.69					46.92						40.25	45.57	49.23	50.6			40.63	35.71			46.25		49.51	50.81	52.19					35.11	38.83		52.11			49.2				42.77			43.53	44.11		49.31	50.73			46.97				40.43					47.53		45.83			40.69			37.33	41.43						42.63		
2182615			44.73										51.75		52.01		51.87		43.07				45.37666667		48.97			55.05				42.61	37.09		46.22	49.99	55.06				47.03								49.73	71.53				42.65		37.66	43.01				55.11					35.97	43.21		50.71	50.79				42.95				44.5	43.83										41.25			49.77	47.51	52.07					28.37		49.61				50.01			41.57	42.04		41.18333333		46.51		54.63								45.03	42.73	52.07										52.93					40.71			42.45		67.93							45.43	39.29	47.37	44.21	52.45	51.89								40.53					47.83			96.33	46.21		42.71		46.97		50.89																		44.89	49.99		50.95			40.49						48.66	50.75						32.39			53.88			49.87							43.55			53.85	52.87							43.81					53.07				47.01				39.27	43.84								
2182616			52.09										49.77		54.99		52.51		41.87			43.41	45.60333333		50.85							42.87	39.69		46.21		53.65				46.95				41.97					158.83						39.06	43.63									35.99				51.11				40.05				42.23666667			51.63								53.41666667		51.07								29.25		51.83	48.01		126.17					42.54		42.25666667		47.37										49.77	46.13	52.67										53.35					40.41				83.85			54.09					48.93	41.67	48.07		189.45	51.65	52.21							42.75	47.37		50.95					97.29			43.15				52.15							45.77											46.49	50.61					45.63	37.63			48.53		51.43							35.55			56.55			51.01									51.63	53.47	53.39							45.89					51.99				47.01	43.43			39.27									
2182617			50.31										51.55	52.25	52.43		52.51		42.63	39.33			43.29666667		51.43			55.05				42.35	37.83	46.33	44.89	49.57	58.05			44.45	45.01				41.51	46.55				158.83				42.65		39.10333333	43.57	40.23								36.37	46.61		49.29	49.53	53.39			41.85	44.45		39.81	42.48333333	44.33				50.03						114.21		47.83	49.48		48.63					28.91		49.05	48.01		124.35				41.73	42.57		41.98			46.99	55.25								47.33	46.13	51.45										50.67					41.39		41.47	42.35			52.69							40.89		47.59	50.42	49.97			43.23					41.39	47.23		50.45		47.15			46.65			42.71		46.31		51.17							44.46					47.93							48.69					39.79	38.11			43.15		49.88						46.25	31.69			53.93			49.87				46.19						53.47	49.79							44.85					50.71					42.75			39.27							48.01		
2182618		53.05	45.23										48.07	52.89	53.46		48.55		42.1	39.33			43.03		49.09			55.87				41.39	37.83	43.19	42.55	49.87	53.11666667		48.27	45.35	42.29			37.69	41.93					158.77		45.01				38.75	41.79		46.11		46.79					36.79	41.25		49.23	50.17			44.09		42.81		39.81	41.14		49.45			50.59						45.41		45.96		46.05	48.47	43.29				35.77		48.35	47.03	50.23	87.95					42.79		44.67	46.97	49.39	48.81									47.33	45.01	52.27	47.55							40.13		51.17				44.23	41.39			41.89	103.37	50.67	51.65	50.71					35.17	42.37	87.28333333	47.31	51.41				43.19					40.69	48.03	49.39					45.53	95.87			42.11		47.51		51.25	57.17						45.39		48.25			43.57			44.15			43.27	46.03		51.33				39.81					50.05	50.49						33.71			52.15			50.53				43.63	46.69		45.09		48.81	53.47				44.73				43.69					49.45					44.71			40.15									
2182619		52.89	49.76	49.55								44.79	46.12	47.43	51.89666667		45.63		48.35	37.16	37.51	39.73	42.95	47.13	49.51		45.05					41.37		42.86	46.53	47.64	52.03666667		47.47	42.03	40.83		36.91	37.97	41.24	44.46			50.91			45.67				38.06	41.96	43.07	46.89	47.01	45.71					36.97	41.88333333		49.41	50.09	48.43		44.93		40.69		37.89	40.41	44.94	49.65	49.66		44.13						55.53666667		46.62	47.53		48.75					35.91		44.09	47.27	43.27	87.12					44.37		42.27	48.45	49.23	48.37				47.49			40.55		49.21	53.84	50.31	51.91	46.29						39.89		47.21					39.23			41.73		48.41	48.77	54.39					34.81	41.05	43.45	47.91	52.45	49.57		61.45						41.98	45.97	49.3	52.55		47.18		45.99	45.65	46.19		71.89		46.73	54.65	50.51			44.61				43.6	44.27	54.79			49.57			42.43			42.43	45.57	48.97	50.91				42.07	57.71				49.6	160.25									51.65			48.71				43.97	47.89		41.29			51.79	50.91			45.23				44.63				50.73	48.45					46.65			39.05	43.7			46.89			46.97	48.21	
2182620		52.89	48.91	54.19									47.58		53.11		43.79		44.85	40.89	38.35	40.01	43.06	48.51	49.74		45.93	52.67				40.53		42.31	49.98	50.07	56.98		46.87	45.33	41.89		40.19	38.64	39.89	45.43666667			53.45						36.15	37.95	42.49		48.61	48.19	49.83					27.73	43.97		49.78	217.73	50.19		44.93				37.95	43.29666667	46.75	50.17	46.15		47.19			48.09			41.545		45.96	49.91			43.59				29.15		44.82	48.54	44.69	49.95666667		45.71		36.93	44.88		43.205	48.67	49.03	49.4				49.29			40.55	67.17	48.73		51.17	47.33							42.12	48.01	50.81		46.05			44.08			42.57		76.76	52.79		50.67		46.55		34.71	40.47	43.49	46.31	53.23	55.27			43.67					41.11	48.57	49.71	54.55	53.39	45.97		46.69	96.91	45.59		72.74		47.37	52.31	52.19	49.11						44.12333333	45.59	53.1	53.83		124.84	50.49		43.67		41.23	41.35	47.81	52.47	53.63			44.19				48.25		49.87	161.11									53.01		57.05	52.63				42.93	48.51					55.25				44.35				47.49	47.77	44.11		52.23	50.63					41.93			42.39	45.05			46.89					
2182621		52.63	52.01	51.57								46.81	47.59	52.07	51.56	48.29	43.11		42.98	40.31	39.6	40.25	43.05	48.81	50.69		45.71	47.63				40.55	38.41	42.3	44.93	47.98	54.99		41.13	42.87	42.11			39.44	41.85	44.97			49.73						36.31	29.09	42.58	42.13		48.17	47.59					23.83	42.77	46.09	49.36	51.15	48.63						36.79	43.69	48.61	47.91			46.57			45.33			39.7		46.27	47.73	45.65	48.37	43.71				35.89		43.46	45.17666667	46.14	48.14		45.51		35.93	46.2		44.12333333		49.78	49.37			51.17		51.09			58.78	45.87	65.31	51.43	44.13	43.53						42.73	47.27	49.7		46.07			42.16333333			40.49	47.97	49.29	50.81	54.17	50.67		45.13		40.26	39.83		45.58		54.67		59.87	42.59					39.93	46.19	49.01	54.65	52.99	45.99		46.43	43.62		43.03	42.59		47.13	55.87		49.29						42.29	44.83		52.57		47.11	50.49		42.39				47.53	49.71	55.59			44.55	42.75	37.43		47.27	48.03	49.52	158.17						28.35			53.19		57.05	50.27		65.01		44.11			42.61			52.07				45.35		46.01	42.27	44.6		44.69	52.63	58.83	49.39					49.72			41.65	42.93						46.13	47.57	
2182622		52.63	52.01	51.57								46.81	47.59	52.07	51.56	48.29	43.11		42.98	40.31	39.6	40.25	43.05	48.81	50.69		45.71	47.63				40.55	38.41	42.3	44.93	47.98	54.99		41.13	42.87	42.11			39.44	41.85	44.97			49.73						36.31	29.09	42.58	42.13		48.17	47.59					23.83	42.77	46.09	49.36	51.15	48.63						36.79	43.69	48.61	47.91			46.57			45.33			39.7		46.27	47.73	45.65	48.37	43.71				35.89		43.46	45.17666667	46.14	48.14		45.51		35.93	46.2		44.12333333		49.78	49.37			51.17		51.09			58.78	45.87	65.31	51.43	44.13	43.53						42.73	47.27	49.7		46.07			42.16333333			40.49	47.97	49.29	50.81	54.17	50.67		45.13		40.26	39.83		45.58		54.67		59.87	42.59					39.93	46.19	49.01	54.65	52.99	45.99		46.43	43.62		43.03	42.59		47.13	55.87		49.29						42.29	44.83		52.57		47.11	50.49		42.39				47.53	49.71	55.59			44.55	42.75	37.43		47.27	48.03	49.52	158.17						28.35			53.19		57.05	50.27		65.01		44.11			42.61			52.07				45.35		46.01	42.27	44.6		44.69	52.63	58.83	49.39					49.72			41.65	42.93						46.13	47.57	
2182623			50.65	50.83			46.85					47.37	43.29	50.73	52.13		45.65		47.89	40.26	38.78	41.11	42.99	46.6	48.67		47.97	50.31			41.05		37.7	39.99	65.9	48.14	56.21	44.57	39.21	44.65	40.59			40.11		44.61			40.91		49.23		43.23		36.95	35.09	41.58	42.21		47.79	49.83					33.43	43.19	48.61	49.26	51.37	49.49						37.53	41.97666667	43.82	49.33			45.12					40.11	39.03		46.51	46.93		48.95					36.03		41.4	47.98	48.19	46.95		45.23		35.39	43.84		43.25		50.59	49.18			51.17					72.49	45.28	44.65	52.51	48.71	46.37							48.28	50.29					42.46333333			40.67		223.19	50.41	55.01	50.09		45.41	40.53	32.39	40.71	44.37	45.78		51.99		60.79			43.47			39.92	46.49	49.31	52.89	53.63	46.65		47.23	45.88			119.43	40.65	44.15	52.09	51.51	49.65		44.47				45.69					50.79	50.79		120.61	40.41		48.29	47.05	50.77				44.83	38.85			47.12		51.03	49.51						31.25	43.33		53.09		57.31	51.29					40.07		51.71	47.81		52.02				46.35		50.73	42.05	47.33		47.61	52.93	54.55	50.79								41.17									44.79
2182624		50.05	50.08	47.55			46.37					47.37	47.79	49.73	47.93	48.13	44.37		47.55	40.36	38.5	40.45	43.96	45.74	49.57		47.25	44.62			39.17		35.67	39.29	64.29666667	47.59	56.48	43.95	44.73	42.85	43.63			39.89		43.96			41.35				41.99			39.29	40	41.97		47.25	49.85		52.13		44.73	47.64	43.5	49.11	49.69	51.44	48.89							41.39	46.1	49.31						46.79		39.47	39.79666667		46.24	49.61	46.87	48.89							42.61666667	45.15666667	49.99	49.26		45.19		40.38	46.38		42.24	48.39	52.59	49.03			50.75		52.73	41.21	37.27	43.68	47.67	46.93	52.45	42.53	46.25						44.17	47.74	55.02				45.79	42.74333333		44.67	40.47	68.01	146.79	51.37		50.41		46.27	43.34	45.59	40.99	44.39	45.46		50.71			49.21		43.63			41.42333333	44.93	48.79	51.83	53.39	50.89		47.95	45.11			216.91	40.69	44.21	52.03		53.36		44.35	43.23			45.99					50.35	50.25		47.33	40.51		47.89	47.03	50.94	55.01			44.05		41.05		47.57		50.47	48.19							41.53		53.23		56.83	53.29	58.39	64.93		43.73			43.27	48.15		51.6	52.33	66.43		46.23		50.03	41.41	43.01		49.21		54.37	49.63			47.85		49.82		39.27	45.35	46.65						48.23	48.19	43.07
2182625		52.89	50.35	41.39			45.17						47.45	49.53	51.78333333	48.13	42.53		46.63	39.93	38.44	40.19	42.89	46.09	50.19		47.79	43.37			37.63	39.65	36.91	40.79	55.44	47.49	53.46333333	43.49	41.93	43.51	44.19		38.19	42.09		44.47	47.03		51.43				43.09			37.995	40.07	42.97		47.73	48.17		47.59		43.67	39.31666667	40.43	48.31	49.43	51.69	46.21				56.31		41.23	44.76	43.39	47.97	48.75		46.93					39.47	39.37		45.97	46.52	43.27	48.81		50.61					43.77	44.27		47.71		45.19		36.25	40.29		44.01	47.3	50.55	49.4			50.75		50.99		38.29	43.19	41.83	47.91	52.11	46.97	44.05	45.23				41.57	43.68	47.74	57.07				45.93	42.55		68.58	43.06	45.75	146.25	50.29		51.35		46.43	43.38	45.41	40.03	44.61	47.68		50.67			47.73		43.37			40.59666667		49.78	52.18	51.19	58.97		46.55	44.23	44.15	44.49	41.47	40.69	44.11	50.41	51.77	48.79	50.99	44.43	43.11		41.13	43.85	47.19	51.07	54.51		50.15	51.11		120.11	40.23			47.33	51.46	53.97		59.61	47.39		40.67					48.99					42.69				52.7		57.13			63.45					42.67	48.41		51.45	52.61	67.35		46.47		50.01	42.29	45.77		49.1		51.53	49.39				48.81	43.65		38.53	43.47	44.93						48.17	47.97	43.69
2182626		49.93	50.83				47.27						48.17	49.74	50.79		44.09		48.03	40.34	38.6	40.19	42.97	45.09	49.93666667		47.93	44.89		62.39	38.41		37.35	43.53	59.34	47.47	52.95666667	45.83	45.69	43.19	44.19			40.51	44.75	44.49			52.95				45.67			38.47	40.33	43.45		49.09	49.65		50.57		45.99	44.97	43.2	47.02	49.48333333	51.67	47.35		46.35		54.65			44.86333333	45.84	47.11	50.13		46.93					40.01	38.29666667	41.57	46.09	47.39	44.15	48.19							42.32	46.11		50.17		45.19			41.1		43.79	48.01	51.02	48.95	47.95		54.35		50.41	41.55	38.91	43.61	45.97	45.81	52.31	47.59	45.2					46.01	43.81	47.88	50.43				46.05	41.54		43.31	41.79	89.27	146.89	48.47	54.85	51.35		46.61	44.47	45.41	39.77	45	48.04		50.91								40.59		49.98	52.44		50.85		49.71	44.23	46.81	45.57		40.75				49.01		44.83	41.57				47.41		54.21		60.95	51.11		122.39	41.05		48.57	47.75	51.59	53.77			49.55		40.83		48.45												52.59		56.01			54.15					89.01			52.89	49.53	67.35				50.01	41.77			50.89			50.37								45.47							48.57	66.63	41.41
2182627		51.29	51.12										48.21	51.65	51.07		74.77		48.49	40.11	39.21	41.97	43.15	45.67	49.99666667		51.27	44.49		63.23	38.91			40.55666667	72.00333333	47.65	55.33	45.54	46.97	43.19	45.43			39.69		44.83							46.21		37.03	39.58	40.29	44.75		49.61	50.91		49.95		41.03	39.77	41.09	47.87	49.51666667	52.44							34.41	47.28	43.18	49.89	51.82		49.81					40.35	40.25		46.47	47.13	44.15	49.13						34.77	43.94333333	46.68		50.69		45.65			39.41		46.56	48.56	49.55	49.92333333	48.05						38.91	56.92	45.33	46.47		53.89	45.07					46.57	44.47	48.12	53.04333333				49.13	49.54333333		41.05	41.81	47.27		49.83					44.1	46.87	39.77	44.81	47.91	50.47	89.53					44.17			40.85	45.89	50.23	52.18				48.43	45.17					45.87				164.07	44.79	43.11			45.67	47.67		54.65		55.71	51.11		45.97	41.41				51.68	53.51		48.29	50.73				46.71										44.85		53.28		57.63			62.19			62.35			48.41		52.65	53.35	69.05				50.01	41.97			49.14			50.31				49.03				45.13							48.81	48.19	44.41
2182628		49.25	52.98333333										48.73	50.79	53.34		73.77		47.65	41.09	38.96	42.71	43.55	45.99	47.97					60.75	39.81			41.64	64.51	47.42	55.37	47.45	45.89	43.57	44.45			39.39	39.97	44.79	47.95		44.77				46.21		33.83	37.81	39.72	45.50333333		49.15	50.25		53.57			39.54	40.21666667	47.27	49.33666667	51.97	49.13						34.51	42.82	45.23	61.59	54.01		47.25					40.25	41.905		46.71	45.95	45.09	49.43		52.03				43.63	43.05666667	46.57	48.59	46.91		44.97		36.01	38.15		43.88	49.09	49.84	49.39666667	49.05				51.03		37.31	45.41	46.4	56.16	52.35	53.77	45.21					38.01	51.75	47.93	47.73				51.68	44.35		41.65		47.19	56.25	53.33		51.33		45.07	43.45		41.03	55.09	47.59	49.63	49.79					46.09			40.18	47.21	49.55	51.3		59.06			43.07	45.09				45.41			54.05		45.47	86.47			44.75	46.14333333	54.05	54.13		54.4	51.67		44.77	40.41		46.65	47.69	51.28			44.01	48.89			42.47	46.71									34.81	42.09		53.36					65.19		44.67	357.27			48.05		51.88		67.23		47.41		50.91				57.88			50.31				48.15	44.37		45.79	45.67	49.45					51.37	47.41	66.89	44.21
2182629		52.02	49.92333333							39.37		44.87	46.23	49.57	50.87		44.59		42.18	39.65	38.93	42.27	45.9	45.99	49.43		46.41			60.75	37.95	40.21	37.35	40.66	58.07	46.67	55.51		44.99	44.81	43.63			38.33	42.86	44.31	47.87	50.23	43.79			45.17	42.92		37.57	36.14333333	41.74	45.07666667		48.31	49.63		49.85			41.21	40.66	47.04	48.82333333	51.18					47.27		39.15	43.5	45.23666667	47.69	52.47		47.25			42.55		40.45	39.29		45.47	51.01	42.75	47.59	44.23					44.51	43.62	47.59	46.95	48.54333333	46.89	43.49		41.55		41.59	42.41666667	47.62	49.05	48.99			53.49		50.59	40.23	37.31	43.75	44.45	45.49	47.23	52.27		45.07				42.13	47.32	47.04	48.97666667		47.63		43.82	43.15	43.09	42.33		45.53	51.19	52.59		50.49		45.53	43.12	44.99	40.05	69.66	46.34333333	51.08333333	50.11			46.95		45.04			40.95	46.21	49.17	45.93	55.86	48.99666667			45.28	44.00333333		42.67	41.03	45.78			52.77		43.73	42.61			42.55666667	46.26333333		53.29		51.65	50.37		42.14	43.67	43.01	45.76	46.67	50.83	51.87		46.93	50.23	42.77	39.51	41.87	48.53		56.95					49.19	41.79	36.49	40.45		52.49			49.43		64.45		42.16	40.33			47.85		51.09		68.67		46.37		46.73		45.79	50.51	49.09			48.59					51.97	44.03	43.01	45.09	48.49						48.43	46.23	42.66
2182630		51.48	53.22333333								41.79		47.91	54.71	49.87666667		43.91		41.64	39.9	40.19	42.31	46.1	46.40333333	48.74		46.55				41.37	40.47	38.25	41.87	55.985	47.17	55.51		47.51	44.51	43.81			40.39	42.19	44.59	49.63666667	49.77	44.31			45.29	44.07			39.63	41.81	45.95		48.93	48.91		50.75			39.81	42.10333333	45.56333333	49.43666667	51.3					47.27			43.28	44.95	60.71	52.92		47.83			49.89		39.8	42.05		46.2	48.54	43.35	48.51						42.85	44.35666667	48.02	48.17	50.28333333	48.01	43.79		46.45	42.07	42.93	42.16	47.47666667	49.19	49.49			55.63		50.19	40.23	39.36	46.82333333	44.85	55.05	48.99	46.07		45.53		47.71		40.07	42.36	47.86	49.86				50.97	42.45	40.83	43.04	40.39	45.63	52.25	52.13		34.33		45.35	41.52		40.85	44.41	45.87	51.15666667	49.75			47.27		44.48333333			41.16	47.51	48.25666667	50.23		48.75		47.31	45.47	44.99666667		50.19	40.81	45.97		51.23	51.06		44.17	42.65	43.11	40.25	41.45	46.43666667	49.75			45.97	49.85		43.72	43.74	44.81	45.96	47.95		50.28		47.09	44.46333333	38.09	41.15		49.41							45.41	40.65	39.25	42.33		52.88			50.69		60.86			44.89	44.09			48.59	51.34		70.01		45.63		47.07	44.85	155.61	57.71	56.59	50.57					46.39	46.87	47.29	44.03	45.13	45.47	49.61			49.79			45.69	46.35	10.72
2182631		49.17	51.31										48.71	50.2	51.19				45.57	41.17	38.11	42.30333333	45.88	45.97	49.57		47.19				41.39	41.59	39.72333333	42.28	58.96333333	48.69	55.12333333		47.61	45.63	45.07			41.5	42.3	43.72	50.28	50.33	48.17			46.93	43.91		40.19	40.41666667	42.18	46.02		48.63	48.91		53.69			41.17666667	41.99666667	47.73	48.1	51.55666667	50.73				43.29		40.39	43.89	46.19		52.17		51.63			49.89		41.25	42.56333333		46.39	46.95	45.19	50.43					39.11	43.19	45.05	48.07	48.47	50.94333333	48.01	43.79			39.92	43.71	43.15	48.07666667	48.88	49.91			55.63			41.15	39	43.73	47.38	54.85	49.23	48.35		45.07		48.07				48.1	50.56				51.92	44.59		41.03	41.07		52.83	52.91		49.05		45.79	42.14		38.61	43.89	47.81	50.46	50.55					45.31		41.33	41.67	47.51	50.19	50.68		49.35666667		48.97	45.91	45.38333333		42.65	40.85	46.19		51.55	50.25		44.61	52.58	42.71	40.71	42.76333333	47.07	50.05			47.27			123.89	43.74	54.37		47.35	51.19	52.45		45.81	44.07				49.99			50.35					34.17	41.36	44.95		53.33			50.87				45.87		46.23	44.21		50.42	51.49	49.71	70.01				47.07	44.91	156.21		57.47	50.83		50.87		48.65				44.03	45.23		50.21						47.31	47.75	44.24
2182632		54.51	50.81								38.59		47.67	50.2	49.47		46.29		45.13	40.11	40.01	42.00333333	46.17	46.41	49.13		44.67				38.99	40.73	39.40333333	43.285	43.27	47.33	56.88		45.29	44.51	43.57			40.53	41.92	46.17	50.13	45.83	42.77				44.03		38.01	39.29	41.05	46.01666667		49.03	48.83		44.95			41.01	41.51	46.65666667	50.04333333	52.79	49.51				46.85		40.76	43.23	46	49.41	53.1		45.46			46.89		39.87	39.98333333		46.31	48.39		49.17	46.91					41.21	44.07666667	47.53666667	48.09	48.27		43.79			37.79	43.23	42.56	48.19666667	49.49	49.83			53.45		50.17	39.79	39.05	46.85	45.71	66.95	50.41	46.65		44.97		46.77		40.07	42.42	47.26	48.85				44.94333333	43.17	39.73	43.1				52.67		33.77		44.39	42.51		39.36	43.82	47.14	51.24333333	49.91			47.09		44.92		40.61	41.16	46.77	49.78	51.09		50.54			50.03	44.69		42.43	40.85	46.17		51.17	50.59		43.89	42.27	42.37		41.34333333	46.65666667				46.67	49.85		45.51	46.33	42.79	43.35	46.15666667	51.27	51.33		44.57	43.17	42.11	39.81		48.71	49.35	47.79						40.29	40.47	43.99		52.53			50.11		58.42		45.26	210.33				50.6	51.37		70.01		46.21		46.85	43.85	79.43	58.29	56.71					48.79	47.71				40.89	42.83	48.83			49.27			46.45	46.13	42.99
2182633		46.33	51.65								40.2		48.33	55.23	50.77					40.41	37.47	42.12333333	46.22	46.39	49.56		42.21				39.39	40.73	39.39	42.82	45.34	49.11	54		44.57	43.87	44.55		40.13	36.12	69.15	45.33	49.78333333	44.55					42.84		37.85	38.83	39.78	46.17		49.55	47.67		46.63			40.57	42.14	46.43	49.49	50.75					41.57		37.59		46.99	49.89	51.85		45.72					39.47	68.09666667		47.09	48.43		49.09	45.77			62.67		41.33	43.61	46.54333333	47.37	50.02		44.69		41.57	39.25	42.79	43.71	47.78333333	52.29	49.19			53.45		50.17	39.65	38.22	46.2	45.8	66.49	49.75	44.33		43.13				39.23	42.53	47.13	50.12				44.23666667	45.67	40.41	42.8	43.31	47.91	51.07	51.43					42.49	40.67	39.39	43.21	46.98	50.89	49.53			45.83	45.04	43.8		38.96	40.56	46.83	51.39	50.39		47.66		47.19	48.79	43.39		40.12	40.07	45.19		49.97			42.79	40.48	41.21		40.25	45.85666667	48.41			45.99			43.27	40.03	38.44	44.97	45.11	50.41	51.44		43.75	48.37	40.27			49.73	49.25	48.87					45.85		36.67			51.98333333			49.21		56.95		43.07	44.15	43.99		46.75	55.63	48.23							43.05	48.30333333	57.49	48.40333333		50.65				45.29			42.99	39.91	40.55	48.45	45.49					44.77	45.31	41.85
2182634		47.29	51.04										48.87	50.14	50.85				44.07	40.94	40.57	42.16	46.43	46.61	49.52		47.17				41.05	40.73	40.03666667	43.575	58.10333333	47.97	49.71		48.75		45.25		40.61	37.37	41.71	45.03	49.64						44.77		38.39	39.37	40.79	44.23	43.99	50.03	50.81		44.65			40.96333333	41.85	46.57	48.81	51.13		43.47			41.37		40.41	42.93		50.03	49.34						46.85	40.95	61.26		46.34	87.15666667		49.15	43.99	47.95		62.87		40.45	43.99	47.29666667	48.31	42.99		44.73			39.91	51.47	44.07	47.55	49.83	48.92			54.17			41.15	39.01	46.14	46.2	56.43	47.71	44.33		43.87		58.87		38.33	40.49	47.28	49.45				43.23	42.77	40.63	41.13	43.23	50.13	53.75	52.41					42.49			44.55	46.21	51.31	49.51				50.07	45.85		41.55	41.29		53.21	49.79		123.15			43.51	44.59		40.23	40.07	46.31		51.47			45.53	41.29	41.97		40.61	45.82								41.55	43.29	45.54	44.69	50.69			46.23		43.39			49.17		47.77						42.69				51.35			52.85		57.77			46.41	49.77			56.51	49.01666667						47.47	44.17	52.41		48.08	52.41	51.47				45.29				41.39	40.97	49.29	49.69		65.15			50.19		42.3
2182635		49.15	49.24								40.03		47.53	49.97	46.27				241.75	36.51	39.57	41.02333333	45.19	45.55	48.57	48.07					39.55	39.7	39.90333333	40.21	44.39666667	47.47			45.59			44.09	38.93	37.37	40.73	44.25	48.97	46.01				43.28	42.29		36.95		41.46	44.44	43.91	49.06			44.65		47.01	36.53	40.18	46.12	46.16	51.25							39.01	41.72	45.12	50.5	47.89		44.14					39.87	40.48		44.81			43.67							43.83666667	45.03	45.43	42.53		43.05		41.27	39.14	40.77	43.13	47.01	49.61	49.83						40.15	37.2	41.99	44.55666667		48.87			43.31					41.02	45.33	48.53				41.27	43.69		39.83	43.23	46.03	51.29			32.73			43.03			42.85	45.7	50.16	48.37			43.37	44.49	43.99		40.27	40.57		54.51	47.63		47.55		42.69	46.55	43.67		39.15				51.13				45.62333333	40.41		40.74333333	46.87	48.94			44.23	50.09		41.83				45.63	49.49		47.05	45.83	44.19	40.13			48.05		47.79						42.85	35.3	40.71		51.63			47.73		51.66		54.61	136.45	44.33			56.85	44.49				42.15		44.25	41.43	42.18	48.77	48.03	48.95									40.63	40.09	48.35	48.29		62.35	46.35		49.87	45.69	42.27
2182636		45.45	47.84						39.25		38.67	41.99	45.77	48.14	46.87				38.53	40.11	36.39	39.50333333	43.61	44.9	46.33	47.67					38.45	39.07	37.56333333	39.055	43.58333333	47.27	48.05		45.67		40.47		37.55	37.37	41.61	43.53	47.16	44.25				42.09	40.81		37.49	38.23	41.13	43.72	43.09	47.54			44.65			36.17	37.99	43.89	47.88	48.76								41.06	44.05	49.4			43.51				46.07	37.77	40.53		43	122.01		44.45		45.79		39.11			42.51	44.22	44.23	42.25		43.05			39.15	49.59	40.95	46.09	51.27	48.55			47.23		49.15	38.77	37.11	41.19	43.17666667	65.83	45.71			42.11		43.03		37.91	41.05	44.66	45.86333333				41.48	42.91	42.77	39.55	41.42	45.33	49.51	50.27					40.07	40.27		42.21	44.23666667	47.85	47.87		54.97	43.35	44.71	43.09	39.89		40.57		46.13	47.51		48.77		43.35	46.55	42.77	40.73	38.67				48.87		47.29		42.03	40.41		39.81666667	44.59	47.83			44.19			42.44	44.27	39.85	42.77	45.19	48.13		48.45	44.37	43.79	40.91			45.3		45.53	44.35					40.31	34.76	40.07	45.23	49.35			48.45		52.29		42.35	43.93	43.47	41.61	45.47	54.97	46.47		68.63		46.05		45.45	41.43	41.79	47.83	47.38	48.29									40.88	40.51	47.67			47.25			43.13	44.01	40.5
2182637		43.12	47.37								37.33	40.67	44.63	47.29	46.93				37.53	36.85	36.09666667	39.39666667	42.80333333	43.8	47.31	45.77					35.71		37.11666667	39.225	43.685	46.13	46.99				39.25	43.81	37.61	35.33	41.77			44.25				38.43	39.36		34.61		39.67	43.41	44.29	46.38			39.17			35.46	39.95	42.335	45.97	47.08								40.08	42.61	48.91	49.89		40.03					35.49	36.135		42.13666667	45.75		43.09	43.89	42.93	40.53	39.45	32.07		39.05	41.78	43.39	40.04		40.65		36.23	38.21	37.89666667	39.68	45.2	47.41	48.06			45.25		42.05	37.89	36.05	40.97	41.59666667	45.76	45.79			41.43		40.33	35.85	40.41	40.78333333	43.11	44.98333333				38.17	40.71	37.8	38.79	41.43	42.71	48.71	47.27		32.89			38.09	39.37	35.61	40.13	44.41	47.62	46.85			43.25	43.51	40.81			39.07	44.37	47.9	47.68333333		46.18		40.83	46.55	41.33	37.79	38.32	36.83			48.15				38.14		40.33	37.87	42.87	45.37			42.27			38.85	41.55	39.21	42.72	42.74333333	47.41		45.99	43.73	41.05	38.63	35.87		44.85	45.89	43.07						38.67	36.39	40.07	43.95	48.45			46.79		50.77		39.91	43.25	43.47	39.09	43.83	51.67	48.26				42.61		44.25	40.45	40.77	44.85	44.35	46.61	45.53				46.09		39.63	41.11	36.45	39.31	44	48.29						43.05	37.73
2182638		46.99	48.48								40.85	39.97	45.47	45.17	46.2					37.23	38.02	39.83	42.84333333	43.95	47.21						36.51	37.81	38.92	40.17	43.05	46.23	48.07				40.01	43.81	37.47	37.07	41.07	42.69	45.95	45.69				40.45	36.25	38.97	35.25	38.89	39.65	43.24	43.76	47.81			40.13			36.12	39.33	44.76	45.12333333	48.13								40.22	42.83	49.04	48.67						38.95	37.24	37.07		45.73			44.53	45.39			39.63	32.21		39.19	41.3	44.11	42.17		43.95		38.47666667	37.73	37.95	40.07	44.82	47.29				46.05		43.11		35.99	41.45	42.26333333	46.19	45.73			40.85		40.67		37.99	39.67	44.02	44.04					38.07	38.5	34.17	39.89	43.85	47.94	48.37		32.91			38.51		35.69	40.57	44.65	47.25666667	47.42		42.03	43.27	42.94	39.63	39.77		37.44		44.83	46.1		46.46		42.99	42.75	41.81	38.47	38.31				48.07		44.73		38.83	37.25	36.23	38.53	43.7	43.67			42.25			38.39		38.51	42.98	43.45	47.41	47.45	45.53	43.47	41.17	38.19	36.87		43.97	46.13							38.58	36.35	38.15		49.23			46.06		49.75		39.91	43.03	41.95	40.31	43.77	49.79	49.71				41.61	38.01	43.63	39.03	38.17666667	45.99	44.17	45.29	47.37				50.47			40.25	36.6	39.31	43.49666667							42.45	37.57
2182639		47.31	49.68						36.41		36.91	40.09	45.99	46.47	45.88333333	39.03				36.47	37.27	40.175	43.78333333	46.62	49.64	47.09					35.09	36.75	38.48	42.225	43.91	47.59	50.37				36.21	44.75	37.09	37.07	42.885	45.89	47.65	45.69				38.17	38.81	37.37	35.85	37.45	40.3	44.76	45.73	50.21			38.21			35.21	41.21	45.54	44.73	52.01					36.87			40.88	43.44	50.03	50.67						37.77	36.62	37.46333333		45.81			43.55	41.37	45.95	39.21	38.79			39.49666667	42.96	43.97	44.71		41.31		42.39	37.87	39.33	40.97	45.38	49.23				47.03		44.85		34.72	41.56	43.32333333	46.62	46.71			41.75		40.61			38.03	43.48	44.17						39.19	36.85	41.15		49.25	48.41		32.91			38.51	36.25	35.73	41.43	44.95	50.17666667	48.57			43.45	40.49	38.99	37.55	33.99	38.79		47.89	45.63		44.89		42.69	41.27	39.51	37.87	37.47				48.37		46.05		37.26		38.8	40.35	43.76	46.32						39.89	40.63	38.83	42.72	43.34333333	47.89		43.91	40.27	38.44	36.29			43.37	46.97				42.71			38.42	36.01	38.01					44.89		47.17			42.35	44.95			51.59					41.45	42.35	43.81	38.07	38.48333333	47.23	46.18	45.61	47.37				48.09			39.37	37.51	39.55	44.49	43.85						38.13	38.13
2182640		47.31	49.68						36.41		36.91	40.09	45.99	46.47	45.88333333	39.03				36.47	37.27	40.175	43.78333333	46.62	49.64	47.09					35.09	36.75	38.48	42.225	43.91	47.59	50.37				36.21	44.75	37.09	37.07	42.885	45.89	47.65	45.69				38.17	38.81	37.37	35.85	37.45	40.3	44.76	45.73	50.21			38.21			35.21	41.21	45.54	44.73	52.01					36.87			40.88	43.44	50.03	50.67						37.77	36.62	37.46333333		45.81			43.55	41.37	45.95	39.21	38.79			39.49666667	42.96	43.97	44.71		41.31		42.39	37.87	39.33	40.97	45.38	49.23				47.03		44.85		34.72	41.56	43.32333333	46.62	46.71			41.75		40.61			38.03	43.48	44.17						39.19	36.85	41.15		49.25	48.41		32.91			38.51	36.25	35.73	41.43	44.95	50.17666667	48.57			43.45	40.49	38.99	37.55	33.99	38.79		47.89	45.63		44.89		42.69	41.27	39.51	37.87	37.47				48.37		46.05		37.26		38.8	40.35	43.76	46.32						39.89	40.63	38.83	42.72	43.34333333	47.89		43.91	40.27	38.44	36.29			43.37	46.97				42.71			38.42	36.01	38.01					44.89		47.17			42.35	44.95			51.59					41.45	42.35	43.81	38.07	38.48333333	47.23	46.18	45.61	47.37				48.09			39.37	37.51	39.55	44.49	43.85						38.13	38.13
2182641		46.11	47.40333333	40.09					57.91		35.51	39.01	43.61	44.83	40.67					32.79	35.00333333	41.12	42.6	46.22	48.91							35.41	37.89	40.875	44.78333333	47.65	50.15	37.71				38.6	32.85		42.59666667	46.5	48.03	47.41				37.01		36.35	33.85	34.87	39.67	43.53	45.49	48.87						35.02		44.71	44.56	52.53	40.73				37.87			41.01666667	43.32333333	50.67			41.25						35.00333333		43.34	46.37									39.40333333	40.93	43.71	45.13		38.87		33.11	37.91	39.55	40.57								42.43		35.79	40.13	42.63		46.41			40.29		39.15			38.41	42.82	43.77				37.61		39.15666667	34.48	40.25	43.57				33.11			36.69		34.85	41.65	43.67	48.71	49.63			41.17	39.41	40.27	36.21		38.61		47.32	45.85			45.69	38.89		38.63	37.57	37.09	36.71							37.12		37.87	39.34	43.19	45.8						38	38.94	39.93	41.25	43.20333333	48.09		40.95			35.63		36.83	42.91						39.23		36.14	36.47	37.15					44.93		49.05		36.35	39.13		38.09	43.55	51.61					38.99	37.73	37.79	37.41	37.9	42.95	45.43	44.21					42.01			37.67		38.77	41.61							39.08	37.66333333
2182642		46.51	45.91666667	36.37							32.17	38.13	42.87	44.4	39.05					31.02	31.89	40.23666667	42.07	46.61	49.85	47.07						34.73	38.25	41.77666667	42.68							40.41	36.37		42.92333333	45.49				40.33			32.77			33.39	38.41	43.35	43.91						39.41	34.05		43.59	44.4	44.75					30.85				43.12333333	51.73			40.35					34.61	34.79666667		41.79	44.41			40.67	38.95					39.57	42.59666667	45.11			40.53		30.89	38.37	38.95	40.58						38.99		42.53		34.42	39.51	44.82		47.23					37.27				42.87					37.59	36.63	38.20333333	36.22	39.58	43.51							39.19	35.61	35.11		45.54	49.21	50.03				38.47	38.07	35.15		38.71			44.57				39.29	38.75	39.1	37.68	36.17		44.05					38.01	36.06	35.07	37.63	38.39	41.55	45.54						39.31	35.13	39.99	38.61	44.175	47.13		40.63	37.99				36.45	41.13						38.51		36.91	33.05	36.51					44.98				35.65	39.25	41.25	39.29	43.17						40.95	38.37		37.17	37.73666667	42.19	45.76						40.75			38.07		38.77	41.41							39.15	35.21
2182643		41.85	45.13						50.23		33.05	36.95	42.85	43.18	37.05					33.15	31.47	39.66333333	42.91666667	46.34333333	48.29	42.43		37.91					35.68	38.60333333	42.54333333	44.75	47.87	46.35				33.47	35.49	36.07	41.225	45.66				41.77		36.71	33.33			35.46	37.14333333	42.53								32.43	31.85	43.63	44.39									39.14	41.46	48.51			38.85					33.39	34.53		41.15	44.07					36.79				37.09	40.84	43.39			37.39		37.61	36.16	37.82	39.47						37.31				35.31	38.71	42.43	46.41	44.85								38.77	40.81					35.01	34.93	37.43	35.21	38.44			45.11					38.55	34.73	34.13	40.89	44.71	48.39					37.91	35.54	34.65		37.25		43.91	43.46				37.99		37.59	36.48							38.83	37.71	33.85	35.33	35.03	36.34	40.93	44.19						34.14	32.37	35.55	37.17	40.74	45.72	47.87	40.37	37.63				35.77							34.63		34.43		34.15	43.75				43.47					36.83		37.32							38.51	36.45			34.03	42.41	44.05									35.59	33.15		39.93			39.91				34.65	32.47
2182644		42.04	46.05	40.17							32.31	38.85	41.43	44.54	40.67					33.78	32.59		43.9	46.23666667				37.91		44.39			37.15	41.16333333	42.11		48.93	43.89					35.05	38.33	42.61	44.79				41.45		36.73				35.95	37.42333333	42.5								33.31	36.61	43.81	45.15	47.67				35.03				39.33	41.47	49.43			37.79						34.01		40.61	46.47		41.55			35.51				37.95	41.18				39.65		39.09	35.72333333	39.95	39.79										31.9	38.29	43.46	46.07	41.31					36.57				38.89					35.53		37.60333333	35.35	38.13				40.37				35.05	33.57	33.89	40.61	43.65							36.28	35.79	34.91	37.6			40.95						37.93	34.93							38.49	35.37	33.85	35.43	33.42	36.76	40.24	43.14						35.56	31.68		38.23666667	41.62	47.37		36.93	36.87	36.09	34.47		36.67							38.67		36.09	32.33	34.35	43.33									36.75		36.24	38.37						36.21	36.85		36.37	35.47	41.95	43.32									35.73	34.97		39.51			39.47					36.09
2182645		42.04	46.05	40.17							32.31	38.85	41.43	44.54	40.67					33.78	32.59		43.9	46.23666667				37.91		44.39			37.15	41.16333333	42.11		48.93	43.89					35.05	38.33	42.61	44.79				41.45		36.73				35.95	37.42333333	42.5								33.31	36.61	43.81	45.15	47.67				35.03				39.33	41.47	49.43			37.79						34.01		40.61	46.47		41.55			35.51				37.95	41.18				39.65		39.09	35.72333333	39.95	39.79										31.9	38.29	43.46	46.07	41.31					36.57				38.89					35.53		37.60333333	35.35	38.13				40.37				35.05	33.57	33.89	40.61	43.65							36.28	35.79	34.91	37.6			40.95						37.93	34.93							38.49	35.37	33.85	35.43	33.42	36.76	40.24	43.14						35.56	31.68		38.23666667	41.62	47.37		36.93	36.87	36.09	34.47		36.67							38.67		36.09	32.33	34.35	43.33									36.75		36.24	38.37						36.21	36.85		36.37	35.47	41.95	43.32									35.73	34.97		39.51			39.47					36.09
2184109		43.93	45.25								38.17					40.85		40.23	35.73		40.03	40.17	44.93							40.17		36.93	35.08	42.72	44.34		56.59	47.95		44.31	40.21			42.31	42.82	45.89							42.81		37.11	38.10333333	39.15	46.37	47.83				44.05			38.67	39.07		51.5							38.17		40.89	45.09						46.19				36.75	37.09	46.15				42.53				39.31	41.37	46.31	46.45666667				44.31				40.23	42.91		53.71	49.39								40.39			47.49					41.85			39.39						41.31				39.13	46.36	46.13					48.25		39.37	37.38	40.55		51.43	51.31					41.13			40.81							48.39		41.59				44.87	50.81					37.33			40.17	44.73													49.45			44.3	37.47											42.19	36.91		49.75	52.07													56.71						42.99	39.23			51.25	49.43									38.63	40.47									41.41
2184110		43.93	45.25								38.17					40.85		40.23	35.73		40.03	40.17	44.93							40.17		36.93	35.08	42.72	44.34		56.59	47.95		44.31	40.21			42.31	42.82	45.89							42.81		37.11	38.10333333	39.15	46.37	47.83				44.05			38.67	39.07		51.5							38.17		40.89	45.09						46.19				36.75	37.09	46.15				42.53				39.31	41.37	46.31	46.45666667				44.31				40.23	42.91		53.71	49.39								40.39			47.49					41.85			39.39						41.31				39.13	46.36	46.13					48.25		39.37	37.38	40.55		51.43	51.31					41.13			40.81							48.39		41.59				44.87	50.81					37.33			40.17	44.73													49.45			44.3	37.47											42.19	36.91		49.75	52.07													56.71						42.99	39.23			51.25	49.43									38.63	40.47									41.41
2184111		46.05	44.59								40.29	42.57		46.53				39.65	31.49		36.4	39.85	45.57							37.21		35.91	37.16	41.46	44.85	46.65		44.51		41.85	39.13			39.73	42.63	45.17							39.33			37.37	38.2	45.81	46.71			36.21	39.93			35.66	37.13		45.65666667							35.77		39.85	46.55						44.23			36.67	34.61	38.07	44.15				41.43				36.39	38.49	44.07	45.02333333	47.83			42.03		37.51		39.18	42.33											39.95			45.41					43.41			38.83	43.11					41.35666667	39.13		35.01	45.13	46.15	45.57	43.83			41.17	43.19			36.14	41.15		51.43	44.69					39.19			39.17	44.96		44.59					41.47	38.79		37.67		44.68	49					35.73			38.21	42.47							41.31		40.23				46.31			42.32	38.05												36.06		45.63	51.31		46.21				41.71							50.48							36.95	40.77										38.97		36.01	39.01									39.13
2184112		46.9	45.35								37.59						39.57	38.05		36.77	37.49		45.63									36.25	37.82	41.50333333	45.49	51.17		44.59			37.55			41.77	42.05	44.77							38.63			37.45	37.89	46.93	48.59			37.31				35.5	38.01		48.18							32.95	40.77	39.51							42.49				36.41	37.51	43.4				41.81				41.2		45.95	47.22	47.69			39.85		37.45	39.35	39.05	41.38	100.3	54.35	49.53										43.11	45.47					45.1			39.55						40.39	38.73		37.47	41.03	46.71		39.09			42.75	43.19		35.55	37.05	41.02333333		50.87	48.47					38.67			38.33	47.49	45.65						41.39			36.97		46.63	50.44					37.35		36.31	37.33	42.21							43.13		39.25	42.37	45.49		46.69			42.77			40.93										37.71	41.03	47.22	52.33		49.11				43.27						45.35	48.47	48.13						36.63	39.47										40.87			39.01									
2184113		43.73	44.4								36.63				38.67		39.43			38.73	36.46		47.03									36.53	36.75	41.49	45.24	49.95		44.59		41.95	37.89			41.63	42.57	45.97							38.77			36.01	38.90333333	45.67	48.45							34.96			50.09								41.53		45.43											37.61	44.28				40.51				36.95		41.51	47.73	52.85			39.85			38.7	40.57	42.49	48.04	50.17									38.51		43.93	41.91					42.63			40.61						40.31	39.91		35.39		45.04		45.89			42.75	41.67			37.51	42.09666667		51.45	47.82					43.23		37.59	39.61	48.43		45.93					41.29						48.5								38.59	45.42333333		47.35		45.53						42.09	43.63		48.37		42.63	39.83	38.53																										46.25		53.63	49.87						39.53	41.09												36.55	39.89									
2184114		46.27	47.05	43.41							38.71	43.13			41.21		40.87		38.77		37.72		44.69									37.97	36.69		45.69	47.97	46.71	46.15			38.81			41.15	45.63	44.67							41.55			36.1	38.91	43.85	45.49							37.79			46.47		43.67							40.67	45.65	47.03					49.19			38.11			46.02			46.21	41.97				38.85		44.49	48.38	55.99			43.37		31.73	38.32333333		41.88	49.77		49.15								39.83			45.7					49.51			41.29						40.27	43.29				48.89	46.69	44.55	47.31		43.87				38.13	44.29		51.17	50.93				41.89	43.69		37.39	40.23	48.55	47.09	46.35					42.87	43.47				44.63	50.57					38.61				46.51				48.21							44.77		50.65			43.19	38.69										46.19		38.03		49.19				51.63							42.21		47.75	52.01	52.71							42.87										43.77		37.63										
2184115		46.27	47.05	43.41							38.71	43.13			41.21		40.87		38.77		37.72		44.69									37.97	36.69		45.69	47.97	46.71	46.15			38.81			41.15	45.63	44.67							41.55			36.1	38.91	43.85	45.49							37.79			46.47		43.67							40.67	45.65	47.03					49.19			38.11			46.02			46.21	41.97				38.85		44.49	48.38	55.99			43.37		31.73	38.32333333		41.88	49.77		49.15								39.83			45.7					49.51			41.29						40.27	43.29				48.89	46.69	44.55	47.31		43.87				38.13	44.29		51.17	50.93				41.89	43.69		37.39	40.23	48.55	47.09	46.35					42.87	43.47				44.63	50.57					38.61				46.51				48.21							44.77		50.65			43.19	38.69										46.19		38.03		49.19				51.63							42.21		47.75	52.01	52.71							42.87										43.77		37.63										
2184116		49.24	50.97	47.57							39.23	45.25		48.97			44.27		37.27		40.46		46.71							44.59		39.21	38.49	42.71	45.32	49.95	49.53	48.89			59.37			41.77	45.97	44.95										36.48	41.41	45.3	44.75			46.57				38.19	43.93				44.93								45.57	51.43					49.43			40.25			47.07								36.95		46.03	47.71	48.55			46.27		41.41	39.96		42.33666667	49.2		48.79								41.53			47.97					50.34			42.33	46.99									42.09	48.81		49.01	52.95		48.75				38.89	42.39		52.93	50.93				44.79				41.95	49.33	48.97						45.91	44.99				46.05	50.91					39.97				46.9				55.39							47.97				43.25		41.71										45.31				49.95												48.49	47.93	52.17								43.81										44.11			42.23	45.13								
2184117		49.83		53.53							43.57	45.59	46.55	49.11			44.21		39.27	37.93	38.69		89.69									39.09	40.75		45.85	48.45	49.59	48.63			58.93			42.61	41.59	43.69							42.98			35.95	42.01	45.83	44.19	49.41						39.88			49.73		45.33						42.67	41.81	45.7									38.57						49.27					38.99		45.13	49.57				49.93		40.29			43.02333333	48.25		47.07								41.13			47.62		48.99			56.81		41.29	41.63	46.71						43.47		38.15	40.73	48.81		50.97	55.23		47.79				39.35	45.43			48.61				44.79				41.67	52.17							46.43	45.99	37.91	42.49			51.72					41.25				52.73													51.55		45.61		42.79										44.33				51.27														52.17																					43.33									
2184118		49.51	64.83	49.61							43.57	45.59					46.55		39.21	38.95	41.01		136.83		47.77							41.27	39.65		45.97		53.93	49.59			107.65			42.61		45.17								40.31		35.59	42.25	44.45	45.39							39.72	42.71		50.17									41.35	46.11												49.07			49.71					37.88		93.05	49.01				50.09			41.07		42.86333333	48.58										73.89					49.09			45.17		41.29		46.49						41.97		37.53	41.39	48.77		52.63	53.15						41.07								45.15				42.67	51.87							59.15			42.85			50.72					41.25	37.07					52.11											54.41		44.35		44.17							52.49		46.99			55.37		52.31	50.95													50.47								46.65			66.63									43.11	43.01	49.29								
2184119		49.51	64.83	49.61							43.57	45.59					46.55		39.21	38.95	41.01		136.83		47.77							41.27	39.65		45.97		53.93	49.59			107.65			42.61		45.17								40.31		35.59	42.25	44.45	45.39							39.72	42.71		50.17									41.35	46.11												49.07			49.71					37.88		93.05	49.01				50.09			41.07		42.86333333	48.58										73.89					49.09			45.17		41.29		46.49						41.97		37.53	41.39	48.77		52.63	53.15						41.07								45.15				42.67	51.87							59.15			42.85			50.72					41.25	37.07					52.11											54.41		44.35		44.17							52.49		46.99			55.37		52.31	50.95													50.47								46.65			66.63									43.11	43.01	49.29								
2184120			46.21									43.71	47.35				45.55		38.75	37.97	43.87		46.35		47.77							39.11			42.73	48.67		46.99			107.53			42.87		45.37							43.37	40.01		39.87	43.66	45.01	46.59							39.22			49.27		42.67							39.81							46.79						47.29			46.53					39.28		93.07	48.33				50.09			39.63		42.31	48.05										66.69				51.59	43.93			43.65				46.55						42.12			40.95	49.16			51.21		47.77				39.43			49.73					46.23				41.07		49.15						58.13			41.77			51.27				44.31	40.95				50.73											47.75		53.33		44.13		44.33							51.01		44.09			40.77		50.55														53.14								46.67												42.51	42.88	49.55								
2184121			47.43									42.65	49.29	44.91			45.03		38.09	37.37	38.57		43.99666667		46.89					43.83		38.23	38.21		42.73	51.73		46.55			44.15	39.93		41.37	42.05									39.95	37.71	39.75	39.6	46.05	45.83							37.78	38.81										37.21	40.85							46.79						45.09								38.52		48.27	46.85				46.83		40.31	39.85	40.45	39.99		48.67	47.85								66.01		46.83		49.99	42.57							46.25						41.86				48.55		52.99	47.97		47.99			38.33	39.94			46.69	54.11				46.19				38.71			46.53					45.57			39.53			49.65				43.13	40.95											42.95				48.19		52.85		43.19		41.41							51.21			43.31				51.27							53.21							53.81							41.79	41.51		54.25										40.83	42.99									
2184122			45.51									41.01	45.03				44.97		37.97	36.69	39.33		44.6									38.79	37.04		42.81	48.2		46.69		44.49	42.39	39.93	35.47	40.27	42.05									39.39		37.70333333	38.53	43.03	45.47							36.82			48.11								36.37	40.4	45.49						45.85				41.73		43.89			44.39					39		44.89	43.53				44.25		36.29	39.22	40.37	40.39	48.65		47.27								68.79		47.49		49.99	45.95													41.81				48.89	120.07		46.85		47.99			40.77	39.32			49.81	54.11			42.11	45.23				41.31		47.07		45.91				45.05			41.08		46.65	49.58				43.93					45.91											50.51		53.01		47.03	44.79	42.61							53.93			43.57		39.38		51.01									43.91					51.01							41.95	42.53										43.21		38.33	41.05	46.11								37.59
2184123			48.37									43.05	52.13				47.67					43.68	46.43									42.25	39.65		44.69						44.73	42.31	36.27	42.35	40.53									39.67		40.05666667	39.77			53.73						36.63	38.85		49.34								37.51														43.89								39.01		42.39	43.43		49.61		47.23			38.88	38.75	41.93															51.41	49.55													41.37			41.43	49.39					48.65			42.11	40.25		48.19	51.77	54.81								41.77				49.95				46.37			41.32			50.9				45.05							51.37											53.95		47.19		43.93							54.51					39.6		50.5														55.08							43.87						50.99							42.43	43.29	50.85								39.93
2184124			48.37									43.05	52.13				47.67					43.68	46.43									42.25	39.65		44.69						44.73	42.31	36.27	42.35	40.53									39.67		40.05666667	39.77			53.73						36.63	38.85		49.34								37.51														43.89								39.01		42.39	43.43		49.61		47.23			38.88	38.75	41.93															51.41	49.55													41.37			41.43	49.39					48.65			42.11	40.25		48.19	51.77	54.81								41.77				49.95				46.37			41.32			50.9				45.05							51.37											53.95		47.19		43.93							54.51					39.6		50.5														55.08							43.87						50.99							42.43	43.29	50.85								39.93
2184125			56.31									44.85	52.81			45.33	48.85				41.79	47.43	45.32	51.05								42.25	39.28		45.12			50.07			47.01	40.15	39.83	44.03	44.84									43.29		38.14	42.57	45.67								83.37	43.55		48.9								39.53	39.95	43.85						48.35					37.25									39.35		41.67	42.71				47.49		113.17	38.92	38.75	41.98333333	48.83												45.83																			40.67	49.39	112.39	49.39			50.85			42.11	41.26		52.78	52.65	53.51								42.77								44.61			47.22		46.33					46.33							51.49		53.93													43.93			50.45							44.87		33.83		47.92												49.65		50.19																					43.55	51.53								42.19
2184126			55.21									44.95	52.63				50.97				42.45	46.43		51.69								42.89	37.13	42.45	45.85						67.69		37.75	44.09	41.81	42.83								42.45	39.55	40.47	44.04	46.23		49.73						83.71			54.05								42.95	43.05	42.55																				40		175.31	46.13	51.37					113.53	40.47		43.69666667													44.55			47.09							49.47						44.19						59.15							41.35			53.63	51.93					65.59			42.77								106.71			54.29							107.95					47.03				50.31						63.25	50.87						91.49														74.29	57.35													50.39													53.07								44.87									
2184127			51.79	56.03							40.99	44.33					50.99				44.47	39.51		51.21								44.87	37.94		48.6	47.91								45.53	45.25	45.45								42.54	39.35	38.99	44.36	46.77	45.37	52.37						37.09			51.03									43.71	45.89														49.35						40			72.49						113.27	38.69	43.37	43.49			50.23													50.85							48.59									46.85			59.47			50.59				48.13		48.63	52.41	51.93					83.05			43.33			57.95					66.39			54.47		50.21														48.53						46.37	53.47																		39.81		52.81	54.53											51.89									46.25														44.17									
2184128			54.61	54.41								42.67					50.49				43.75		46.45									43.15	37.15		45.46	47.93					45.73	49.07	35.59	44.29	44.47	44.07								38.23		42.24333333	44.22333333			51.95						37.09			48.92						46.59		40.61	43.91												43.65	46.25		47.35						39.47										38.69	42.33	43.78																48.71							48.47									46.37			50.63			50.69				41.53		49.17	52.57	49.59					45.71			43.03			57.31					46.91					49.02																					49.41		55.77								66.57										45.75	54.53			53.71																	45.65	42.97					53.03								44.17	92.41								
2184129											41.23	44.75					52.95				44.57	46.43	57.71									43.09	40.1	43.81	45.38					45.69				44.29	42.99666667	47.31								43.93		39.14	44.01	47.89		53.77						36.63			63.48								42.91	44.01	45.07												124.25		47.35						54.79			71.95						113.63	38.95		43.01666667			51.41													48.71							48.27									45.81						49.43				42.33			48.71	51.97					45.99			43.27			58.29										47.53																				46.13			55.67				44.65				66.05			54.59					39.75	77.25	52.59	54.53																				70.99														44.29	105.91						47.13		
2184130													51.83			47.99	51.85		187.43		42.87	42.75	47.2									42.69	33.65	43.23	45.58			49.75		45.25		45.63	43.81	43.37	41.73											40.99	42.62333333									36.63			48.06								41.95	43.33	44.47	47.27											48.59		45.25						39.81			64.65				46.07		39.93	40.79		42.03	45.97		49.97									50.67				49.55							49.75									42.17			51.95			49.31				41.55		48.79	51.05	50.91					46.79			42.63			55.17					46.59			40.09		49.48					46.21																						44.05				67.01			57.67					33.47														47.47									55.61	45.31					51.65								44.29									
2184131				48.81									49.25				51.23		41.87		40.55		45.69666667									43.15	37.57	43.74	44.42			49.57		44.85	57.95	46.97	42.62	44.49	41.61											37.27	43.04			50.39						35.65			49.94								39.77	40.35	43.33		44.47							86.21			44.89		46.63						39.69			71.65				47.03		40.67	39.21		42.335	45.97		49													48.39													42.77		36.37	41.31						49.31			41.89	40.81		50.83	50.87						45.99			43.46			56.73					45.93			38.49		46.45					46.39									56.11													43.97		44.35		52.6									47.01		51.59											50.61			55.09					47.59	57.43	43.84	46.39												43.43									
2184132				39.79									49.21				50.43		41.95		40.37		48.68		46.83							42.84	34.04	42.27	42.59	50.49		50.21		44.49	45.37	48.13	42.16		45.63	47.75							44.15			38.39	41.87		44.95	51.43						35.91			49.68								41.53	41.01			47.27						41.77		165.69		45.57		44.49						39.47			46.23		46.33		46.73		39.27	38.99		41.59	43.67		50.43													47.79						47.77							42.57		36.37		52.65	49.29		51.03		49.33			40.95	40.76333333		48.55	50.87	48.54		46.19			46.39			41.51	50.87							-104.87			38.49			47.11				46.01				35.07																	45.33	43.73		44.25		51.13			58.83								51.59											50.01			55.57					47.59	46.89	44.97	45.69	48.81			53.15								43.43	46.07								
2184133				50.45													50.25		41.89	37.69	40.77		47.23									39.82	35.73	43.31	42.59			50.07		44.31	46.07	39.17	42.19	43.45	42.91	47.87										38.15	42.65		43.91	50.71						35.65			50.85								41.27	40.82	44.53								40.93		54.75	38.37	47.57		45.95						39.51			127.85		46.81		45.63		40.93	39.13		41.04	43.67		48.53													47.79						47.77							42.53		36.37	41.79	52.65	55.77				49.33			42.27	40.51		48.91	48.79	49.05		49.51			47.77			41.51	50.55							45.93			38.67			54.09	55.33			46.25				35.07					57.61												45.33	44.17		44.43		52.06										50.95	51.59											51.05			56.27					47.59	55.87	43.41	45.67				52.73								43.43	46.97								
2184134				38.41													48.95		42.75	38.61	38.26		45.43									39.83	35.43	41.07	40.89			49.17		44.31	45.67	48.03	41.22		41.35	43.37							42.05			39.33	42.98			45.75						35.35			49.36								41.54	40.51									39.49		39.75				44.29						38.33			47.09		44.95		45.63		39.73			39.96333333			47.11								40.79					48.61						45.75							42.19				49.89666667			51.27		46.25			45.57	40.05		47.53	47.63	50.09		49.13			45.68			41.43	49.67							44.59			40.65			52.45	52.27												52.05							44.91					46.07	38.11				50.92	53.61		54.93					41.25			51.68													54.49	55.23					47.33	42.51	42.09	45.31				51.19								42.47	46.15								
2184135															48.89		48.95		39.13	39.73	41.43	43.49	46.53		48.25							41.83	36.35	41.29	40.89			48.75			45.65	37.73			39.85	43.75										39.31	45.03		43.93							37.07			46.99								41.46	40.13	45.61										41.19			50.99							38.95			87.09	49.07	46.07		46.59		40.29			41.675		47.33	52.33								41.29											46.69						43.29	42.33				52.43	68.81	53.83			48.37			41.81	41.01	43.25	49.69	47.31	45.97								41.33								44.99		44.35				50.61								34.89					51.19							47.79	48.97				44.97	43.45	40.33				55.01						47.73				53.41													52.96	55.95						42.63	42.45	45.39				51.49								40.71									
2184136		55.29												49.59	53.53	53.87	51.95		40.01	41.96		42.29	47.33									42.49	36.35		43		51.63	52.33				183.35	44.61		43.03											40.31	44.24									37.07									45.77		38.89												40.57			53.93							39.27			52.97		46.07		47.53					42.25	49.25		51.53													45.7												68.59					49.97	186.91	145.15			48.37				40.95		123.05	47.09	47.91666667			44.03					42.13			59.27					45.19						49.97		60.07						35.37		48.79			53.03													44.47		44.53									48.35			49.03														52.53	56.85						44.57	40.43					52.99								42.15									
2184137										50.85					50.91		52.07		40.69	39.43		39.63	46.53		49.01							42.81	35.19		42.8		50.73	39.13					42.91		44.6							47.57				39.75	42.97									38.21	37.07											43.28														48.87	46.91						39.27		100.71	46.21		44.67		47.61					42.39666667	46.79	41.77	45.95									48.33		44.27		43.05									51.61	45.73			43.21			41.45		55.45	48.89						40.85	40.35		45.07	44.99	46.67			44.01					41.69	47.19		58.05					47.41					44.89	49.29		60.07								46.89			49.69											46.51		36.71		44.49				50.73					49.65	39.13			52.05													52.61	52.81							41.84													40.91						49.03			
2184138		57.79													53.53		51.67			41.11		41.29	45.79									42.77	36.83		43.87		50.73	44.31		44.63	52.09				44.87							47.09				40.21	43.5	45.85		50.87						38.21	37.07		48.17								41.91												39.67			48.35	46.91						39.25			65.31				47.81		115.13			43.29	46.49	51.19	52.28									48.33													58.93				66.29					121.23								40.61		49.07	47.13	44.93			44.03		81.81			42.41								58.95						49.29								34.59		47.17																39.89		44.49				49.73					49.65	39.85		51.09														53.03	56.85						40.53	43.19													43.71									
2184139		58.45	44.37							55.61				47.21	53.55				42.05	39.01		42.72	45.47		48.97							42.09	36.56		43.42		49.05	41.31		42.53					45.69	43.56		53.79		51.63				40.65		40.63666667	43.45	42.89			50.01					35.77	37.15				54.57		43.43		38.39				43.65										38.85		40.87	52.53	45.77		45.15				32.37		59.31	72.41				44.07		40.29			41.90333333	51.57	49.49	47.41									42.69	47.37	45.23	55.03	43.35								52.93									49.03	64.33							47.57	40.61		45.57	49.05	43.15					81.65			41.31								96.85						47.65								35.81		46.31									45.29							44.97		38.49		48.01	49.67	49.87						39.65		49.15	55.15					60.85								51.81	56.47										154.99										40.83									
2184140		58.61	48.05								47.61				50.67		50.41		41.79				46.37		48.35							42.17	36.88	44.29	45.39			42.05	44.73	43.91					42.77	45.96		49.15		53.39						38.88333333	41.81	47.09		47.39						35.37	42.15								38.97		45.15	41.01	49.05										37.98		39.73		44.21		51.27				31.25		45.57			48.33				40.49			42.77			47.89									42.13	50.03	45.49		45.21								51.93									48.06	54.61								39.19	42.95		47.49	49.25			41.87		80.79			41.69								45.83			41.53		45.85	53.83										46.67			42.19						41.19							43.13						52.91							41.21		52.52					59.13					42.79			48.08	53.29							40.95					47.73								40.83									
2184141			49.55										51.91		51.79		52.73					41.01	46.23		45.57			51.25				41.97	38.63	42.92	45.45		52.87	51.11							44.47			51.92		53.11				40.97		35.11	43.93	47.53			54.41					35.33	41.69				54.21							41.03	44.77										36.81		40.47	48.05	46.29		47.2						42.37	46.99		49.96	49.85	46.45		41.33			42.97			47.13	56.01								47.91	48.81	43.35		45.25						43.21		52.83									48.72	152.33	52.91						42.23	40.31	40.45		49.16	53.85			43.71		80.73			41.19					49.47			102.11						53.27										47.61			41.59						42							41.19					46.81	54.97						39.39			54.69										42.09			50.93	52.71							41.05	49.81				51.43								39.77							40.51		
2184142		58.19	48.95												52.27		52.97					38.91	47.15		49.13			51.31				41.97	36.82	45.05	45.39		59.03				64.09				43.41	44.37		52.54		53.39						48.97666667	42.73	46.95		51.39	54.43					37.21	40.99	50.49			53.67				42.95			40.93	45.8										114.79		46.45		45.61								46.13	46.51		43.35		46.45		115.71	50.27						56.07								47.21	48.81	51.29								42.23		54.15					43.87				48.5	54.49	54.49		50.11				36.25	40.84	41.81		49.14	52.48			43.35					41.71					47.33			45.97			42.35			53.37		58.39								49.54							38.25		41.19												53.53	51.77					48.73	37.71	39.65		53.24			48.65							43.25			50.96	52							41.81	48.29				51.23								39.77							45.95		
2184143		50.97	46.79	48.85									47.71	47.01	49.76		50.79		40.29			43.11	45.08		46.96			49.31				39.55	37.15	40.99	42.41		53.31		49.27		44.59		38.87		38.51			49.33	45.89	52.55		49.75				35.93	42.89			47.55	51.97					35.37	37.85	46.19			51.87		43.15		42.59			40.85666667	44.73		47.19								38.11		44.25	51.28	45.61		44.75				27.45		41.37	45.93		47.15		46.15		41.31	41.9		39.65		49.71		51.23								47.21		50.19							41.43	41.39		49.73					39.53		38.03		46.91	54.69	51.75	51.79	49.09				34.15	39.84	41.81		45.81	51.01			43.39					39.07			49.17		46.11			46.19	42.45		35.71			52.47		58.45								46.63										42.73		51.09			43.53	38.19		42.31			47.51	51.77	54.23				50.27	37.71	39.11		54.04			48.12							41.37	45.13		48.39	49.99			47.41				41.81	44.63		48.19		47.53					40.85			37.33	41.47						40.51		
2184144		58.51	48.65										48.81	47.99	50.65		50.29		41.01			36.69	41.56333333		44.07		46.49	50.65				39.79	34.59	39.05	41.49	47.71	54.75		50.71		44.59				32.75			50.81	45.89	69.21				40.93		35.87666667	40.45	45.77		48.91	52.07					35.37	42.3				54.19		52.21	39.25	41.81			41.02333333	43.04333333				49.09						40.52		43.89	46.99	42.65	50.47					27.43		47.23			48.32333333	164.25			38.89	46.31		39.25				51.79								43.59	42.09	45.55	53.77	43.03								50.71					39.41		24.47	44.11	47.81	52.41	49.45	55.35					35.31	38.51	40.51		49.15	48.53			43.31					39.07			49.73		44.01			145.35	42.45		39.65		44.79	52.01	45.87	58.41						31.69					46.92						40.25	45.57	49.23	50.6			40.63	35.71			46.25		49.51	50.81	52.19					35.11	38.83		52.11			49.2				42.77			43.53	44.11		49.31	50.73			46.97				40.43					47.53		45.83			40.69			37.33	41.43						42.63		
2184145			47.53	52.53									46.93	45.83	52.95		49.59		41.83				42.63666667		51.13			55.05				41.61	37.11	43.05	43.75	49.39			48.61	44.45	45.43								45.71	70.03		50.99				36.36333333	40.25	42.79		46.65	51.23					35.57	43.8		49.69		51.41		50.23	40.37	42.55			40.77	42.61				50.03						40.64			47.93	47.51	50.27	44.55				28.37		48.31			49.55				41.57	42.86333333		40.74333333				51.57								44.43		50.65										48.75					40.39		39.01			54.49	52.25	51.91					41.43	40.09	42.51	44.21	50.97	52.29			43.23					40.53	46.27				46.73			46.57	46.21		42.13		45.37									36.03		45.68									44.89	47.91		51.83			40.55	36.57					47.81	145.89					46.25	32.39			52.59			48.28				47.27			42.73			51.73	50.96			47.87				43.63			49.31		48.71								39.27	42.83						47.03		
2184146			50.31										51.55	52.25	52.43		52.51		42.63	39.33			43.29666667		51.43			55.05				42.35	37.83	46.33	44.89	49.57	58.05			44.45	45.01				41.51	46.55				158.83				42.65		39.10333333	43.57	40.23								36.37	46.61		49.29	49.53	53.39			41.85	44.45		39.81	42.48333333	44.33				50.03						114.21		47.83	49.48		48.63					28.91		49.05	48.01		124.35				41.73	42.57		41.98			46.99	55.25								47.33	46.13	51.45										50.67					41.39		41.47	42.35			52.69							40.89		47.59	50.42	49.97			43.23					41.39	47.23		50.45		47.15			46.65			42.71		46.31		51.17							44.46					47.93							48.69					39.79	38.11			43.15		49.88						46.25	31.69			53.93			49.87				46.19						53.47	49.79							44.85					50.71					42.75			39.27							48.01		
2184147		53.87	42.83										47.51	49.39	50.79		49.01		43.18	36.25			42.09		48.45			43.41				40.83	37.07	44.05	43.65	47.85			48.43	42.97	45.01				40.57	41.77		44.89	47.07					38.41		36.55666667	41.35	42.47			49.39					35.57	43.66		47.57		49.19			41.85	43.17		33.23	39.72	43.11				45.65					38.03	42.12		45.27	46.95	45.75						34.01		44.19	47.37							46.7		42.39				52.43						38.55	57.92	47.33		50.37										50.67				44.51	39.73		39.35			48.05	51.01	52.71						40.09		45.73	50.15									39.03			48.33					44.65			40.63		45.43											47.93										45.24					42.41				43.15		50.44	49.03					46.25		36.25		52.53							43.17			39.73			51.73								43.89					47.91					41.31			37.55				44.89		34.53	44.35		
2184148		54.67	47.93	53.73								43.93	46.55	48.95	52.47		49.01		45.12	36.25	40.35		43.03		49.89		44.49	53.67				41.37	37.83	44.29	44.94	47.81	52.39666667		46.55		42.29		37.15	37.53	41.01			48.27	49.83	45.67						38.65666667	42.79	43.75		46.51	45.71					35.51	45.83	45.13	48.23	48.33	50.01		43.67		41.59		38.89	39.56			49.57		47.19						40.86		44.76	49.06	46.05	46.91	42.51				35.77		44.01	45.89	41.95	90.44					46.53		41.53		49.31	47.72							39.09		47.33	44.05	50.19	51.43	46.29						39.96		48.79				43.25	40.13			41.49		49.03	50.85	46.27	48.71				35.17	38.43		45.75	50.57	48.43			41.57					41.23	46.45	49.39			44.97		45.53	45.07			42.11		46.53	50.59		48.91						43.4	41.17	46.91			44.9			42.43				46.07		51.33				39.29			44.55		47.88	49.39					39.25				51.61	49.03		47.53				43.63	46.29		39.41			51.99				44.73				43.69					49.45					40.43			39.05	40.41					33.75	43.21		
2184149		52.89	49.76	49.55								44.79	46.12	47.43	51.89666667		45.63		48.35	37.16	37.51	39.73	42.95	47.13	49.51		45.05					41.37		42.86	46.53	47.64	52.03666667		47.47	42.03	40.83		36.91	37.97	41.24	44.46			50.91			45.67				38.06	41.96	43.07	46.89	47.01	45.71					36.97	41.88333333		49.41	50.09	48.43		44.93		40.69		37.89	40.41	44.94	49.65	49.66		44.13						55.53666667		46.62	47.53		48.75					35.91		44.09	47.27	43.27	87.12					44.37		42.27	48.45	49.23	48.37				47.49			40.55		49.21	53.84	50.31	51.91	46.29						39.89		47.21					39.23			41.73		48.41	48.77	54.39					34.81	41.05	43.45	47.91	52.45	49.57		61.45						41.98	45.97	49.3	52.55		47.18		45.99	45.65	46.19		71.89		46.73	54.65	50.51			44.61				43.6	44.27	54.79			49.57			42.43			42.43	45.57	48.97	50.91				42.07	57.71				49.6	160.25									51.65			48.71				43.97	47.89		41.29			51.79	50.91			45.23				44.63				50.73	48.45					46.65			39.05	43.7			46.89			46.97	48.21	
2184150		55.55	120.17								49.65		47.84		48.53		46.45		49.21	41.16	39.33	41.33	43.67	49.65	49.99		44.19	51.23				40.93		43.28	45.97666667	50.44	57.53		45.31	45.33	41.19		39.61	37.59	42.17	46.23		51.39	51.77						37.11	40.59666667	42.98	42.57		48.27	49.81		46.09			37.27	42.39666667		49.71	51.33	49.61		44.77		42.49		37.95	41.11	51.11	50.59	48.95		46.85			43.17			40.765		46.45			49.77	43.33				35.89		44.65	48.67	44.11	49.78		44.39		40.91	48.12		43.61	50.37	49.49	49.7					49.07		38.37	50.09	45.49	52.83666667	52.03	50.97							42.04	47.57	50.82		46.7			41.28			42.17	47.71	50.65	56.31	66.19	50.67		45.13			40.79		45.78	51.41			59.87	42.59					40.37	48.57	49.71	55.41	53.05	46.21			95.83	45.23		43.21		47.8	55.39	52.25	49.11						43.56		46.37	53.55		46.41	49.47					41.35	46.79	52.03	54.42			45.99	42.75			48.01	48.41	49.27	161.15						41.61			52.65		57.55	50.75				42.57	47.45					53.67				43.91				42.33		44.41		79.05	49.27					42.71			42.53	44.82333333			47.43		51.91	47.09	47.57	
2184151		52.63	52.01	51.57								46.81	47.59	52.07	51.56	48.29	43.11		42.98	40.31	39.6	40.25	43.05	48.81	50.69		45.71	47.63				40.55	38.41	42.3	44.93	47.98	54.99		41.13	42.87	42.11			39.44	41.85	44.97			49.73						36.31	29.09	42.58	42.13		48.17	47.59					23.83	42.77	46.09	49.36	51.15	48.63						36.79	43.69	48.61	47.91			46.57			45.33			39.7		46.27	47.73	45.65	48.37	43.71				35.89		43.46	45.17666667	46.14	48.14		45.51		35.93	46.2		44.12333333		49.78	49.37			51.17		51.09			58.78	45.87	65.31	51.43	44.13	43.53						42.73	47.27	49.7		46.07			42.16333333			40.49	47.97	49.29	50.81	54.17	50.67		45.13		40.26	39.83		45.58		54.67		59.87	42.59					39.93	46.19	49.01	54.65	52.99	45.99		46.43	43.62		43.03	42.59		47.13	55.87		49.29						42.29	44.83		52.57		47.11	50.49		42.39				47.53	49.71	55.59			44.55	42.75	37.43		47.27	48.03	49.52	158.17						28.35			53.19		57.05	50.27		65.01		44.11			42.61			52.07				45.35		46.01	42.27	44.6		44.69	52.63	58.83	49.39					49.72			41.65	42.93						46.13	47.57	
2184152		57.81	52.67	51.57							50.47	46.81	47.91	52.37	47.3	48.87	47.43		45.38	40.83	38.77	40.25	43.03	48.53	51.43		47.05	43.55				41.21	39.65	44.71	43.91	47.25	53.16		42.81	44.41	43.07		37.19	40.81	43.06	45.24			51.51		49.89				37.05	40.64333333	43.39	42.41		49.75	52.69		48.07			37.79	43.98	46.2	49.00333333	50.95	49.07						38.01	42.55	48.97		51.25		52.6			45.67			39.95		47.67		44.85	48.61	43.71	46.81					42.01	45.725	48.59	48.5		45.51		40.94	45.06333333		43.92333333		49.95	49.37	55.73		55.21		52.15			59.33	46.65	46.53		50.47	44.57						43.41	47.83	52.97		47.91		40.39	43.67666667		42.79	41.79		49.97	56.15	55.25	53.13		45.79		56.36		68.92	45.34		50.95		60.75	44.98						47.25	49.65	53.98	53.75	48.93		45.79	46.84333333	46.25	41.51	42.73		47.31	56.13								42.01	46.39		52.69		47.54	49.47		42.57				47.49	49.91	54.22			45.31	42.67	39.05		48.41	48.35	50.25							28.35	44.67		53.13		57.59	68.41		66.37		44.53			43.51			52.89	48.91					48.89	42.55	99.51	49.67	47.95	52.47	28.87	50.53					42.33			41.85							46.13		44.25
2184153		52.69	83.98	51.71			47.85				49.85	47.37	43.25	51.89	47.83666667	49.93	45.23		48.19	40.68	38.85	40.75	42.99	46.15666667	49.58333333		47.25	50.71			40.05		35.79	44.55	63.86	48.23	53.83666667	43.53	43.09	44.65	41.45			39.48	41.3	44.42			41.53		49.75		43.23			39.555	40.38	42.27		47.81	49.97		54.83			41.15	43.6	45.43	48.43666667	50.13	49.27						37.53	43.38	47.85	49.75	52.11		44.48			44.25		38.33	40.41		46.19	47.59	45.75	48.87							41.22333333	45.45666667	48.75	48.29		46.15		37.01	46.51		43.48333333		50.96	49.24			51.17					72.41	46.53	45.53	52.13		44.93							48.19	50.41		46.33			44.24333333		41.39	40.95		223.13	48.35	55.15	51.83			45.77	45.59		45.01	45.72		51.21			49.03					41.71	46.49	49.49	52.79	54.95				44.75		42.21	109.01		44.29	52.11	52.19			43.73				46.04					53.8	50.79		44.71	41.19		48.47	48.27	50.79	55.41			45.15	39.63			47.01			49.73						30.01	44.03		52.87		57.99	51.49							51.37			52.07	49.51	66.43				50.73	41.87	47.17		48.25		88.25	50.23								42.19	45.01								43.89
2184154		51.25	110.48	46.69							49.49		48.09	49.35	46.65		47.92		49.11	40.63	40.15		45.25	46.2	49.38333333			50.47			43.07		38.27	40.87	58.16333333	47.35	54.27666667	43.95	46.13	45.07	43.65			41.4	42.7	44.67							43.13		37.41	40.45666667		42.81		49.85			51.71		45.99	66.41	43.25666667	50.29	49.21666667	50.59							38.33	42.52333333	46.40333333	49.47	81.99								38.91	42.19	46.57	47.15	46.87	49.07							42.71	48.28	49.01	49.09					45.04333333		44.31		52.25	49.46	48.43		55.71			41.21	38.17	44.87	48.29	45.17			46.25					45.97	43.87	49.45	47.43					44.45666667		69.24	42.09	68.57	55.71	49.11	55.07	52.19		46.65	45.87		41.37	44.78	48.25	52.13	51.01					44.27			42.61		49.49	52.23	53.39	51.34		51.75		46.81			39.01	44.43			56.79			43.89				46.75				58.85	50.25		121.97	40.51	45.25		48.27	52.07				44.89	40.33			49.13												54.21			55.15				61.25						51.99	50.63	70.17					42.17	98.62		51.69		54.53	50.31									45.59						49.97		
2184155		49.93	50.83				47.27						48.17	49.74	50.79		44.09		48.03	40.34	38.6	40.19	42.97	45.09	49.93666667		47.93	44.89		62.39	38.41		37.35	43.53	59.34	47.47	52.95666667	45.83	45.69	43.19	44.19			40.51	44.75	44.49			52.95				45.67			38.47	40.33	43.45		49.09	49.65		50.57		45.99	44.97	43.2	47.02	49.48333333	51.67	47.35		46.35		54.65			44.86333333	45.84	47.11	50.13		46.93					40.01	38.29666667	41.57	46.09	47.39	44.15	48.19							42.32	46.11		50.17		45.19			41.1		43.79	48.01	51.02	48.95	47.95		54.35		50.41	41.55	38.91	43.61	45.97	45.81	52.31	47.59	45.2					46.01	43.81	47.88	50.43				46.05	41.54		43.31	41.79	89.27	146.89	48.47	54.85	51.35		46.61	44.47	45.41	39.77	45	48.04		50.91								40.59		49.98	52.44		50.85		49.71	44.23	46.81	45.57		40.75				49.01		44.83	41.57				47.41		54.21		60.95	51.11		122.39	41.05		48.57	47.75	51.59	53.77			49.55		40.83		48.45												52.59		56.01			54.15					89.01			52.89	49.53	67.35				50.01	41.77			50.89			50.37								45.47							48.57	66.63	41.41
2184156		49.93	50.83				47.27						48.17	49.74	50.79		44.09		48.03	40.34	38.6	40.19	42.97	45.09	49.93666667		47.93	44.89		62.39	38.41		37.35	43.53	59.34	47.47	52.95666667	45.83	45.69	43.19	44.19			40.51	44.75	44.49			52.95				45.67			38.47	40.33	43.45		49.09	49.65		50.57		45.99	44.97	43.2	47.02	49.48333333	51.67	47.35		46.35		54.65			44.86333333	45.84	47.11	50.13		46.93					40.01	38.29666667	41.57	46.09	47.39	44.15	48.19							42.32	46.11		50.17		45.19			41.1		43.79	48.01	51.02	48.95	47.95		54.35		50.41	41.55	38.91	43.61	45.97	45.81	52.31	47.59	45.2					46.01	43.81	47.88	50.43				46.05	41.54		43.31	41.79	89.27	146.89	48.47	54.85	51.35		46.61	44.47	45.41	39.77	45	48.04		50.91								40.59		49.98	52.44		50.85		49.71	44.23	46.81	45.57		40.75				49.01		44.83	41.57				47.41		54.21		60.95	51.11		122.39	41.05		48.57	47.75	51.59	53.77			49.55		40.83		48.45												52.59		56.01			54.15					89.01			52.89	49.53	67.35				50.01	41.77			50.89			50.37								45.47							48.57	66.63	41.41
2184157		48.57	49.84333333										47.69	51.65	51.18		73.41		48.73	40.18	39.42	39.21	44.49	45.61	49.65666667		46.95			63.23	38.11			41.35666667	86.26	47.24	55.21666667	44.31	45.39	43.19	44.23				42.00333333	44.73			49.59				44.45		34.13	39.47	40.17	42.53		48.99	49.43		49.15		44.95	40.41666667	41.51	47.54	49.55	52.18	48.37				42.43		38.79	44.33	44.18	49.35	52.58		46.51					40.36	35.13		45.9	48.01	44.75	47.95						42.41	44.44	46.08		48.93		44.73			39.28		44.28	48.16	48.89	49.4	48.53					40.79	39.89	43.75		46.67		52.55	44.43					46.01		47.7	50.83				47.31	45.2	39.55	42.51		47.07	52.25	53.63		51.51		46.73	43.94	45.53		42.61	47.82		89.17			46.73		45.13			40.59	45.99	49.09	51.86	53.51	50.63		47.47	44.47					45.37						42.69			45.16	45.54				49.29			45.29	40.79				52.33	52.77			43.67				46.51	48.75	58.21										52.71		56.33			60.93			44.99			48.71		50.71	49.75					48.73			50.89	49.14			49.59							43.81								48.81	48.19	45.49
2184158		47.63	48.90333333										47.77	50.61	51.11		43.37		46.49	40.46	38.03	41.43	43.57	45.61	49.15		46.13			60.75	39.77			40.59	70.56333333	47.6	53.34333333		42.71	43.57	44.39				41.94	44.67	48.75						45.21		33.67	37.63	40.01	45.28333333		48.77	49.69		50.89			41.01		47.46	51.16	51.75	45.03				48.32		35.71	42.84	45.48333333		53.89		47.65					40.43	43.7		46.48	47.37	43.87	49.79						40.25	42.07666667	46.33	46.69	49.97		44.97			38.15		43.71	46.3	49.12	49.12	49.05		55.43		49.85	39.93	38.43	56.4		46.35	50.33	52.63	45.21					39.61		47.37	48.09				43.25	52.16	38.79	42.39		45.67	52.23	52.57		50.55		44.35	42.35	46.03		42.51	47.79	49.75	49.75					44.11			40.01	47.09	49.07	46.64	53.53	55.33666667			44.03	44.98333333				44.27		58.05			45.13	43.05			43.99	46.46333333		54.13		53.32	51.67		43.9		45.05	46.93	44.37	50.72	52.75		42.81	51.21		56.11	42.27	46.55			50.45						35.91			53.42					62.61			44.93			48.14		50.97	49.85	67.23		46.49		49.65	43.21		205.99	50.45			50.31		47.33			44.01	43.23	43.01		48.93					50.85	45.15	48.25	45.03
2184159		51.64	49.25							39.37		46.77	46.95	50.55	50.84333333	47.93			42.39	39.33	37.99666667	40.7	44.83	45.65	49.19		43.87			61.53	38.39	40.57	37.45	40.2	57.79	46.55	57.92		44.75	43.67	43.35			38.33	42.34	43.55666667	47.17	49.29	44.69			44.89	42.59		38.11	34.47	41.69	44.95		47.93	49.05		50.59			40.47	40.69	46.67	48.84333333	50.83	46.73		44.21		43.83		38.97	43.54	45.52		53.63		44.18					40.12	41.39		45.23	53.11	42.75	47.95		48.31				42.71	42.65666667	46.98	46.93	50.16333333	47.33	43.31			39.91666667		43.13	45.47	48.12	48.81			56.95		49.47	39.89	37.11	45.58	43.96		50.31	45.59		45.07		47.19			41.99	46.92	50.13		47.63		45.39	42.41	43.65	41.85			50.73	52.31		49.05		44.89	41.1	44.09	40.01	42.71	46.21	50.13	49.75			44.85		43.87		38.79	40.66	46.63	49.51	51.05	52.43	49.16333333		47.2	41.83	43.89			40.47	44.13	49.07	50.71	46.29		43.75	43.56333333			41.27	46.15666667							42.9	43.13	43.93	43.03	46.15	50.89			47.19	49.65	41.77			49.43			46.91					41.11	36.87	41.49		52.29			50.09		62.78		44.57	43.87	43.83	44.13	47.57		51.37				46.63			42.13	42.53	50.23	48.15			48.41		48.65			43.43	43.43	43.01		48.25			47.83			46.03	47.15	41.86
2184160		49.17	51.31										48.71	50.2	51.19				45.57	41.17	38.11	42.30333333	45.88	45.97	49.57		47.19				41.39	41.59	39.72333333	42.28	58.96333333	48.69	55.12333333		47.61	45.63	45.07			41.5	42.3	43.72	50.28	50.33	48.17			46.93	43.91		40.19	40.41666667	42.18	46.02		48.63	48.91		53.69			41.17666667	41.99666667	47.73	48.1	51.55666667	50.73				43.29		40.39	43.89	46.19		52.17		51.63			49.89		41.25	42.56333333		46.39	46.95	45.19	50.43					39.11	43.19	45.05	48.07	48.47	50.94333333	48.01	43.79			39.92	43.71	43.15	48.07666667	48.88	49.91			55.63			41.15	39	43.73	47.38	54.85	49.23	48.35		45.07		48.07				48.1	50.56				51.92	44.59		41.03	41.07		52.83	52.91		49.05		45.79	42.14		38.61	43.89	47.81	50.46	50.55					45.31		41.33	41.67	47.51	50.19	50.68		49.35666667		48.97	45.91	45.38333333		42.65	40.85	46.19		51.55	50.25		44.61	52.58	42.71	40.71	42.76333333	47.07	50.05			47.27			123.89	43.74	54.37		47.35	51.19	52.45		45.81	44.07				49.99			50.35					34.17	41.36	44.95		53.33			50.87				45.87		46.23	44.21		50.42	51.49	49.71	70.01				47.07	44.91	156.21		57.47	50.83		50.87		48.65				44.03	45.23		50.21						47.31	47.75	44.24
2184161		49.17	51.31										48.71	50.2	51.19				45.57	41.17	38.11	42.30333333	45.88	45.97	49.57		47.19				41.39	41.59	39.72333333	42.28	58.96333333	48.69	55.12333333		47.61	45.63	45.07			41.5	42.3	43.72	50.28	50.33	48.17			46.93	43.91		40.19	40.41666667	42.18	46.02		48.63	48.91		53.69			41.17666667	41.99666667	47.73	48.1	51.55666667	50.73				43.29		40.39	43.89	46.19		52.17		51.63			49.89		41.25	42.56333333		46.39	46.95	45.19	50.43					39.11	43.19	45.05	48.07	48.47	50.94333333	48.01	43.79			39.92	43.71	43.15	48.07666667	48.88	49.91			55.63			41.15	39	43.73	47.38	54.85	49.23	48.35		45.07		48.07				48.1	50.56				51.92	44.59		41.03	41.07		52.83	52.91		49.05		45.79	42.14		38.61	43.89	47.81	50.46	50.55					45.31		41.33	41.67	47.51	50.19	50.68		49.35666667		48.97	45.91	45.38333333		42.65	40.85	46.19		51.55	50.25		44.61	52.58	42.71	40.71	42.76333333	47.07	50.05			47.27			123.89	43.74	54.37		47.35	51.19	52.45		45.81	44.07				49.99			50.35					34.17	41.36	44.95		53.33			50.87				45.87		46.23	44.21		50.42	51.49	49.71	70.01				47.07	44.91	156.21		57.47	50.83		50.87		48.65				44.03	45.23		50.21						47.31	47.75	44.24
2184162		53.51	50.78						38.93		40.24	44.37	47.31	49.87	49.83				41.1	39.71	37.04	42.17	45.65	46.03	49.07		43.75				39.61	40.13	38.84333333	42.185	59.94333333	47.15	56.23		44.13	45.77	44.75		40.27	39.98	41.67	44.85	48.18	45.59	43.73			44.77	43.27		38.13	39.22	40.95	45.38		48.39	49.03		47.57			41.38333333	41.26	46.25666667	50.92	50.87	48.27				45.44		40.21	43.02	46.67		50.53		45.56					39.35	39.35666667		45.82			49.87	47.09					41.23	43.75	47.61	47.79	47.07		45.37			39.58	41.55		47.56333333	51.29	49.15			52.44			40.11	38.86	46.03		54.89	49.91	45.31		45.49		45.97		40.13	42.55	47.23	49.9				44.09	42.83	42.67	50.83		46.71	52.01	52.63				44.75	42.23		40.35	42.92	46.98	51.49	49.73		42.81	45.79		43.91		40.21	41.31	46.77	49.27	50.41	49.41	47.86		47.86	47.89	44.33			40.85	45.47			52.33		44.03	41.13	38.19		41.41666667	46.42				45.01			44.77	42.01	42.47	42.89	46.65		50.87		44.45	44.77	41.57			49.07		47.93					46.17		39.93	44.13		52.25			51.23		58.24		44.81		43.99			53.01	50.11				45.45			42.95	43.14	51.31	56.28	50.49	51.71			48.79					40.6	40.55	48.69			48.67			47.95	45.55	42.63
2184163		46.33	51.65								40.2		48.33	55.23	50.77					40.41	37.47	42.12333333	46.22	46.39	49.56		42.21				39.39	40.73	39.39	42.82	45.34	49.11	54		44.57	43.87	44.55		40.13	36.12	69.15	45.33	49.78333333	44.55					42.84		37.85	38.83	39.78	46.17		49.55	47.67		46.63			40.57	42.14	46.43	49.49	50.75					41.57		37.59		46.99	49.89	51.85		45.72					39.47	68.09666667		47.09	48.43		49.09	45.77			62.67		41.33	43.61	46.54333333	47.37	50.02		44.69		41.57	39.25	42.79	43.71	47.78333333	52.29	49.19			53.45		50.17	39.65	38.22	46.2	45.8	66.49	49.75	44.33		43.13				39.23	42.53	47.13	50.12				44.23666667	45.67	40.41	42.8	43.31	47.91	51.07	51.43					42.49	40.67	39.39	43.21	46.98	50.89	49.53			45.83	45.04	43.8		38.96	40.56	46.83	51.39	50.39		47.66		47.19	48.79	43.39		40.12	40.07	45.19		49.97			42.79	40.48	41.21		40.25	45.85666667	48.41			45.99			43.27	40.03	38.44	44.97	45.11	50.41	51.44		43.75	48.37	40.27			49.73	49.25	48.87					45.85		36.67			51.98333333			49.21		56.95		43.07	44.15	43.99		46.75	55.63	48.23							43.05	48.30333333	57.49	48.40333333		50.65				45.29			42.99	39.91	40.55	48.45	45.49					44.77	45.31	41.85
2184164		45.65	50.97						39.63		41.11	47.63	47.17	49.66	49.74	45.19			38.65	39.74	39.5	41.36333333	45.65	45.77	49.46		41.43				39.43		39.44	41.965	58.22333333	47.59	53.26		46.37		45.25		39.93	34.93	50.89	44.31	47.11	46.69				42.99	42.24		37.49		40.27666667	43.52	43.61	50.06	48.93		45.84			39.65666667	41.53	45.51	50.14	52.03		43.47			41.37		41.33	42.31		49.43	50.65		44.32				47.51	38.65	39.015		45.47	46.84			41.33	47.75		61.65			43.67	42.66	46.31	43.4		43.85			40.39	50.12	43.3	46.85	50.68	48.27	48.41		49.47		48.93	39.39	38.35	45.86	44.51	66.35	47.95	46.31		43.87		44.15			41.64	46.41	48.55				43.14333333	44.21	41.18	42.67	39.31	47.85	50.29	51.11					41.81			42.87	46.71	49.07	48.41		49.3	44.77		43.81		38.72	40.23		47.94	48.53		46.43			46.79	43.13	40.23	38.67	39.29	45.01		49.67			44.15	40.91	37.77	43.15	39.99		48.55			44.35			43.74	39.96	41.65	44.8	44.02	49.57	48.99	49.63	46.23		41.84			46.20333333		46.33						41.24		39.61		50.98			49.60333333		54.94		43.24	43.95	44.47	43.33	46.53	53.57	48.515		68.63		46.05	42.23	45.45	41.45	40.91		48.45666667		51.47				45.29			41.45	41.37	41.01	48.03			48.71			43.73	44.01	40.69
2184165		45.45	47.84						39.25		38.67	41.99	45.77	48.14	46.87				38.53	40.11	36.39	39.50333333	43.61	44.9	46.33	47.67					38.45	39.07	37.56333333	39.055	43.58333333	47.27	48.05		45.67		40.47		37.55	37.37	41.61	43.53	47.16	44.25				42.09	40.81		37.49	38.23	41.13	43.72	43.09	47.54			44.65			36.17	37.99	43.89	47.88	48.76								41.06	44.05	49.4			43.51				46.07	37.77	40.53		43	122.01		44.45		45.79		39.11			42.51	44.22	44.23	42.25		43.05			39.15	49.59	40.95	46.09	51.27	48.55			47.23		49.15	38.77	37.11	41.19	43.17666667	65.83	45.71			42.11		43.03		37.91	41.05	44.66	45.86333333				41.48	42.91	42.77	39.55	41.42	45.33	49.51	50.27					40.07	40.27		42.21	44.23666667	47.85	47.87		54.97	43.35	44.71	43.09	39.89		40.57		46.13	47.51		48.77		43.35	46.55	42.77	40.73	38.67				48.87		47.29		42.03	40.41		39.81666667	44.59	47.83			44.19			42.44	44.27	39.85	42.77	45.19	48.13		48.45	44.37	43.79	40.91			45.3		45.53	44.35					40.31	34.76	40.07	45.23	49.35			48.45		52.29		42.35	43.93	43.47	41.61	45.47	54.97	46.47		68.63		46.05		45.45	41.43	41.79	47.83	47.38	48.29									40.88	40.51	47.67			47.25			43.13	44.01	40.5
2184166		45.49	48.53				44.19		39.63		37.45	41.99	45.51	48.68	49.36				39.76	38.28	38.33	39.93666667	43.5		46.27	48.19	39.69				37.13		36.81	39.96	124.83				45.67		40.79	38.27	38.25	36.99	39.77	42.64		44.63				42.87	40.53		35.61	38.53	39.71	42.59	43.59	46.77			42.03			37.51	37.57	42.55	48.08	47.74		41.19						40.79	43.95	47.44			43.07				44.73	37.51	36.32	35.11	43.06	44.93			39.75			38.79	34.41	36.57	41.61	40.81	44.13	42.25		43.55		37.95	39.13	40.03	41.09	46.25	50.85	48.06333333			47.55		47.15	38.77	36.11	42.34	40.58	48.59	45.67			44.19		42.17			41.3	44.31	48.25				41.12	40.33	38.77		41.09		48.77	48.67					40.07	41.09	36.13	41.63	42.46		48.03		42.69	44.53	45.55	42.07			40.13	43.79		48.09			49.75	44.23	46.79	42.43	41.79	38.67		44.34		48.85				40.81	37.17	42.29	39.29	43.78	46.73			41.47			41.78	44.27	40.15	43.21	44.35	48.5		46.21	42.01	42.79	40.37	37.19		45.08						40.21		39.92	39.87	40.07		49.82			48		54.23		41.35	42.15	42.21	41.13	44.65	54.31	46.52				42.41		45.45	41.17	39.08	47.79	47.29	47.41	47.11							40.99	41.37	40.24								42.99	38.31
2184167		44.26	47.49								38.51	39.97	44.51	46.93	48.99				39.89	36.99	36.44333333	39.105	42.87666667	43.24	45.73	47.41					36.01	37.39	37.23666667	39.78333333	43.55						40.89	40.83	37.95	37.23	40.57	42.2	45.45	44.25				42.29	40.22	41.69	35.89	36.33	39.03666667	42.1	43.08	48.02			39.17			35.64	37.18	42.15666667	45.44333333	46.82								40.03	42.555	47.53	47.77		42.37					35.77	36.79666667		44.04	45		43.49				38.79	32.07		39.13666667	40.17	43.55	40.33		43.95		38.34	37.68	38.04333333	39.59	44.77666667	50.29	48.44			45.69		43.59	38.25	35.5	40.84	40.79	45.59	45.73			42.45		41.69	36.35	41.13	40.31666667	43.73	45.89				39.13	39.97	37.55		39.85	43.89	48.49	47.25		32.81			38.09		36.09	40.65	46.01	48.45	46.31		42.31	44.09	44.22	41.15	37.57		38.65	43.17	44.43	48.205		47.18		41.27	47.31	41.55	37.46	38.3	37.25	43.43		46.65		44.33		37.93		37.53	37.89666667	43	47.7			42.35			40.68	41.93	40.85	42.92	43.78333333	47.11	49.31	46.81		41.39666667	38.82	36.83		44.25	45.71					40.99		38.23	36.85	38.84		49.59			47.27				40.67	43.31	43.99	39.81	44.03	52.13	47.17666667				42.61		43.69	40.67	38.45666667	46.67	45.09666667	45.67	48.81				49.73			41.45	37.22	40.03	43.99							43.15	38.41
2184168		46.99	48.48								40.85	39.97	45.47	45.17	46.2					37.23	38.02	39.83	42.84333333	43.95	47.21						36.51	37.81	38.92	40.17	43.05	46.23	48.07				40.01	43.81	37.47	37.07	41.07	42.69	45.95	45.69				40.45	36.25	38.97	35.25	38.89	39.65	43.24	43.76	47.81			40.13			36.12	39.33	44.76	45.12333333	48.13								40.22	42.83	49.04	48.67						38.95	37.24	37.07		45.73			44.53	45.39			39.63	32.21		39.19	41.3	44.11	42.17		43.95		38.47666667	37.73	37.95	40.07	44.82	47.29				46.05		43.11		35.99	41.45	42.26333333	46.19	45.73			40.85		40.67		37.99	39.67	44.02	44.04					38.07	38.5	34.17	39.89	43.85	47.94	48.37		32.91			38.51		35.69	40.57	44.65	47.25666667	47.42		42.03	43.27	42.94	39.63	39.77		37.44		44.83	46.1		46.46		42.99	42.75	41.81	38.47	38.31				48.07		44.73		38.83	37.25	36.23	38.53	43.7	43.67			42.25			38.39		38.51	42.98	43.45	47.41	47.45	45.53	43.47	41.17	38.19	36.87		43.97	46.13							38.58	36.35	38.15		49.23			46.06		49.75		39.91	43.03	41.95	40.31	43.77	49.79	49.71				41.61	38.01	43.63	39.03	38.17666667	45.99	44.17	45.29	47.37				50.47			40.25	36.6	39.31	43.49666667							42.45	37.57
2184169		45.19	48.82								38.39	39.01	45.19	45.94	44.81				38.77	36.86	35.07	39.69	43.05	45.67	46.69	44.93					34.89	37.05	38.85	40.015	44.27666667	46.45	49.31			39.87	37.75	40.23	37.19	36.89	40.56333333	45.02	46.41					39.33		37.49	35.29	36.47	39.59	42.89	45.73	47.37			39.35			35.91	33.79	45.19	44.48		41.03							43.47	42.94333333	47.17	50.03							36.51	36.81666667		45.07			42.45				38.57			39.35	43.59	45.17	46.19		43.67		39.45	36.54	39.01	41.91		48.71				45.85		44.83		34.71	40.15	41.40333333	46.46	45.95			41.15		40.13			38.37	43.35	43.75						39.46333333	34.88	40.77	43.45	49.07	47.47		32.93			38.51		34.85	41.65	44.47666667	53.89				44.13	40.59	41.47	39.77		38.45			45.64				41.83	38.53	39.51		37.79	37.51			48.29		44.51		38.83	36.65	38.59	38.23	43.19	45.3						39.79	38.7	38.15	40.65	43.17		48.57	42.61		38.4	37.55			42.85					43.67			38.35	36.01	38.11		51.71			45.73		52.83			41.89	39.69			50.27					41.43	41.15	41.77	39.25	38.39	47.89	45.01									39.41	38.22		42.34								37.98
2184170		45.19	48.82								38.39	39.01	45.19	45.94	44.81				38.77	36.86	35.07	39.69	43.05	45.67	46.69	44.93					34.89	37.05	38.85	40.015	44.27666667	46.45	49.31			39.87	37.75	40.23	37.19	36.89	40.56333333	45.02	46.41					39.33		37.49	35.29	36.47	39.59	42.89	45.73	47.37			39.35			35.91	33.79	45.19	44.48		41.03							43.47	42.94333333	47.17	50.03							36.51	36.81666667		45.07			42.45				38.57			39.35	43.59	45.17	46.19		43.67		39.45	36.54	39.01	41.91		48.71				45.85		44.83		34.71	40.15	41.40333333	46.46	45.95			41.15		40.13			38.37	43.35	43.75						39.46333333	34.88	40.77	43.45	49.07	47.47		32.93			38.51		34.85	41.65	44.47666667	53.89				44.13	40.59	41.47	39.77		38.45			45.64				41.83	38.53	39.51		37.79	37.51			48.29		44.51		38.83	36.65	38.59	38.23	43.19	45.3						39.79	38.7	38.15	40.65	43.17		48.57	42.61		38.4	37.55			42.85					43.67			38.35	36.01	38.11		51.71			45.73		52.83			41.89	39.69			50.27					41.43	41.15	41.77	39.25	38.39	47.89	45.01									39.41	38.22		42.34								37.98
2184171		44.47	45.08								36.19	39.01	42.85	43.67	41.27				34.17	33.49	36.01	37.41	42.57	44.94	47.91								36.4	39.175	42.96		49.11	37.29				38.39	36.17		42.61	42.95				50.29		37.17		37.49		34.92	37.35666667	40.39		47.53						34.85666667	33.11	41.8		50.83	40.59			37.57				39.44	42.16	48.15									34.75		42.63666667	44.43									38.14	40.37		45.13		40.05		36.27	35.66		40.55								43.31		34.12	39.22	40.59		46.41	41.39		40.77		40.09			37.47	42.97	44.32				38.09	36.67	37.89666667	35.7	39.61	42.73				33.35			36.01	35.89	34.85	40.39	43.595	51.67	47.41			41.79	39.95	39.75	36.21	36.57	38.49			44.73				40.39		38.63		37.01								37.71	35.49		35.27	42							35.4	39.75	36.73	40.05	42.59			40.99	40.73		35.41		36.63									36.42333333		37.33	44.49	51.55					49.05		36.29	40.27			42.47	48.13					39.51		41.39		36.91	43.05	45.05									37.67	34.11									36.49	37.93
2184172		44.07	44.31	41.63							32.33	36.69	42.49	43.37	39.05						36.89	39.01	41.69	46.04	48.67							34.23	37.67	39.8	43.71		49.05	40.73				35.7	35.83		42.13	44.82	47.45			39.33			32.87			35.12	37.49	41.21	45.19							33.11	32.49	40.36	43.22		39.45							40.97	42.48	50.73			41.37						35.69		41.36	45.93		40.47		38.51					38.29	39.90333333				37.91		31.25	36.37		39.17						38.99		41.77		34.11	38.73	40.05	45.59	45.41								39.45	41.27					37.46	36.27	38.9	35.97	39.89								35.51		33.75	41.1	44.29	50.53	48.93				38.95	37.19666667	35.13	33.33	37.67		46.24	44.32				39.35		37.57	36.41	35.85	36.25	42.95					37.75	35.71	35.33	37.63	37.47	40.93	45.23						34.42	38.15	38.43	41.95	41.36333333	43.13	48.69	40.63	39.55				36.39		43.69							34.49		36.57										38.93	40.71	37.6	41.74	47.89					39.75		41.67	36.33	36.59	42.59	44.05									38.21	33.31		40.39							36.23	32.93
2184173		41.85	45.13						50.23		33.05	36.95	42.85	43.18	37.05					33.15	31.47	39.66333333	42.91666667	46.34333333	48.29	42.43		37.91					35.68	38.60333333	42.54333333	44.75	47.87	46.35				33.47	35.49	36.07	41.225	45.66				41.77		36.71	33.33			35.46	37.14333333	42.53								32.43	31.85	43.63	44.39									39.14	41.46	48.51			38.85					33.39	34.53		41.15	44.07					36.79				37.09	40.84	43.39			37.39		37.61	36.16	37.82	39.47						37.31				35.31	38.71	42.43	46.41	44.85								38.77	40.81					35.01	34.93	37.43	35.21	38.44			45.11					38.55	34.73	34.13	40.89	44.71	48.39					37.91	35.54	34.65		37.25		43.91	43.46				37.99		37.59	36.48							38.83	37.71	33.85	35.33	35.03	36.34	40.93	44.19						34.14	32.37	35.55	37.17	40.74	45.72	47.87	40.37	37.63				35.77							34.63		34.43		34.15	43.75				43.47					36.83		37.32							38.51	36.45			34.03	42.41	44.05									35.59	33.15		39.93			39.91				34.65	32.47
2184174		41.78	46.17								32.25	38.85	41.53	43.47	36.53					33.56		37.21	43.42	46.03	47.07			39.33						40.55666667	41.01	46.29	47.87	46.65				29.83	35.15		40.89	44.39	50.35			42.71		37.35			33.31	35.44	37.68	42.35								33.72	36.63	43.45		46.21	40.71			34.85				39.3	41.21	48.39			37.59					33.45	34.01		40.61	44.71		41.65					30.19		37.03	39.76				39.65		35.94	35.93	36.87	39.15										35.19		41.45	47.33	40.37					37.03				38.89					36.57	34.89	37.38	34.75	38.32	41.73	43.43						35.03	33.75	33.61	39.36	43.1	51.77						36.68	34.09	34.4	37.03			42.67						37.79	35.01							38.35	35.91	35.19	34.79	34.03	37.16	37.91	44.6						35.21			38.11	40.69	47.54		37.25	38.2			33.97	36.93							38.09		35.05		34.53	43.65	48.81								35.57		36.12	40.14						37.13				35.07	41.95	44.41									36.33	33.42		39.11			39.21					35.78
2185639		43.93	45.25								38.17					40.85		40.23	35.73		40.03	40.17	44.93							40.17		36.93	35.08	42.72	44.34		56.59	47.95		44.31	40.21			42.31	42.82	45.89							42.81		37.11	38.10333333	39.15	46.37	47.83				44.05			38.67	39.07		51.5							38.17		40.89	45.09						46.19				36.75	37.09	46.15				42.53				39.31	41.37	46.31	46.45666667				44.31				40.23	42.91		53.71	49.39								40.39			47.49					41.85			39.39						41.31				39.13	46.36	46.13					48.25		39.37	37.38	40.55		51.43	51.31					41.13			40.81							48.39		41.59				44.87	50.81					37.33			40.17	44.73													49.45			44.3	37.47											42.19	36.91		49.75	52.07													56.71						42.99	39.23			51.25	49.43									38.63	40.47									41.41
2185640		47.76	45.4								38.07			45.99		40.41	44.15	41.89	35.47	36.73	38.23	40.17	44.35	46.43						41.87		38.09	36.32	43.41	44.85		51.99	46.03		44.31	40.35			40.15	39.97								42.97		37.11	37.22	39.15	46.73	47.83				44.05			38.98	39.85		49.99							39.27		40.27							47.05				36.75	39.95	45.65				44.1				42.18	40.13	46.97	46.085				45.23		38.43	38.77	39.69	41.45		48.05	48.63								41.33			46.63					43.41			39.35						43.33				45.39	46.83	48.63					48.25			37.29	42.59666667		51.43	50.21					41.39			39.33									41.97		39.75		45.94						38.39			40.57	44.65							42.31						49.17			45.12	38.09											41.91	38.89		49.75														55.69							39.01			46.87	50.49									39.67										
2185641		46.05	44.59								40.29	42.57		46.53				39.65	31.49		36.4	39.85	45.57							37.21		35.91	37.16	41.46	44.85	46.65		44.51		41.85	39.13			39.73	42.63	45.17							39.33			37.37	38.2	45.81	46.71			36.21	39.93			35.66	37.13		45.65666667							35.77		39.85	46.55						44.23			36.67	34.61	38.07	44.15				41.43				36.39	38.49	44.07	45.02333333	47.83			42.03		37.51		39.18	42.33											39.95			45.41					43.41			38.83	43.11					41.35666667	39.13		35.01	45.13	46.15	45.57	43.83			41.17	43.19			36.14	41.15		51.43	44.69					39.19			39.17	44.96		44.59					41.47	38.79		37.67		44.68	49					35.73			38.21	42.47							41.31		40.23				46.31			42.32	38.05												36.06		45.63	51.31		46.21				41.71							50.48							36.95	40.77										38.97		36.01	39.01									39.13
2185642		47.11	45.48								39.95	42.21					41.51	39.87	37.57	35.77	39.27		45.01							37.47		36.19	36.43	42.59666667	45.74	50.28		43.03			40.39			41.13	45.59	43.79										36.97	40.03	46.05	47.23			35.97				39.45	40.65		48.57							33.87	40.11	40.31	48.83						46.19			37.15	37.41	36.89	45.15				42.64				41.83		43.77	46.55	48.25		39.89	42.03		37.81	38.97	39.37	41.65	50.47	54.27	48.57								40.07		45.46	42.59					47.95			40.39						40.95	41.25		34.95	41.29	46.71					43.21	47.11			37.67	41.59		51.15						38.89	40.39		38.57	45.46	46.79	47.85						35.47		37.51		45.55	49.01					37.35		37.27	37.59	43.19							43.97		43.13				47.41			43.54		37.75									43.77		39.13	40.91	47.67	53.97		48.33				43.27				43.45			53.59	49.57						36.85	41.31			48.25							40.53		37.39	39.67	42.75								38.51
2185643		45.01	45.26								42.73	42.51			39.99		39.43		38.77	38.73	36.90333333		47.23							42.13		36.75	36.69	41.92	46.78	50.93	54.25	46.49			38.71			41.15	46.51								40.27			37.37	40.25666667	47.51	47.37			40.23				36.92			51.49							32.81		41.23											35.89	37.37	45.53								38.77		41.45	46.13	50.11		39.89	42.61		39.59	38.27	40.97	42.23	48.41	54.27	48.27								38.63		44.79	47.42					47.15			40.75						42.21	42.01			42.61	47.25					44.59				38.2	42.23666667		50.85						43.31			40.25	45.42	46.75							35.61				46.88	48.32					37.35			38.99	45.67666667		46.13							43.13		46.63		49.25		44.07	42.8											46.19		37.93		47.79	53.21		50.15				43.27							53.63	50.87						38.77	41.24										40.53			39.97	42.69								
2185644		49.66	51.09	43.93							38.71	43.13		48.23			42.89				37.53		44.07							44.59		37.97	38.04		46.51	51.39	53.13	46.85						41.15	46.51	45.63										37.97	42.74	45.01	47.11			40.87				38.74	41.09				42.67							41.23							49.43			40.21			46.67			49.01					37.23		45.05	47.87			45.39	44.13		40.23	39.36333333		41.6			49.71										44.57	46.84					44.95			41.51						43.33				45.13	48.89		46.79	47.31		46.17				38.85	45.25		51.17					44.03	45.09		40.91	41.01	43.93	47.19	47.39					44.41	42.85				46.21	52.35					38.61				46.01	47.39			49.89							47.83					47.21	39.71			39.09							46.19				49.45				51.63							139.91			53.31	54.13							44.65		51.07	53.31							44.67			42.23									
2185645		49.66	51.09	43.93							38.71	43.13		48.23			42.89				37.53		44.07							44.59		37.97	38.04		46.51	51.39	53.13	46.85						41.15	46.51	45.63										37.97	42.74	45.01	47.11			40.87				38.74	41.09				42.67							41.23							49.43			40.21			46.67			49.01					37.23		45.05	47.87			45.39	44.13		40.23	39.36333333		41.6			49.71										44.57	46.84					44.95			41.51						43.33				45.13	48.89		46.79	47.31		46.17				38.85	45.25		51.17					44.03	45.09		40.91	41.01	43.93	47.19	47.39					44.41	42.85				46.21	52.35					38.61				46.01	47.39			49.89							47.83					47.21	39.71			39.09							46.19				49.45				51.63							139.91			53.31	54.13							44.65		51.07	53.31							44.67			42.23									
2185646		49.24	50.97	47.57							39.23	45.25		48.97			44.27		37.27		40.46		46.71							44.59		39.21	38.49	42.71	45.32	49.95	49.53	48.89			59.37			41.77	45.97	44.95										36.48	41.41	45.3	44.75			46.57				38.19	43.93				44.93								45.57	51.43					49.43			40.25			47.07								36.95		46.03	47.71	48.55			46.27		41.41	39.96		42.33666667	49.2		48.79								41.53			47.97					50.34			42.33	46.99									42.09	48.81		49.01	52.95		48.75				38.89	42.39		52.93	50.93				44.79				41.95	49.33	48.97						45.91	44.99				46.05	50.91					39.97				46.9				55.39							47.97				43.25		41.71										45.31				49.95												48.49	47.93	52.17								43.81										44.11			42.23	45.13								
2185647		51.55		47.57								45.59		50.29			46.07		39.77		41.18		88.65							46.95		39.93	41.25		45.96	48.45	49.69	50.73			59.73			42.33		43.93	46.01						41.41			36.23	42.45	45.41	45.17							40.43	41.69		50.69		45.53						40.89	43.81	47.46															46.61					39.63		46.51	70.25				49.93		45.93			42.85	47.9		49.45								65.95			48.59							41.29	42.01	108.95								39.71		51.01		55.77	53.49		48.75			41.81	40.03	44.63			52.91				43.99				43.35			47.23					59.09						50.76				46.13	41.25				51.35													53.89		45.53		42.53		45.03							46.99	44.33		39.13	41.45	51.11														53.07											51.39										43.33									
2185648		49.51	64.83	49.61							43.57	45.59					46.55		39.21	38.95	41.01		136.83		47.77							41.27	39.65		45.97		53.93	49.59			107.65			42.61		45.17								40.31		35.59	42.25	44.45	45.39							39.72	42.71		50.17									41.35	46.11												49.07			49.71					37.88		93.05	49.01				50.09			41.07		42.86333333	48.58										73.89					49.09			45.17		41.29		46.49						41.97		37.53	41.39	48.77		52.63	53.15						41.07								45.15				42.67	51.87							59.15			42.85			50.72					41.25	37.07					52.11											54.41		44.35		44.17							52.49		46.99			55.37		52.31	50.95													50.47								46.65			66.63									43.11	43.01	49.29								
2185649		50.57									41.13	45.77	50.79	53.85			46.81		39.39		41.5		117.31									41.43	39.89		45.95	48.03	108.99	49.59			107.65	43.97		42.33		45.31	47.27						42.25	41.34		40.7	44.59	46.25	45.63	51.95						40.43	42.31		50.45									41.46	46.03									41.45	55.79		43.47			48.21					39.79	42.57	66.31	47.46									43.01666667	49.61										66.93			49.23							42.61	44.27	48.33						42.31			41.95			52.77	55.95						40.33				52.53				45.89				42.07	51.87		50.67					46.73						51.69					41.07	43.31					53.71											54.21		45.37		43.99							52.49		45.43	44.59		55.37											62.89					55.25								46.65			52.65										42.3									
2185650		50.59	50.95	53.07								42.79	51.05				45.03		39.21		40.23		90.19								39.93	39.23	38.59	43.31	42.73	51.73		49.59			107.87	43.03		41.63	42.81								46.37	40.44		40.19	42.86	46.97	45.43	51.95						39.8	40.85		48.02									39.71							46.79						45.79			44.55					39.29	42.57	91.01	45.81				50.53			41.07	41.15	40.53	49.35	48.67									66.79		49.01		52.67	42.57			43.65			42.59	47.29						42.02			40.29	48.98		52.77	54.23		47.77			40.35	40.06		48.99	49.69					45.67				42.33			49.69					45.91			41.71			51.77				44.97	40.95				52.01		50.05											53.55				38.11							52.65		44.59	44.59		39.35		50.71												78.17		53.1								46.29												41.93	42.5							45.19		
2185651			56.41	44.17							45.17	43.01	53.53				46.59		38.79		40.79		46.5							45.97		38.47	38.59		42.73	51.93		47.2			44.75	43.03		41.37	44.12	44.77								40.59		38.64333333	41.33	46.15	43.89	48.61						38.19	39.59		47.77								37.43	37.17	123.19		45.77				48.55						43.77								38.93	42.81	48.27	43.61				46.83		41.51	39.85		41.19		49.03									66.07		49.33	41.79	52.67	42.57			43.57			42.03	46.49						41.01			40.09		122.57	51.01			47.99			39.91	40.5	42.37	48.95	50.45	51.15				46.19				42.33			50.69					45.53			42.25			52.51				43.65	41.09															51.35		51.97				42.89									44.43	44.05		41.05									51.97		44.81					52.65							40.69	43.89		55.19											42.56							47.33		
2185652			47.37	49.33								43.05	47.23	45.71			46.37		38.65		41.03	43.27	43.85									39.45	38.37	42.57	42.81	51.89		50.25		46.35	42.51	40.93	37.15	42.35	41.76333333									40.06		36.54	41.46	43.93								37.96	38.57		49.97								39.86	42.01							47.09						43.52				42.71				38.93		44.01	42.8		46.39		46.17		40.49	39.18	40.23	41.43											69.51		47.85	40.11	51.93	44.69			44.35										42.29				50.75	121.07				47.99			42.25	40			51.81	54.97				46.31	43.68			41.31								45.53			40.1		46.23	50.77666667				43.93					44.37											49.13		53.31			43.95	43.13							54.51		44.43	43.57		199.39		50.18									44.17					53.34							41.99						50.49							40.67	40.75									
2185653			48.37									43.05	52.13				47.67					43.68	46.43									42.25	39.65		44.69						44.73	42.31	36.27	42.35	40.53									39.67		40.05666667	39.77			53.73						36.63	38.85		49.34								37.51														43.89								39.01		42.39	43.43		49.61		47.23			38.88	38.75	41.93															51.41	49.55													41.37			41.43	49.39					48.65			42.11	40.25		48.19	51.77	54.81								41.77				49.95				46.37			41.32			50.9				45.05							51.37											53.95		47.19		43.93							54.51					39.6		50.5														55.08							43.87						50.99							42.43	43.29	50.85								39.93
2185654			54.87	53.09								43.05	45.33				46.45		39.25				46.35								44.17	40.63	37.29		44.74						44.61	44.47	36.29	42.35	41.34333333									41.09		36.33	42	46.29								36.63			48.44								37.81	43.45	46.19						48.39						49.17								39.01		39.85	42.99		48.41		47.09		113.41	39.45	42.09	41.65														44.89	51.41	47.55																	49.39								38.45	39.75	86.98333333	51.23	47.57	55.99					45.71			41.71								45.69			41.99												45.95		51.37											53.27				43.99										44.99		32.43		55.85			73.77											54.54							43.87						52.75							42.41	43.29	55.03								
2185655			54.95									44.85	53.21			46.55	48.03				42.27	48.51	45.87									41.55	37.75		44.96			50.25			67.97	40.17	36.33	43.33	44.89									41.69		38.95	43.19	45.29								83.71	43.09		51.96								38.07	43.71	42.63											37.01									39.39		44.61	43.31						113.49	41.08	39.89	43.07												50.09	43.89																				49.39	112.49	58.21							61.56			48.73	55.09					47.81			42.07								46.05			40.57			51.69									47.03		49.97		52.89									52.49				43.77		45.87								44.87				45.31														55.51													50.37							42.79	44.87	51.37								
2185656			51.73									43.19	52.15				49.23			42.69	42.22		44.09									42.33	36.29		44.21			49.35			67.97	41.01	37.25	44.09	39.23									39.79		39.97	42.93			50.67						37.77			52.35								40.96	44.51												41.53									40		47.15	46.39	52.61					113.63	40.47		43.90333333													45.81			47.15							49.29											166.87	58.83							41.65			53.63						46.79			44.57								46.51															46.93										63.25			57.41				51.53				66.57										70.84	57.35													50.39													52.27								44.87									
2185657			54.61	54.41								42.67					50.49				43.75		46.45									43.15	37.15		45.46	47.93					45.73	49.07	35.59	44.29	44.47	44.07								38.23		42.24333333	44.22333333			51.95						37.09			48.92						46.59		40.61	43.91												43.65	46.25		47.35						39.47										38.69	42.33	43.78																48.71							48.47									46.37			50.63			50.69				41.53		49.17	52.57	49.59					45.71			43.03			57.31					46.91					49.02																					49.41		55.77								66.57										45.75	54.53			53.71																	45.65	42.97					53.03								44.17	92.41								
2185658			54.61	54.41								42.67					50.49				43.75		46.45									43.15	37.15		45.46	47.93					45.73	49.07	35.59	44.29	44.47	44.07								38.23		42.24333333	44.22333333			51.95						37.09			48.92						46.59		40.61	43.91												43.65	46.25		47.35						39.47										38.69	42.33	43.78																48.71							48.47									46.37			50.63			50.69				41.53		49.17	52.57	49.59					45.71			43.03			57.31					46.91					49.02																					49.41		55.77								66.57										45.75	54.53			53.71																	45.65	42.97					53.03								44.17	92.41								
2185659											38.45	41.81	51.79			169.21	50.61				44.17	45.35	45.93									40.87	35.21	42.71	44.28	51.27		46.69		45.69	66.11	46.51		44.29	42.43	47.19										39.42	42.42333333			52.43						35.63			47.17						47.01		40.85	44.01	45.37										41.29	40.73	44.93		47.35	47.87					39.91			71.03				46.67		39.45			41.6		47.65	51.41																																53.35			49.43				41.12		49.58	51.51	51.87								42.87			55.61					46.01			40.03		48.45					45.93																		56.95				42.77				66.05			54.53					41.95			54.53																				55.77	42.97					51.65								44.29	51.79						44.27		
2185660													51.83			47.99	51.85		187.43		42.87	42.75	47.2									42.69	33.65	43.23	45.58			49.75		45.25		45.63	43.81	43.37	41.73											40.99	42.62333333									36.63			48.06								41.95	43.33	44.47	47.27											48.59		45.25						39.81			64.65				46.07		39.93	40.79		42.03	45.97		49.97									50.67				49.55							49.75									42.17			51.95			49.31				41.55		48.79	51.05	50.91					46.79			42.63			55.17					46.59			40.09		49.48					46.21																						44.05				67.01			57.67					33.47														47.47									55.61	45.31					51.65								44.29									
2185661				51.31									51.83				51.11				43.49	41.37	47.03								51.53	43.44	37.57	43.79	44.16			49.53		45.29	42.77	44.91	42.23	44.21	43.24	44.31										38.49666667	43.49666667		43.91	49.85						35.65			49.58								39.4	42.79	43.29		44.47						39.73		42.1		47.15		44.47		47.13				39.25							47.03		39.69	38.23		42.065	44.83		49.79													47.17							49.05						42.41		36.37	41.97	50.47	53.99	55.47	51.23		49.31			41.89	40.62		49.91	51.05	52.59		46.87			48.47			42.81			55.47					45.19			38.67							45.93							53.69		56.19													42.68		44.19		51.62								33.11			51.59											47.89			55.23					47.19	55.65	43.41	46.39				52.65								43.43	107.97								
2185662				50.45													50.25		41.89	37.69	40.77		47.23									39.82	35.73	43.31	42.59			50.07		44.31	46.07	39.17	42.19	43.45	42.91	47.87										38.15	42.65		43.91	50.71						35.65			50.85								41.27	40.82	44.53								40.93		54.75	38.37	47.57		45.95						39.51			127.85		46.81		45.63		40.93	39.13		41.04	43.67		48.53													47.79						47.77							42.53		36.37	41.79	52.65	55.77				49.33			42.27	40.51		48.91	48.79	49.05		49.51			47.77			41.51	50.55							45.93			38.67			54.09	55.33			46.25				35.07					57.61												45.33	44.17		44.43		52.06										50.95	51.59											51.05			56.27					47.59	55.87	43.41	45.67				52.73								43.43	46.97								
2185663				51.73										46.27			51.03		42.25		43.87	44.69	47.89									41.91	38.61	44.29	43.07			50.07		45.45	47.41	41.2	42.67	43.08	42.72	44.51								44.13		38.77	43.98			49.53						35.65			50.41							45.43	40.33	42.32	42.81		45.57						40.93		39.81	41.29			47.11						39.27			86.47				45.63		42.09	40.63			44.85	48.28	48.45										50.05									48.07						61.93	43.93		36.37			54.23								48.23		49.67	52.15	52.41		48.47			48.23			43.13			56.93					58.85			41.25			53.81				46.75		49.05							56.19													44.79		44.39		52.71			57.63					34.89		50.95	51.29								46.41			202.15			57.37					48.91	55.55	44.62	45.67				52.73								43.15	51.93								
2185664				47.45										46.69			50.17		41.77		43.01		47.57									40.09	35.43	41.13	42.23			50.07		44.45	44.91	37.43	41.79		41.39	43.19										39.15666667	41.61	47.37		47.79						35.33			49.34								41.37	40.13									39.05		39.87				44.29						38.33			128.57		44.95		45.63		39.15			40.91		48.4	47.87										46.05									45.57							42.77				52.61	53.63		50.97		46.25			45.57	39.83		46.97	47.63	47.77		49.95			46.25			41.69	49.67		59.03					44.39			39.83		48.09	51.31	55.99												51.01												44.97	43.27		43.57		51			57.31								47.03								46.24		45.45			54.91	55.51					47.37	40.97	40.37	45.55				51.35								40.71	46.15								
2185665															48.89		48.95		39.13	39.73	41.43	43.49	46.53		48.25							41.83	36.35	41.29	40.89			48.75			45.65	37.73			39.85	43.75										39.31	45.03		43.93							37.07			46.99								41.46	40.13	45.61										41.19			50.99							38.95			87.09	49.07	46.07		46.59		40.29			41.675		47.33	52.33								41.29											46.69						43.29	42.33				52.43	68.81	53.83			48.37			41.81	41.01	43.25	49.69	47.31	45.97								41.33								44.99		44.35				50.61								34.89					51.19							47.79	48.97				44.97	43.45	40.33				55.01						47.73				53.41													52.96	55.95						42.63	42.45	45.39				51.49								40.71									
2185666		48.53														52.75	51.05			42.87		44.28	47.39		44.09							42.29	35.57		43.36			49.27			67.07			38.61	43.43									42.63		40.48	41.47	45.49		51.49						37.07			47.75				45.73		45.51	44.19	38.07	42.19	43.59										40.57			53.93							38.59			65.23	48.03			47.23					41.42	50.59		47.11																			136.63						45.09					48.99	242.95	58.93			47.99				40.93	41.51	121.85	47.09	49.59666667								41.79								56.81			40.79											36.45		48.79			55.51													39.21											50.17			50.14														52.24	54.49						40.69	42.45													42.15									
2185667		57.79													53.53		51.67			41.11		41.29	45.79									42.77	36.83		43.87		50.73	44.31		44.63	52.09				44.87							47.09				40.21	43.5	45.85		50.87						38.21	37.07		48.17								41.91												39.67			48.35	46.91						39.25			65.31				47.81		115.13			43.29	46.49	51.19	52.28									48.33													58.93				66.29					121.23								40.61		49.07	47.13	44.93			44.03		81.81			42.41								58.95						49.29								34.59		47.17																39.89		44.49				49.73					49.65	39.85		51.09														53.03	56.85						40.53	43.19													43.71									
2185668		50.25													53.25		51.95					43.65	45.75									42.29	37.47		42.35		53.87	42.97			46.81			38.63	45.57											40.52	42.24	45.63		49.73						38.21	37.17		46.55							44.19	41.47		39.53	47.09									37.05			59.61	46.25				47.63		38.65			63.31	49.93	46.11		47.81		115.39				46.67	51.19	49.07									46.21		42.45											57.67				48.33				49.67	55.23	115.49						41.15	40.61			47.75	51.16			42.55		120.65			42.25								46.97			43.59			47.79								34.47		48.07			55.17				42.05									39.59	36.81					51.55						38.03																52.09	55.75							42.87													44.38	160.77								
2185669		57.87	49.43							55.61				47.31					41.91	41.67		43.77	46.25		48.25							42.71	37.03		43.64		58.67	42.05								45.65		54.95								39.93	43.85	43.71								35.37												42.11											118.18		44.75	53.87									59.31		49.77					115.33			42.38	47.59	51.19	47.75									45.99	50.03	46.13		43.69																	46.53	65.51							41.87	40.61			49.52	50.63					81.79			39.89											44.15													47.11																		44.57				72.73						40.47			57.95					59.77								52.46	55.73							42.81													43.71									
2185670			49.99	42.67							48.31				53.09								46.53		45.39							42.15	36.89	45.17	44.69		59.03	42.05	53.61						45.83	46.38										36.46	41.63	47.13		51.01																	45.15	41.21	49.87										63.42		44.65	53.87	46.53		53.01		48.39				45.87		46.27			46.59		115.59	48.71		43.41			47.73	54.67								42.13	49.09	49.83										54.15									48.09		51.63						35.95	40.13	39.99		49.24	50.61								42.49								97.23					46.57	53.63										50.83							41.71									44.23				52.17		52.89							41.21		56.03													51.55	54.89							43.39					45.15								41.01									
2185671		58.19	48.95												52.27		52.97					38.91	47.15		49.13			51.31				41.97	36.82	45.05	45.39		59.03				64.09				43.41	44.37		52.54		53.39						48.97666667	42.73	46.95		51.39	54.43					37.21	40.99	50.49			53.67				42.95			40.93	45.8										114.79		46.45		45.61								46.13	46.51		43.35		46.45		115.71	50.27						56.07								47.21	48.81	51.29								42.23		54.15					43.87				48.5	54.49	54.49		50.11				36.25	40.84	41.81		49.14	52.48			43.35					41.71					47.33			45.97			42.35			53.37		58.39								49.54							38.25		41.19												53.53	51.77					48.73	37.71	39.65		53.24			48.65							43.25			50.96	52							41.81	48.29				51.23								39.77							45.95		
2185672		58.19	48.95												52.27		52.97					38.91	47.15		49.13			51.31				41.97	36.82	45.05	45.39		59.03				64.09				43.41	44.37		52.54		53.39						48.97666667	42.73	46.95		51.39	54.43					37.21	40.99	50.49			53.67				42.95			40.93	45.8										114.79		46.45		45.61								46.13	46.51		43.35		46.45		115.71	50.27						56.07								47.21	48.81	51.29								42.23		54.15					43.87				48.5	54.49	54.49		50.11				36.25	40.84	41.81		49.14	52.48			43.35					41.71					47.33			45.97			42.35			53.37		58.39								49.54							38.25		41.19												53.53	51.77					48.73	37.71	39.65		53.24			48.65							43.25			50.96	52							41.81	48.29				51.23								39.77							45.95		
2185673		57.07	47.95	50.37									48.29		52.65		51.85		41.25			42.45	45.94		49.65			49.27				41.25	36.97	41.17	42.85	48.21			50.45	44.59	47.87		39.19		40.63			50.09								36.81	40.59	44.01		49.37	53.43					37.23		47.77											45.72										38.95		44.95	57.41	45.61						35.07		47.17	45.93		50.15				40.73	41.9	39.93	39.61				54.81								47.57		50.19								41.71							41.57		36.39			53.99	53.75	46.51					41.15	39.47	41.65		48.14	52.65								41.95								146.89	45.27		39.19			52.37		58.21								45.58										45.23		53.45			43.79	39.93					47.27	52.25					50.27	35.99			53.49										42.77	44.81		48.01	49.21							42.87	46.31		48.19		50.01					41.27			39.25							46.25		
2185674		51.29	47.75	50.37									47.29	50.41	50.56		49.43		39.93			38.89	41.63666667					48.17				40.29	35.61		42.53	47.91			50.47	43.83	44.59		37.79		39.44			43.45		69.21						36.25	41.11	43.77		48.11	51.17					35.37	40.56				51.65		50.23	39.25				39.21	42.75	43.27			49.09						178.17		44.01	47.43	45.35		44.55				35.15		46.77	44.69		47.89				40.49	42.16333333	38.59	39.6				50.91							47.53	45.33		49.47								40.61							39.98		37.35	45.21		52.43	49.25	46.51					42.47	39.39	40.31		48.16	51.19			42.69					39.64			48.73		47.01			46.43	45.25		39.39		43.87			58.41						31.69												44.63		50.77			42.41	36.93			45.25		49.67	49.97					48.49	32.61	39.35	45.93	51.73	49.55		48.2							43.45	44.11		50.7	49.21							40.45			48.61		50.01					40.25			38.27	39.74						43.11		
2185675		52.99	47.08	49.47									43.53	47.27	48.38		46.33		42.76			35.69	41.45		48.17			42.49				39.35	35.01	40.65	42.53	46.21			43.93	41.77	42.09				39.87			44.77								35.39	39.35666667	41.71			51.23					35.57	42.42		45.43		49.67				38.93		34.53	40.03	43.35				46.23						39.44			46.65	43.73						33.99		46.49			48.13		43.55			42.07666667		40.41											46.15	45.05		46.33								39.85		44.79				42.73	39.13							47.47					39.55	39.21	84.24333333	46.05	49.23								37.23	39.03			48.15					45.09			40.37		44.82333333											44.49										45.89		50.07				36.57		40.17	41.98		43.51	49.75					46.25				52.59							43.17			42.73			51.73								39.85			47.71		47.55					39.55			37.55	40.62					51.93	42.89		
2185676		53.87	42.83										47.51	49.39	50.79		49.01		43.18	36.25			42.09		48.45			43.41				40.83	37.07	44.05	43.65	47.85			48.43	42.97	45.01				40.57	41.77		44.89	47.07					38.41		36.55666667	41.35	42.47			49.39					35.57	43.66		47.57		49.19			41.85	43.17		33.23	39.72	43.11				45.65					38.03	42.12		45.27	46.95	45.75						34.01		44.19	47.37							46.7		42.39				52.43						38.55	57.92	47.33		50.37										50.67				44.51	39.73		39.35			48.05	51.01	52.71						40.09		45.73	50.15									39.03			48.33					44.65			40.63		45.43											47.93										45.24					42.41				43.15		50.44	49.03					46.25		36.25		52.53							43.17			39.73			51.73								43.89					47.91					41.31			37.55				44.89		34.53	44.35		
2185677		53.87	42.83										47.51	49.39	50.79		49.01		43.18	36.25			42.09		48.45			43.41				40.83	37.07	44.05	43.65	47.85			48.43	42.97	45.01				40.57	41.77		44.89	47.07					38.41		36.55666667	41.35	42.47			49.39					35.57	43.66		47.57		49.19			41.85	43.17		33.23	39.72	43.11				45.65					38.03	42.12		45.27	46.95	45.75						34.01		44.19	47.37							46.7		42.39				52.43						38.55	57.92	47.33		50.37										50.67				44.51	39.73		39.35			48.05	51.01	52.71						40.09		45.73	50.15									39.03			48.33					44.65			40.63		45.43											47.93										45.24					42.41				43.15		50.44	49.03					46.25		36.25		52.53							43.17			39.73			51.73								43.89					47.91					41.31			37.55				44.89		34.53	44.35		
2185678		48.97	49.45	48.35								43.93	47.57	46.65	50.69666667		44.85		43.65	36.25			42.77		49.89		43.31	41.63				40.69		43.23	44.51	46.71	53.4		42.51	41.27	40.79		35.65	37.1	39.23	44.53			41.87							38.30333333	41.59	43.41	47.13	46.61	45.27					35.51	42.13	44.35	47.78	47.29	48.35		43.67		40.17		38.52	40.74333333			49.29		44.01						39.75		43.41		44.49	46.65	39.85				34.05		43.49	44.44	41.07	110.49		43.81		37.97	45.75		43.29		48.09	47.15							39.09	60.83	40.17	43.37	48.37	48.19							39.87		47.69					40.51	37.71		40.89		48.29	52.21	45.63	46.11				34.43	39.63	41.99	45.55	49.33	47.85								40.7	46.35	47.95	48.37		46.55		44.73	42.4			41.15		44.52	49.07		46.67						39.63	41.83	43.71			41.49			41.43			44.93	45.45		51.81				38.69					50.03						39.43				50.09	48.37	55.27	47.59					46.29		40.29			50.91				43.73				41.47					47.13					39.97			39.05				44.81		50.91	41.51		
2185679		48.71	49.38	45.59								43.93	44.75	47.57	53.26		43.53		46.95	37.13	38.6	39.73	42.66		48.14		45.05	52.63				41.31		43.31	44.31	47.38	53.51		42.35	41.27	40.53		38.45	36.83	42.85	43.63		47.97	50.91							38.39	41.99	42.81		46.53	45.71		48.69			36.81	42.81666667		48.71	49.81	47.81		43.67		40.14			38.98	48.05	49.89	49.22		45.39						38.42333333		45.86	46.53	44.49	47.75	42.29	47.99			34.87		42.72	45.58	42.51	50.93		42.57		43.07	46.22		42.05	48.83	49	48.3	50.85			44.53			39.09	57.25	42.27	45.6	50.31	48.19	42.37						40.24		47.05					40.61			41.23	45.99	48.16	51.39	52.07	52.31				34.33		43.13	45.97	49.44	48.67		61.45	43.49				37.13	41.06	45.41	48.33	51.09		48.56		44.37	44.83666667	44.43		41.27		46.21666667		49.65	49.11		42.99				41.8		46.81			46.26			42.43			44.95		48.81	49.75			41.13						47.67						40.77						57.55						47.47		40.57			49.85	47.35			45.01				43.47				103.83	47.43					42.94			39.05	46.11			47.47			43.21	48.21	
2185680		49.39	47.77	44.99							50.47	46.53	47.58		48.99		44.99		49.87	39.95	39.55	41.51	43.72	47.33	49.87		47.05	47.13				40.71		43.62	47.08	47.73	57.02		45.31	43.03	42.65		37.19		42.80333333	44.62			51.57						37.05	40.25666667	42.35	42.91		49.81	48.81		46.17			38.07	41.67	44.97	48.71666667	50.83	48.79		44.31		42.44		37.81	43.05666667	46.88	50.27	51.68		47.33			43.17			40.24		46.53	48.71		49.01	44.61	45.35			34.87		42.79	47.78	47.53	49.93				40.44	45.09666667		42.805		49.19	49.29	54.27				50.89		38.57	50.09	45.67	53.07666667	51.67	50.97	44.89						43.05	47.23	50.6		46.73		40.59	43.19			41.93	47.49	50.73	55.43	54.91	48.41					40.49		44.76	50.48	51.07		60.75	43.74				38.45	40.37	45.29	49.37	52.39666667	53.09	44.29		45.97	46.24333333			41.67		47.05	51.31	51.95	50.52						41.53666667			51.97		46.81	49.47		42.81		41.63	43.75		51.51	52.85			44.10333333		39.2			48.07	49.65	50.27					41.27				52.94			50.18		64.21		42.19						53.67	47.35			42.45				41.93				97.09	50.47					42.29			42.18				45.93		50.53	44.81	45.63	
2185681		57.81	52.67	51.57							50.47	46.81	47.91	52.37	47.3	48.87	47.43		45.38	40.83	38.77	40.25	43.03	48.53	51.43		47.05	43.55				41.21	39.65	44.71	43.91	47.25	53.16		42.81	44.41	43.07		37.19	40.81	43.06	45.24			51.51		49.89				37.05	40.64333333	43.39	42.41		49.75	52.69		48.07			37.79	43.98	46.2	49.00333333	50.95	49.07						38.01	42.55	48.97		51.25		52.6			45.67			39.95		47.67		44.85	48.61	43.71	46.81					42.01	45.725	48.59	48.5		45.51		40.94	45.06333333		43.92333333		49.95	49.37	55.73		55.21		52.15			59.33	46.65	46.53		50.47	44.57						43.41	47.83	52.97		47.91		40.39	43.67666667		42.79	41.79		49.97	56.15	55.25	53.13		45.79		56.36		68.92	45.34		50.95		60.75	44.98						47.25	49.65	53.98	53.75	48.93		45.79	46.84333333	46.25	41.51	42.73		47.31	56.13								42.01	46.39		52.69		47.54	49.47		42.57				47.49	49.91	54.22			45.31	42.67	39.05		48.41	48.35	50.25							28.35	44.67		53.13		57.59	68.41		66.37		44.53			43.51			52.89	48.91					48.89	42.55	99.51	49.67	47.95	52.47	28.87	50.53					42.33			41.85							46.13		44.25
2185682		57.81	52.67	51.57							50.47	46.81	47.91	52.37	47.3	48.87	47.43		45.38	40.83	38.77	40.25	43.03	48.53	51.43		47.05	43.55				41.21	39.65	44.71	43.91	47.25	53.16		42.81	44.41	43.07		37.19	40.81	43.06	45.24			51.51		49.89				37.05	40.64333333	43.39	42.41		49.75	52.69		48.07			37.79	43.98	46.2	49.00333333	50.95	49.07						38.01	42.55	48.97		51.25		52.6			45.67			39.95		47.67		44.85	48.61	43.71	46.81					42.01	45.725	48.59	48.5		45.51		40.94	45.06333333		43.92333333		49.95	49.37	55.73		55.21		52.15			59.33	46.65	46.53		50.47	44.57						43.41	47.83	52.97		47.91		40.39	43.67666667		42.79	41.79		49.97	56.15	55.25	53.13		45.79		56.36		68.92	45.34		50.95		60.75	44.98						47.25	49.65	53.98	53.75	48.93		45.79	46.84333333	46.25	41.51	42.73		47.31	56.13								42.01	46.39		52.69		47.54	49.47		42.57				47.49	49.91	54.22			45.31	42.67	39.05		48.41	48.35	50.25							28.35	44.67		53.13		57.59	68.41		66.37		44.53			43.51			52.89	48.91					48.89	42.55	99.51	49.67	47.95	52.47	28.87	50.53					42.33			41.85							46.13		44.25
2185683		53.63	84.46	54.79									49.75	53.33	49.77		47.71		50.05	41.51	40.35	41.53	44.62	46.54	50.65			51.81			43.07		36.45	45.11		47.65	55.38333333	44.03	46.81	45.15				40.43	43.11	45.51			51.51				43.81			41.28333333	41.14	42.75		49.53			52.97			73.25	44.35	50.71	49.29666667	50.49					46.17		40.21	43.51	46.89	50.45	80.7		49.03						56.42333333	42.01	47.77	48.21		50.23							41.83	48.81	49.39	50.51					44.5		43.72333333		49.49	49.64	53.61		55.21		50.27	41.03		68.45	49.25	46.95			46.23							49.09	50.62		47.89			45.03		41.93	42.71		54.89	48.91	56.41				45.77	67.89	49.17	45.2	45.61		51.61					119.11			42.31	47.39	49.49	53.43				51.39				103.87		44.29	52.71									47.55				65.07			113.79	41.53		48.85		51.61					40.25			48.07										44.39		54.71													51.59	49.51							158.01		50.05		55.17	51.03																	43.63
2185684		51.25	110.48	46.69							49.49		48.09	49.35	46.65		47.92		49.11	40.63	40.15		45.25	46.2	49.38333333			50.47			43.07		38.27	40.87	58.16333333	47.35	54.27666667	43.95	46.13	45.07	43.65			41.4	42.7	44.67							43.13		37.41	40.45666667		42.81		49.85			51.71		45.99	66.41	43.25666667	50.29	49.21666667	50.59							38.33	42.52333333	46.40333333	49.47	81.99								38.91	42.19	46.57	47.15	46.87	49.07							42.71	48.28	49.01	49.09					45.04333333		44.31		52.25	49.46	48.43		55.71			41.21	38.17	44.87	48.29	45.17			46.25					45.97	43.87	49.45	47.43					44.45666667		69.24	42.09	68.57	55.71	49.11	55.07	52.19		46.65	45.87		41.37	44.78	48.25	52.13	51.01					44.27			42.61		49.49	52.23	53.39	51.34		51.75		46.81			39.01	44.43			56.79			43.89				46.75				58.85	50.25		121.97	40.51	45.25		48.27	52.07				44.89	40.33			49.13												54.21			55.15				61.25						51.99	50.63	70.17					42.17	98.62		51.69		54.53	50.31									45.59						49.97		
2185685	46.21	50.57	49.98										48.41	51.55	51.73		47.04		49.27	40.69	40.38		44.79	45.53	50.47					62.95	40.47		38.25	42.99	55.865	46.93	53.88333333	46.47	45.39	43.19	45.29			39.45	41.83	44.67		52.09	52.95				43.95		33.33	39.77666667	40.25	43.93		49.37	49.55		49.15			44.27	43.34	46.93666667	49.56333333	51.85	54.01				54.65			66.21	47.22	48.3	52.05		46.51					41.17	37.53	42.13	47.23			48.19					38.39		42.74	46.37666667		49.57					41.09		112.35	48.51	52.55	49.54	48.27		75.15		50.33	41.05	38.91	68.97	46.01	46.35	52.39	70.13						46.01		47.27	50.53					43.89		50.78	42.11		55.25	52.49		51.13		46.73	44.59	45.77	41.31	44.33	48.41	55.15	50.61					46.45			42.36	47.19	49.56	51.9	51.98	50.85		47.07	392.23	45.91		42.45		45.75			54.29			42.78		40.99		47.77							117.55	41.37			47.75	52.01				44.18	44.07	39.89		48.33										45.15		54.63		54.87			54.43						49.11		52.29						48.73		38.31	49.97	52.29			49.87															47.65		45.49
2185686	46.21	50.57	49.98										48.41	51.55	51.73		47.04		49.27	40.69	40.38		44.79	45.53	50.47					62.95	40.47		38.25	42.99	55.865	46.93	53.88333333	46.47	45.39	43.19	45.29			39.45	41.83	44.67		52.09	52.95				43.95		33.33	39.77666667	40.25	43.93		49.37	49.55		49.15			44.27	43.34	46.93666667	49.56333333	51.85	54.01				54.65			66.21	47.22	48.3	52.05		46.51					41.17	37.53	42.13	47.23			48.19					38.39		42.74	46.37666667		49.57					41.09		112.35	48.51	52.55	49.54	48.27		75.15		50.33	41.05	38.91	68.97	46.01	46.35	52.39	70.13						46.01		47.27	50.53					43.89		50.78	42.11		55.25	52.49		51.13		46.73	44.59	45.77	41.31	44.33	48.41	55.15	50.61					46.45			42.36	47.19	49.56	51.9	51.98	50.85		47.07	392.23	45.91		42.45		45.75			54.29			42.78		40.99		47.77							117.55	41.37			47.75	52.01				44.18	44.07	39.89		48.33										45.15		54.63		54.87			54.43						49.11		52.29						48.73		38.31	49.97	52.29			49.87															47.65		45.49
2185687		49.25	49.57666667										48.17	50.97	50.98				42.46	40.72	39.55		44.34	45.51	49.67					61.59	39.89			41.37	45.83		58.27	44.31	47.17	44.23	46.23			38.73	42.46	44.71	48.75	46.19					45.03		34.27	38.93	40.19	45.14		48.99	49.43					40.05	41.37	46.39	49.25	51.92	48.53		45.65		47.85		38.71	44.36			51.57		46.73					40.07	40.71	40.93	45.87	48.49	44.75	48.27		47.87					42.05666667	45.81		48.53		44.73		47.61	39.21		43.63	48.12	49.31	49.26	47.89		74.03		49.83	40.79	39.87	43.89			51.53	47.91	44.43							47.55	49.51				43.49	44.79		43.59	39.59			53.27		50.03		46.73	44.03		40.75	42.05	47.45		50.33			46.73		46.49		33.89	40.47	46.99	49.97	50.56	53.31				44.55	46.75		42.67		45.51						42.89			42.07	45.35							43.97				45.27											58.21										54.03		53.09	167.79		60.19			135.87					51.67										48.39	50.95		50.31							39.09								47.45		45.21
2185688		48.09	49.97666667										47.73	49.65	51.37		43.37		41.89	40.88	39.49	39.73	44.27	45.55	49.85		46.13			61.59	38.27	41.69		40.57	71.12333333	47.11	58.85		45.01	43.67	44.39				41.32	44.06	50.83		49.43				45.21		34.49	39.91	40.01	44.66		48.91	49.01		47.49			40.39		47.39	49.62333333	51.60333333	46.21				43.01		36.97	43.24	43.39		53.69		45.72					41.03	39.62		46.39	51.29	43.87	48.57							42.05666667	46.88333333	47.49	51.08333333		44.67			39.27		43.67	46.63	49.14	49.57	47.34					40.79	38.43	43.81		46.71	50.39	52.63	44.81							47.61	48.29666667				46.93	44.23	43.37	42.28			51.91	52.25		51.57		44.35	43.35	46.03	40.29	41.89	47.5		49.83			45.91		44.19			39.99	47.29		50.91	53.94	48.74		46.19	43.71	44.08				44.57	49.29		47.29			43.29			44.3	46.54							43.6		45.39	48.71		50.83				51.59				46.45			51.55									53.25		54.01			61.01			43.87			47.79		50.46								41.81		48.51	50.83		49.43		47.33			43.27	43.43	38.69		49.17						45.37		45.89
2185689		51.64	49.25							39.37		46.77	46.95	50.55	50.84333333	47.93			42.39	39.33	37.99666667	40.7	44.83	45.65	49.19		43.87			61.53	38.39	40.57	37.45	40.2	57.79	46.55	57.92		44.75	43.67	43.35			38.33	42.34	43.55666667	47.17	49.29	44.69			44.89	42.59		38.11	34.47	41.69	44.95		47.93	49.05		50.59			40.47	40.69	46.67	48.84333333	50.83	46.73		44.21		43.83		38.97	43.54	45.52		53.63		44.18					40.12	41.39		45.23	53.11	42.75	47.95		48.31				42.71	42.65666667	46.98	46.93	50.16333333	47.33	43.31			39.91666667		43.13	45.47	48.12	48.81			56.95		49.47	39.89	37.11	45.58	43.96		50.31	45.59		45.07		47.19			41.99	46.92	50.13		47.63		45.39	42.41	43.65	41.85			50.73	52.31		49.05		44.89	41.1	44.09	40.01	42.71	46.21	50.13	49.75			44.85		43.87		38.79	40.66	46.63	49.51	51.05	52.43	49.16333333		47.2	41.83	43.89			40.47	44.13	49.07	50.71	46.29		43.75	43.56333333			41.27	46.15666667							42.9	43.13	43.93	43.03	46.15	50.89			47.19	49.65	41.77			49.43			46.91					41.11	36.87	41.49		52.29			50.09		62.78		44.57	43.87	43.83	44.13	47.57		51.37				46.63			42.13	42.53	50.23	48.15			48.41		48.65			43.43	43.43	43.01		48.25			47.83			46.03	47.15	41.86
2185690		48.25	51.03									46.73	48.29	50.53	50.11				43.63	40.44	38.08	42.34333333	44.9	45.37	49.5		44.67				40.93	41.55	40.09	42.22333333	59.75	48.61	59.06		47.63		45.75		40.57	40.61	42.23	45.16	48.69	49.49	48.17			45.41	44.48		40.49	40.4	42	46.07		48.67	49.03		49.12			41.93	41.49	46.67	46.45	51.43666667	50.33		44.99		42.97		39.29	43.33	45.01		51.91							40.49	43.64		47.56333333			49.89					39.11		44.89666667	47.89	48.69	50.28333333	50.05	45.37			41.76333333		43.57	47.45	51.24	51.03			55.31			41.15	39.86	43.85	46.05	66.23	47.11	48.27				48.23				48.21	50.52				54.24333333	44.23		51.85			52.43	51.65		51.67			40.78		40.81	43.51	48.05	50.23	49.71					46.62		37.69	41.49	42.81	50.35	50.81		51.17			49.51	45.91			40.85	45.29			48.97		44.71	43.45	42.31		42.49666667	47.27							44.36	43.36	46.13				46.45		45.79	52.87			41.79	49.03			50.25		56.41				40.65	44.39		52.93			52.80333333						44.39				51.93666667	46.39						44.67	45.95		57.4	50.11	51.71	50.85							45.23		49.79						47.95	49.17	42.93
2185691		48.25	51.03									46.73	48.29	50.53	50.11				43.63	40.44	38.08	42.34333333	44.9	45.37	49.5		44.67				40.93	41.55	40.09	42.22333333	59.75	48.61	59.06		47.63		45.75		40.57	40.61	42.23	45.16	48.69	49.49	48.17			45.41	44.48		40.49	40.4	42	46.07		48.67	49.03		49.12			41.93	41.49	46.67	46.45	51.43666667	50.33		44.99		42.97		39.29	43.33	45.01		51.91							40.49	43.64		47.56333333			49.89					39.11		44.89666667	47.89	48.69	50.28333333	50.05	45.37			41.76333333		43.57	47.45	51.24	51.03			55.31			41.15	39.86	43.85	46.05	66.23	47.11	48.27				48.23				48.21	50.52				54.24333333	44.23		51.85			52.43	51.65		51.67			40.78		40.81	43.51	48.05	50.23	49.71					46.62		37.69	41.49	42.81	50.35	50.81		51.17			49.51	45.91			40.85	45.29			48.97		44.71	43.45	42.31		42.49666667	47.27							44.36	43.36	46.13				46.45		45.79	52.87			41.79	49.03			50.25		56.41				40.65	44.39		52.93			52.80333333						44.39				51.93666667	46.39						44.67	45.95		57.4	50.11	51.71	50.85							45.23		49.79						47.95	49.17	42.93
2185692		50.34	48.35666667				47.77		37.13		40.17	44.37	46.73	49.52	50.43				40.01	38.96	37.41	41.76333333	44.31	46.33	47.29		41.53				38.59		38.61	41.915	45.36333333				43.19		44.17			36.68	38.12	44.49		45.41				42.67	42.9		37.07	39.07	39.87666667	43.89		47.37			45.49			40.36333333	41.24	44.16333333	48.53	49.15	48.27	41.47			40.33		40.02	42.15	43.76		52.11		41.81				46.47	39.6	41.77		44.57			46.27	43.21	51.73					43.51	41.81		49.8		43.53		39.81	40.09	41.73	42.95	47.81	51.18	49.31	47.53		55.27		46.17	39.59	38.18	45.07	43.97	50.71	46.33			43.55		44.81			40.25	46.49	49.5				44.76333333	41.91666667	40.88	43.94	42.21	46.15	50.73	51.01					42.23		39.25	42.59	46.63	51.67	48.51		42.31	44.35	45.35	45.05		38.99	41.17		49.55	50.23					45.5	44.02			37.49						43.23	40.55	38.19		40.83666667	45.79				44.41			42.98	46.49	41.89	42.25				44.11	45.41	43.75	40.79			48.01		47.11					46.17		41.57	42.53		53.65			49.99		54.19			44.01	42.55				49.55	46.07			44.07			42.51	45.49		48.43666667		50.25	47.77						41.23	42.05		48.05						45.27	45.35	40.67
2185693		54.35	50.83						38.93		39.38	44.37	46.77	49.48	49.68				42.05	39.66	38.95	41.29	45.28	46.78	49.39		38.53				39.23		38.33666667	41.165	45.13666667		53.85		43.79		42.73		38.87	35.85	50.79	44.47	48.35	44.55				42.99	42.82		37.39	39.27666667	40.62333333	45.19	45.51	47.47			45.11			40.02333333	40.8	44.76	50.35		46.73	45.47	44.35		40.55		39.72	40.21	45.16333333	48.85	50.87		43.96				46.29	38.53	38.55		46.31				41.49			62.51			42.71	42.87666667	46.19	46.47		43.27			39.31	41.69	43.59	46.54	51.91	49.14	47.93		51.12		49.01	39.39	37.97	45.08	43.81	66.41	47.63			44.39					41.33	46.05	49.21				43.05	45.01	41.45	42.81	42.33	47.63	50.67	50.15				44.69	41.81	40.73	38.69	41.95	45.94	50.27	48.39		43.23	45.07	45.41	44.07		38.97	40.4		49.21	49.43		48.33			47.73	43.13		39.7	39.29	45.22		49.61			42.87	40.24	37.87		39.84333333					44.05			43.1	40.48	40.76	44.42	44.57	49.25	50.31	48.05	41.96	43.99	40.81			48.63		48.69				42.87	45.33	39.57	36.66	43.27		52.59			49.31666667		55.43		42.65	43.77	42.55		46.71	55.03	49.3	46.79			44.79	43.07		42.05	42.18		48.24333333	49.11	49.79							41.23	42.71	40.25	47.89						44.45	44.37	39.89
2185694		45.65	50.97						39.63		41.11	47.63	47.17	49.66	49.74	45.19			38.65	39.74	39.5	41.36333333	45.65	45.77	49.46		41.43				39.43		39.44	41.965	58.22333333	47.59	53.26		46.37		45.25		39.93	34.93	50.89	44.31	47.11	46.69				42.99	42.24		37.49		40.27666667	43.52	43.61	50.06	48.93		45.84			39.65666667	41.53	45.51	50.14	52.03		43.47			41.37		41.33	42.31		49.43	50.65		44.32				47.51	38.65	39.015		45.47	46.84			41.33	47.75		61.65			43.67	42.66	46.31	43.4		43.85			40.39	50.12	43.3	46.85	50.68	48.27	48.41		49.47		48.93	39.39	38.35	45.86	44.51	66.35	47.95	46.31		43.87		44.15			41.64	46.41	48.55				43.14333333	44.21	41.18	42.67	39.31	47.85	50.29	51.11					41.81			42.87	46.71	49.07	48.41		49.3	44.77		43.81		38.72	40.23		47.94	48.53		46.43			46.79	43.13	40.23	38.67	39.29	45.01		49.67			44.15	40.91	37.77	43.15	39.99		48.55			44.35			43.74	39.96	41.65	44.8	44.02	49.57	48.99	49.63	46.23		41.84			46.20333333		46.33						41.24		39.61		50.98			49.60333333		54.94		43.24	43.95	44.47	43.33	46.53	53.57	48.515		68.63		46.05	42.23	45.45	41.45	40.91		48.45666667		51.47				45.29			41.45	41.37	41.01	48.03			48.71			43.73	44.01	40.69
2185695		45.49	48.53				44.19		39.63		37.45	41.99	45.51	48.68	49.36				39.76	38.28	38.33	39.93666667	43.5		46.27	48.19	39.69				37.13		36.81	39.96	124.83				45.67		40.79	38.27	38.25	36.99	39.77	42.64		44.63				42.87	40.53		35.61	38.53	39.71	42.59	43.59	46.77			42.03			37.51	37.57	42.55	48.08	47.74		41.19						40.79	43.95	47.44			43.07				44.73	37.51	36.32	35.11	43.06	44.93			39.75			38.79	34.41	36.57	41.61	40.81	44.13	42.25		43.55		37.95	39.13	40.03	41.09	46.25	50.85	48.06333333			47.55		47.15	38.77	36.11	42.34	40.58	48.59	45.67			44.19		42.17			41.3	44.31	48.25				41.12	40.33	38.77		41.09		48.77	48.67					40.07	41.09	36.13	41.63	42.46		48.03		42.69	44.53	45.55	42.07			40.13	43.79		48.09			49.75	44.23	46.79	42.43	41.79	38.67		44.34		48.85				40.81	37.17	42.29	39.29	43.78	46.73			41.47			41.78	44.27	40.15	43.21	44.35	48.5		46.21	42.01	42.79	40.37	37.19		45.08						40.21		39.92	39.87	40.07		49.82			48		54.23		41.35	42.15	42.21	41.13	44.65	54.31	46.52				42.41		45.45	41.17	39.08	47.79	47.29	47.41	47.11							40.99	41.37	40.24								42.99	38.31
2185696		45.49	48.53				44.19		39.63		37.45	41.99	45.51	48.68	49.36				39.76	38.28	38.33	39.93666667	43.5		46.27	48.19	39.69				37.13		36.81	39.96	124.83				45.67		40.79	38.27	38.25	36.99	39.77	42.64		44.63				42.87	40.53		35.61	38.53	39.71	42.59	43.59	46.77			42.03			37.51	37.57	42.55	48.08	47.74		41.19						40.79	43.95	47.44			43.07				44.73	37.51	36.32	35.11	43.06	44.93			39.75			38.79	34.41	36.57	41.61	40.81	44.13	42.25		43.55		37.95	39.13	40.03	41.09	46.25	50.85	48.06333333			47.55		47.15	38.77	36.11	42.34	40.58	48.59	45.67			44.19		42.17			41.3	44.31	48.25				41.12	40.33	38.77		41.09		48.77	48.67					40.07	41.09	36.13	41.63	42.46		48.03		42.69	44.53	45.55	42.07			40.13	43.79		48.09			49.75	44.23	46.79	42.43	41.79	38.67		44.34		48.85				40.81	37.17	42.29	39.29	43.78	46.73			41.47			41.78	44.27	40.15	43.21	44.35	48.5		46.21	42.01	42.79	40.37	37.19		45.08						40.21		39.92	39.87	40.07		49.82			48		54.23		41.35	42.15	42.21	41.13	44.65	54.31	46.52				42.41		45.45	41.17	39.08	47.79	47.29	47.41	47.11							40.99	41.37	40.24								42.99	38.31
2185697		45.42		48.97							40.91		46.87	52.38	49.00333333				43.11	40.63	38.35	41.58333333	44.08	44.38	46.13						38.83	39.89	38.67	38.51	44.41				47.53	43.55		38.49	39.43	36.62	43.57	43.61	46.03	45.29				169.13	42.34		36.39	36.87	40.11	42.22	42.71	47.53			41.75			38.15	37.92333333	44.67	47.78	48.51	40.63				39.65			41.04	43.7	49.67			44.35					38.85	38.11	39.37	45.91666667	45.45						38.45	32.15		42.57666667	42.91		41.63		43.71		37.25	39.8	38.27	39.95	46.16	49.87	49.4			159.09		40.69		35.83	42.7	40.97	50.29	46.65			42.91		42.21		42.48	40.74	45.81	46.26				40.55	40.61	40.47666667	38.69	40.65			49.63		32.81			41.67		35.69	40.5	61.75	50.09	48.66			44.45		43.89	39.89		38.94		46.43	47.37				46.05	47.31	42.46	40.06	38.95		43.95		48.99				41.23			38.08	45.54							41.1	42.12		41.81	42.53		50.47	200.01		41.89	39.47			45.05			43.85			40.99		40.06	36.33	41.05	46.14	51.51			48.99				40.37	135.71	43.99	40.77		55.59	47.01				44.13		46.29	39.79	39.97		47.48		48.81								39.63	40.03								45.09	39.49
2185698		46.15	46.94								39.93		45.63	47.09	49.5				40.37	40.41	37.12	40.325	43.17	42.95	46.61						37.71	38.28	40.87	40.33	44.275					40.55		42.29	38.67	36.89	41.2	44.19						53.17	37.85	38.97	36.41	37.16	40.42	42.13	42.39	48.88			39.99			37.25666667	36.89	44.97	44.27	50.13	41.63				39.65			40.53	42.83	48.42							39.07	36.03	37.39		45.92			45.13				39.93			40.23			44.1		43.95		39.33	37.21		40.18	45.49	45.97	48.1					43.71		36.5	41.55	41.99666667	49.75	49.89			43.11		42.11			41.18	43.75	43.69		42.01		39.83	40.72	39.18	37.04	40.77	43.99	49.81	48.23		33.25			41.67		35.77	41.69	46.51	50.65	48.27			45.35	45.35	42.29	39.77		39.29			47.92333333				44.55			39.01	38.68				48.63				40.11	37.25	36.07	39.30333333	44.87	40.83						38.63	37.69	39.05		43.28	48.05			43.65	40.47	39.49	35.57		43.33								39.04	39.31		45.95	50.36			49.89		54.99		41.95		45.67		44.03	54.97	47.55				45.97		45.18	41.07	38.91	46.67	45.41		48.81							40.25	38.4									44.71	38.51
2185699		43.16	41.91								38.99	42.19	44.03	45.86	46.83				38.54	35.38	36.76	40.14333333	41.76	44.68	47.09						36.33		37.28	38.605	42.68333333							41.14	36.97	34.25	41.13	42.75								39.87	33.89	36.09	38.93	42.4		47.71			41.15			35.89666667	34.72	43.11		49.31	41.03							44.11	42.6									35.85	36.055		44.76333333			42.75				38.59			39.32	41.98	45.11	48.67		42.97		36.18	37.51		38.76		46.13				43.93		43.35		34.47	40.43	41.71	48.89	46.91					39.77		43.35	38.75	44.41	44.79					37.29	38.83666667	35.55	38.76333333	42.59	44.25	46.65		38.45			37.99		37.41	40.63	44.33666667	57.13	48.69			43.21		40.93	39.77		38.31			46.45				41.83	38.53		38.21	38.51							40.43	39.47	36.47	35.19	35.4	42.48							39.77	39.19	38.97	41.85	43.37666667		50.03	43.23			37.13		37.93	42.71								37.39		38.15		51.33							37.99	41.45			43.91						40.77	41.15	42.2		41.11	43.35	45.44									38.49	40.55		41.99								38.17
2185700		43.16	41.91								38.99	42.19	44.03	45.86	46.83				38.54	35.38	36.76	40.14333333	41.76	44.68	47.09						36.33		37.28	38.605	42.68333333							41.14	36.97	34.25	41.13	42.75								39.87	33.89	36.09	38.93	42.4		47.71			41.15			35.89666667	34.72	43.11		49.31	41.03							44.11	42.6									35.85	36.055		44.76333333			42.75				38.59			39.32	41.98	45.11	48.67		42.97		36.18	37.51		38.76		46.13				43.93		43.35		34.47	40.43	41.71	48.89	46.91					39.77		43.35	38.75	44.41	44.79					37.29	38.83666667	35.55	38.76333333	42.59	44.25	46.65		38.45			37.99		37.41	40.63	44.33666667	57.13	48.69			43.21		40.93	39.77		38.31			46.45				41.83	38.53		38.21	38.51							40.43	39.47	36.47	35.19	35.4	42.48							39.77	39.19	38.97	41.85	43.37666667		50.03	43.23			37.13		37.93	42.71								37.39		38.15		51.33							37.99	41.45			43.91						40.77	41.15	42.2		41.11	43.35	45.44									38.49	40.55		41.99								38.17
2185701		44.47	45.08								36.19	39.01	42.85	43.67	41.27				34.17	33.49	36.01	37.41	42.57	44.94	47.91								36.4	39.175	42.96		49.11	37.29				38.39	36.17		42.61	42.95				50.29		37.17		37.49		34.92	37.35666667	40.39		47.53						34.85666667	33.11	41.8		50.83	40.59			37.57				39.44	42.16	48.15									34.75		42.63666667	44.43									38.14	40.37		45.13		40.05		36.27	35.66		40.55								43.31		34.12	39.22	40.59		46.41	41.39		40.77		40.09			37.47	42.97	44.32				38.09	36.67	37.89666667	35.7	39.61	42.73				33.35			36.01	35.89	34.85	40.39	43.595	51.67	47.41			41.79	39.95	39.75	36.21	36.57	38.49			44.73				40.39		38.63		37.01								37.71	35.49		35.27	42							35.4	39.75	36.73	40.05	42.59			40.99	40.73		35.41		36.63									36.42333333		37.33	44.49	51.55					49.05		36.29	40.27			42.47	48.13					39.51		41.39		36.91	43.05	45.05									37.67	34.11									36.49	37.93
2185702		45.33	43.11	43.27							35.33	36.97	42.15	43.51666667	40.11				35.06	30.63	34.71	37.98	41.80333333	44.52	46.17								35.30333333	37.965	41.85666667			39.57				38.09	36.35	35.21	40.21	43.53	46.53			40.97						34.05	37.70333333	40.09	47.07	45.37						33.11	33.98	40.11	42.85		41.23				36.19			40.52	41.54	46.47			40.45						34.83	30.45	41.93	43.15		40.69		39.63					36.65	41.66				39.63			35.83		38.58	43.19					37.81		43.17		33.4	38.62	39.79	44.89	45.05							36.93	38.53	40.97	43.29				36.61	37.25	37.90333333	37.95	38.33666667			45.45					35.51		33.65	38.81	42.14333333	50.45					38.95		37.21	33.33	36.55		45.1	45.77						37.57	36.97	36.07		42.67					38.73	36.33			32.78	41.05666667	43.33						36.63	38.01		38.25	41.785	45.25	48.39	40.91				34.59	37.7	43.09	43.69							35.65		37.23	43.63	50.15							37.13	39.23	41.67	37.75	41.84						38.93		38.01		34.43	41.81	42.75									34.93	34.27		40.09							34.56	37.29
2185703		41.54	44.97						50.23		32.65	36.95	42.93	43.99	40.11				34.79	33.47		38.86	41.90333333	45.33	46.53	42.75					31.15	23.03	35.33	38.05666667	44.49	45.3	46.75	41.73				33.5	36.35	34.67	40.28	44.13				41.15		37.55	33.37		33.67	35.18	37.56333333	41.99		45.73						33.35	31.85	40.89	43.53		41.45			34.67				38.69	41.62	47.77			41.39					33.96	33.35		41.19	43.89				39.03	37.89		30.41		38.35	40.38	41.91			42.43		35.31	35.4	36.05	38.77	44.81					38.47				31.84	38.76	40.33	47.21	44.85								36.39	41.85					36.46	35.15	37.77	35.61	39.71	41.18							34.69	34.39	33.99	38.45666667	44.26	52.21					37.91	36.47	34.65	34.82	35.56		45.8	45.97						37.45	36.7		36.27	41.61					38.29	35.19	35.57	31.51	37.76	40.25	41.63						36.29	35.41	35.03	37.92333333	41.83	45.19	48.35	41.07	39.95				36.33	43.35	44.67					38.35		36.1		34.63	43.75									38.63		37.69	40.83	46.57					39.83				35.94333333	42.77	42.75									37.35	33.74		40.67							33.32	32.47
2187169		47.76	45.4								38.07			45.99		40.41	44.15	41.89	35.47	36.73	38.23	40.17	44.35	46.43						41.87		38.09	36.32	43.41	44.85		51.99	46.03		44.31	40.35			40.15	39.97								42.97		37.11	37.22	39.15	46.73	47.83				44.05			38.98	39.85		49.99							39.27		40.27							47.05				36.75	39.95	45.65				44.1				42.18	40.13	46.97	46.085				45.23		38.43	38.77	39.69	41.45		48.05	48.63								41.33			46.63					43.41			39.35						43.33				45.39	46.83	48.63					48.25			37.29	42.59666667		51.43	50.21					41.39			39.33									41.97		39.75		45.94						38.39			40.57	44.65							42.31						49.17			45.12	38.09											41.91	38.89		49.75														55.69							39.01			46.87	50.49									39.67										
2187170		49.55	45.9								38.09			46.11		40.29		41.55	36.29	36.73	37.40333333	41.2	43.11							41.87		38.09	38.11	42.8	43.09	50.93	54.39	46.03		46.41	41.65			40.15	40.23	44.07	47.01									37.55	41.47666667	46.43	47.21					39.27		39.5	40.03		47.94									39.59	45.1						47.95			35.31	35.43	40.67	46.41				45.22				41.07	39.75	46.61	46.56				47.09		38.67	37.21	39.75666667	41.69666667		50.38	49.63							32.81	41.19		47.69	47.55					43.41			39.35		45.35				42.54			40.63	44.61	47.09	47.31					50.49			38.36	42.41		52.17	52.61					42.05	42.11		39.91	49.33	64.11	48.73								40.3		46.08						40.25			39.83	44.87	49.45						42.31						51.51			41.55	38.23	39.59										41.91	35.19		50.19														56.99								44.89		46.81	52.49														83.25					
2187171		44.57	46.65									44.63		47.19			40.77	39.65		33.47	38.29	38.91	45.13							38.07		37.37	36.57	41.48333333	43.67	46.53	53.85	43.03		43.49	39.79			39.73	37.89	43.9	45.49									36.32	39.17666667	46.21	46.45			35.97	39.93	39.27		36.56	38.89		45.63						40.31	35.85		39.93	46.51		47.01				44.91				35.87	35.73	42.92				41.91				41.03	38.59	43.53	44.635			44.39	42.03		37.71	38.20333333	39.59	42.01	45.41		48.83								40.41			46.89					43.41			38.83	42.99					42.47			32.75	44.23	45.71	46.01	44.35			43.21	47.11			36.92	41.45		51.67	46.21					44.47	41.45	39.85	40.73	47.95								43.25		38.32		45.32	47.39					35.73			41.49	43.45	47.77						43.05		37.63				49.41			44.45	38.05											37.43	38.43		46.93			48.35				45.81							51.29								44.33			51.41											41.89								37.43
2187172		49.34	48.33									42.99		49.37			41.59	39.81		41.15	38.87	39.38	44.85							40.69		36.83	37.03	41.28333333	46.9	50.09		44.31			39.97				45.91	44.79	45.79					44.23					40.09	46.31	47.01							37.99	40.29		48.71								40.11	41.11			50.37				48.41			38.65		37.05	47.19				44.47				42.4	38.49	44.41	46.865	48.45			45.73		39.47	38.55	40.81	42.70333333	50.65		48.41								41.11			48.05					53.51			41.51						42.31	41.25			43.11	46.60333333					43.21	47.11			39.36	42.9		51.51						42.93	40.39		40.91	43.21								36.51		38.27		46.23	50.49					39.01			38.13	48.41	47.63						45.01						49.53			43.21		39.35									41.93		39.13		49.33			51.53				45.81		44.47					56.33	49.57						39.39	44.51			50.31									38.97	39.67	44.45								
2187173		49.03	46.75									44.37		48.13			41.83			41.17	37.55		44.45							42.13		38.29	37.94	41.76	44.84	51.09		46.49			40.09			41.15	46.87	45.05	45.79									38.11	40.76333333	47.85	46.19							38.01	40.69				42.67					33.87													37.85	37.37	45.92				46.51				39.91		45.05	46.845	49.45			45.69		39.87	38.84333333	40.49	42.75666667	47.85		50.09											46.53					43.09			41.41						42.71		38.07		44.19	46.17		43.79	48.97		44.59				39.71	41.89		52.51						46.01	40.39	40.45	41.55	46.12		49.85						36.89	40.33	38.71		45.79	49.23					37.35				46.20333333	46.21	45.65														45.36											41.93					55.35		50.47				46.53				42.19			53.17	52.05							40.48		50.37	51.03							42.27			39.97	44.29								
2187174		49.66	51.09	43.93							38.71	43.13		48.23			42.89				37.53		44.07							44.59		37.97	38.04		46.51	51.39	53.13	46.85						41.15	46.51	45.63										37.97	42.74	45.01	47.11			40.87				38.74	41.09				42.67							41.23							49.43			40.21			46.67			49.01					37.23		45.05	47.87			45.39	44.13		40.23	39.36333333		41.6			49.71										44.57	46.84					44.95			41.51						43.33				45.13	48.89		46.79	47.31		46.17				38.85	45.25		51.17					44.03	45.09		40.91	41.01	43.93	47.19	47.39					44.41	42.85				46.21	52.35					38.61				46.01	47.39			49.89							47.83					47.21	39.71			39.09							46.19				49.45				51.63							139.91			53.31	54.13							44.65		51.07	53.31							44.67			42.23									
2187175		50.93		53.43								46.07		48.89			45.63			42.25	38.18		45.61							44.59		39.51	38.45	43.47	46.51	50.47		46.45						40.81		45.63	44.75									38.03	42.74	47.53	46.59							38.83	40.05				45.29										50.17																		39.55	41.13	45.05	49.26333333				47.21			40.26		42.08333333	48.17		49.91										46.95	46.03					44.45			43.45						46.97		38.73			49.21		53.07	48.13		46.17				40.18	45.13	48.15	51.43	48.79					46.63			41.75								46.45	45.59				46.21						40.65				48.59	47.39			54.13				40.87								47.21				27.05							43.81				51.09	55.35								43.79					55.02								42.77			53.31							44.67		42.13	42.23									
2187176		50.88	52.07	47.57								45.69		58.51			45.39		39.29		40.32		45.81					41.05		44.59		40.65	38.99		47.61			48.89			43.57			41.95	42.45	44.53	51.2									37.22	42.97	47.57	47.31							39.77	43.93												46.39	52.01	50.45							40.01			48.17								37.96	41.85	46.49	61.66333333				45.87		43.54	40.73		43.05666667	50.2		49.31								41.75			48.75					57.83		42.13	42.61	55.07										49.21		50.69	53.47		48.75				39.82	43.13			53.61				44.79				43.29	49.47							46.59					47.29	54.73					40.57				50.91				54.47											47.61		41.71										45.71				50.55				49.51								53.35		53.33											53.29							44.57			42.23									
2187177		53.71		51.31								45.69	49.25	50.31			46.81		39.65		41.82		88.66	49.57						44.83		40.45	38.83		46.37	50.51	54.03	50.21			107.79			42.33	40.69	45.25	46.01						42.25			40.76	43.85	47.49	44.83							40.1	41.81		51.11									42.23	48.41																				39.63	42.19	100.09	48.4						71.51	39.46		43.55666667	49.06		49.17								66.91			48.77					58.01		42.09	43.27	109.11									40.89			51.47	53.45		49.15			41.69	39.85	44.41			53.21				44.55	41.61											48.03					47.81					46.73	40.57																	53.91		45.95		43.53										44.33		36.81		51.45									43.59					53.65								44.93			51.85										42.43								46.57	
2187178		50.57									41.13	45.77	50.79	53.85			46.81		39.39		41.5		117.31									41.43	39.89		45.95	48.03	108.99	49.59			107.65	43.97		42.33		45.31	47.27						42.25	41.34		40.7	44.59	46.25	45.63	51.95						40.43	42.31		50.45									41.46	46.03									41.45	55.79		43.47			48.21					39.79	42.57	66.31	47.46									43.01666667	49.61										66.93			49.23							42.61	44.27	48.33						42.31			41.95			52.77	55.95						40.33				52.53				45.89				42.07	51.87		50.67					46.73						51.69					41.07	43.31					53.71											54.21		45.37		43.99							52.49		45.43	44.59		55.37											62.89					55.25								46.65			52.65										42.3									
2187179		50.57									41.13	45.77	50.79	53.85			46.81		39.39		41.5		117.31									41.43	39.89		45.95	48.03	108.99	49.59			107.65	43.97		42.33		45.31	47.27						42.25	41.34		40.7	44.59	46.25	45.63	51.95						40.43	42.31		50.45									41.46	46.03									41.45	55.79		43.47			48.21					39.79	42.57	66.31	47.46									43.01666667	49.61										66.93			49.23							42.61	44.27	48.33						42.31			41.95			52.77	55.95						40.33				52.53				45.89				42.07	51.87		50.67					46.73						51.69					41.07	43.31					53.71											54.21		45.37		43.99							52.49		45.43	44.59		55.37											62.89					55.25								46.65			52.65										42.3									
2187180		53.83	49.85	43.43							44.25	42.79	52.09				46.17		39.07		42.79		45.37							45.03	39.99	40.39	38.59		42.73			48.83			60.21	43.03		41.63	41.63	44.93								40.59	38.55	39.9	42.52	47.17	45.11							39.81	41.59		47.95									39.09							48.55														39.29	42.57	66.09	44.42				50.53		41.47	38.07	41.69	41.30333333	49.63	49.29									70.41		48.87	45.09	52.67								47.17						41.73				48.83	123.93		55.75					39.49	40.29	42.75	49.63	49.69					45.31				42.79								45.91			42.33			51.65					41.09		46.07		54.33				51.11									53.39				42.89									45.17	44.59		43.97											45.17					55.11								45.91		55.19											42.51									
2187181			56.41	44.17							45.17	43.01	53.53				46.59		38.79		40.79		46.5							45.97		38.47	38.59		42.73	51.93		47.2			44.75	43.03		41.37	44.12	44.77								40.59		38.64333333	41.33	46.15	43.89	48.61						38.19	39.59		47.77								37.43	37.17	123.19		45.77				48.55						43.77								38.93	42.81	48.27	43.61				46.83		41.51	39.85		41.19		49.03									66.07		49.33	41.79	52.67	42.57			43.57			42.03	46.49						41.01			40.09		122.57	51.01			47.99			39.91	40.5	42.37	48.95	50.45	51.15				46.19				42.33			50.69					45.53			42.25			52.51				43.65	41.09															51.35		51.97				42.89									44.43	44.05		41.05									51.97		44.81					52.65							40.69	43.89		55.19											42.56							47.33		
2187182			54.37	49.21							36.67	43.05	47.93	48.83			45.15				41.15	43.01	44.9								43.69	39.77	38.81		43.81	49.59		48.35		46.35	42.39	42.43	35.91	42.35	42.41									40.81		34.11	41.49	46.33					46.11			37.84			48.75								40.23	40.95	43.21											37.21	45.65								39.1		44.21	42.74		47.13		46.03		40.13	37.36	42.33	41.23		47.49									68.47			45.37	51.07				56.93			42.79	50.17						41.69			41.07	50.75					50.65				39.85	46.49		51.81	52.23				46.33	44.33666667			41.39								44.33			41.71		46.37	49.15666667		57.99		62.67					49.29							43.99						53.93			44.67	42.89									44.43	44.25				49.95			51.73											51.59							43.45	45.25		57.33			50.97								42.39	46.89								
2187183			54.87	53.09								43.05	45.33				46.45		39.25				46.35								44.17	40.63	37.29		44.74						44.61	44.47	36.29	42.35	41.34333333									41.09		36.33	42	46.29								36.63			48.44								37.81	43.45	46.19						48.39						49.17								39.01		39.85	42.99		48.41		47.09		113.41	39.45	42.09	41.65														44.89	51.41	47.55																	49.39								38.45	39.75	86.98333333	51.23	47.57	55.99					45.71			41.71								45.69			41.99												45.95		51.37											53.27				43.99										44.99		32.43		55.85			73.77											54.54							43.87						52.75							42.41	43.29	55.03								
2187184			52.59	51.49							37.35		48.83				45.61		38.59		42.21	37.35	46.25							44.53	40.57	39.57	38.89		45.15	52.45		49.13		47.25	66.17	42.43	35.31	41.73	42.73									40.85		36.79	41.39	47.01	43.93				44.09			38.93			45.69								38.25	39.91	47.11						48.39				38.45	39.85	47.85								38.36		39.39	46.73		48.41		47.09		113.51	40.65	41.89	42.39	49.17											52.63			51.63				43.71				46.77															50.77			39.41	40.34	41.53	50.35	52.63	54.13					45.7			41.63								45.69			41.7			52.47				43.89					45.99		52.67									50.89		50.69				43.71										44.99		29.69		50.41														53.15							43.61			54.69			52.75								42.51	46.87								
2187185			52.21														48.03		39.39		43.71	39.75	43.3								45.21	41.41	37.73		45.35			49.35		47.25	68.11	40.23	34.91	42.27	45.59		44.99							41.15		38.28	40.66	45.45	45.79							37.77			47.23								38.55	42.17												41.57	49.67								39.01		40.49	46.83						113.63	41.16	38.13	43.145													50.07										47.39										49.61									40.67		87.13	48.25	55.57					47.38			41.39								46.75			40.23			51.67									46.57		50.09											54.33				44.01				64.23										50.16														55.19							43.59			55.91			51.79								43.29	51.37								
2187186			51.73									43.19	52.15				49.23			42.69	42.22		44.09									42.33	36.29		44.21			49.35			67.97	41.01	37.25	44.09	39.23									39.79		39.97	42.93			50.67						37.77			52.35								40.96	44.51												41.53									40		47.15	46.39	52.61					113.63	40.47		43.90333333													45.81			47.15							49.29											166.87	58.83							41.65			53.63						46.79			44.57								46.51															46.93										63.25			57.41				51.53				66.57										70.84	57.35													50.39													52.27								44.87									
2187187			52.95	54.41								42.67	52.23				48.47			40.99	43.45	43.31	45.57								43.63	43.09	38.37	43.97	45.52	47.93		49.33		46.19	241.69	49.07	37.11	41.97	42.99	43.99								37.57		39.38333333	41.97			51.99						36.29											39.83	43.51	47.07											41.77									38.59			46.41				48.59		113.67	39.69	41.75	43.19666667	47.37		50.29									51.07	49.55																					52.79	53.77			49.19				41.23			52.57	47.49		48.01			46.1			41.97		46.95	52.91					45.89					48.31																							56.95								66.57										52.45	48.93			54.65								46.83									45.85	42.79					51.77								44.17	71.59								
2187188			52.95	54.41								42.67	52.23				48.47			40.99	43.45	43.31	45.57								43.63	43.09	38.37	43.97	45.52	47.93		49.33		46.19	241.69	49.07	37.11	41.97	42.99	43.99								37.57		39.38333333	41.97			51.99						36.29											39.83	43.51	47.07											41.77									38.59			46.41				48.59		113.67	39.69	41.75	43.19666667	47.37		50.29									51.07	49.55																					52.79	53.77			49.19				41.23			52.57	47.49		48.01			46.1			41.97		46.95	52.91					45.89					48.31																							56.95								66.57										52.45	48.93			54.65								46.83									45.85	42.79					51.77								44.17	71.59								
2187189			48.81	50.11									48.77			47.05	44.81				40.58		45.62									37.67	36.23	42.67	42.63	48.71		46.69		45.31	43.35	42.31		41.97	40.49	43.27								35.73		37.98333333	41.84			50.39						35.63			45.47						43.97		39.63	40.63	45.37	43.09							37.95		35.39	38.59				42.69					38.79			45.53				44.41		37.01			40.84333333		50.03										46.45							47.99														48.91	48.82	51.55			46.01			39.99	38.68	44.11	46.03	46.95			44.87						41.83			50.47		49.05			41.59			37.91		45.85	49.38				43.55		43.27					48.45											53.71			41.26	40.56				64.59									39.43		48.93											46.47									39.31	42.79					50.01								40.39	44.81						40.27		
2187190				50.05									47.03			47.17	48.31				42.79	40.87	45.74								49.09	41.49	36.47666667	42.95	42.57	48.25		47.31		45.29		45.63		43.37	40.55	43.43										38.76333333	41.49	41.81	42.57	50.23						35.13		43.47	47						45.91		40.09	41.65	44.47	43.09							39.05			38.17			45.25		44.19				38.15			45.53				46.07		39.93			40.83666667	41.17	50.19	47.4									49.75				44.03							49.19									40.87	48.91		50.35	51.23		48.71			39.75	38.72	44.11	48.79	51.05	51.05					45.41			42.78	50.89		52.57					44.31	44.59		38.89		48.33	48.95				44.35		45.31					48.67														45.17	41.37				65.07			57.67					33.47			46.95											46.73								47.19	39.95	43.42	45.73				47.31								40.07	45.51								
2187191				51.31									51.83				51.11				43.49	41.37	47.03								51.53	43.44	37.57	43.79	44.16			49.53		45.29	42.77	44.91	42.23	44.21	43.24	44.31										38.49666667	43.49666667		43.91	49.85						35.65			49.58								39.4	42.79	43.29		44.47						39.73		42.1		47.15		44.47		47.13				39.25							47.03		39.69	38.23		42.065	44.83		49.79													47.17							49.05						42.41		36.37	41.97	50.47	53.99	55.47	51.23		49.31			41.89	40.62		49.91	51.05	52.59		46.87			48.47			42.81			55.47					45.19			38.67							45.93							53.69		56.19													42.68		44.19		51.62								33.11			51.59											47.89			55.23					47.19	55.65	43.41	46.39				52.65								43.43	107.97								
2187192				51.73										46.27			51.03		42.25		43.87	44.69	47.89									41.91	38.61	44.29	43.07			50.07		45.45	47.41	41.2	42.67	43.08	42.72	44.51								44.13		38.77	43.98			49.53						35.65			50.41							45.43	40.33	42.32	42.81		45.57						40.93		39.81	41.29			47.11						39.27			86.47				45.63		42.09	40.63			44.85	48.28	48.45										50.05									48.07						61.93	43.93		36.37			54.23								48.23		49.67	52.15	52.41		48.47			48.23			43.13			56.93					58.85			41.25			53.81				46.75		49.05							56.19													44.79		44.39		52.71			57.63					34.89		50.95	51.29								46.41			202.15			57.37					48.91	55.55	44.62	45.67				52.73								43.15	51.93								
2187193				51.73										46.27			51.03		42.25		43.87	44.69	47.89									41.91	38.61	44.29	43.07			50.07		45.45	47.41	41.2	42.67	43.08	42.72	44.51								44.13		38.77	43.98			49.53						35.65			50.41							45.43	40.33	42.32	42.81		45.57						40.93		39.81	41.29			47.11						39.27			86.47				45.63		42.09	40.63			44.85	48.28	48.45										50.05									48.07						61.93	43.93		36.37			54.23								48.23		49.67	52.15	52.41		48.47			48.23			43.13			56.93					58.85			41.25			53.81				46.75		49.05							56.19													44.79		44.39		52.71			57.63					34.89		50.95	51.29								46.41			202.15			57.37					48.91	55.55	44.62	45.67				52.73								43.15	51.93								
2187194				52.43										47.55			51.53				43.37	45.35	62.11									40.35	35.15		42.41	49.39		50.99			46.83	40.74	40.41	37.79	40.97									42.43		39.35666667	40.85	48.89		48.93						37.47		46.33	48.5							43.63	39.95	40.13	43.27								41.25		35.51		46.69		43.47		48.27				38.47			128.57				45.39		39.43			40.37		48.67	47.65										47.55															180.45	44.78				52.61	54.27	55.07	52.23		47.85			40.83	39.95		48.01	47.63	53.99					46.11			42.73			53.67					45.75	45.25		42.94		48.53	50.89	55.99					47.81							51.65												45.09	42.75				47.87								35.57			51.95								45.88						54.55					47.89	43.79	45.11	47.21				52.17								40.71									
2187195				50.01										48.65			48.85				41.43	42.67	46.13		48.27							40.33	35.15	44.05	41.63			48.55			45.65	37.25		36.93	40.71	43.49								42.63		39.26333333	41.77666667	45.79		48.95						37.07			47.92							43.63	39.99	40.13											38.85			49.87	43.47	47.69	47.39				38.59			47.45				46.19		39.63			41.29		48.93	53.52								41.77											47.03						43.25	41.95				52.61	68.55	49.15			47.99			41.09	40.41	43.41	47.65	45.67	46.21								43.25			53.87					44.93			40.83			49.85								34.59					49.53												45.09	43.65			43.99	49.07								36.53			52.62													52.27	54.55						42.61	41.95	45.49				50.29								40.71									
2187196		48.83		49.23												48.95	50.35			36.79	41.39		46.31		46.91							41.57	35.57		41.40333333			49.27			44.55				44.11			51.75						42.63		40.38	41.27	45.71		49.87						37.77							45.73		45.13	40.07	40.29	41.13	42.61	45.11									38.17			54.49							38.59			71.23	48.07			45.51		41.23	45.47		41.19		49.73	48.97											50.19								44.41						39.37	40.83				48.92333333	55.43	50.89			47.99			41.11	40.93	41.91	48.93	46.79	50.13			44.75					41.79								44.83			41.71			50.99						46.01		41.61		50.16			51.65							47.41						39.53	36.67										50.17			50.11	54.77													51.91	54.49						44.67	42.55					52.77								41.91									
2187197		50.25													53.25		51.95					43.65	45.75									42.29	37.47		42.35		53.87	42.97			46.81			38.63	45.57											40.52	42.24	45.63		49.73						38.21	37.17		46.55							44.19	41.47		39.53	47.09									37.05			59.61	46.25				47.63		38.65			63.31	49.93	46.11		47.81		115.39				46.67	51.19	49.07									46.21		42.45											57.67				48.33				49.67	55.23	115.49						41.15	40.61			47.75	51.16			42.55		120.65			42.25								46.97			43.59			47.79								34.47		48.07			55.17				42.05									39.59	36.81					51.55						38.03																52.09	55.75							42.87													44.38	160.77								
2187198		50.25													53.25		51.95					43.65	45.75									42.29	37.47		42.35		53.87	42.97			46.81			38.63	45.57											40.52	42.24	45.63		49.73						38.21	37.17		46.55							44.19	41.47		39.53	47.09									37.05			59.61	46.25				47.63		38.65			63.31	49.93	46.11		47.81		115.39				46.67	51.19	49.07									46.21		42.45											57.67				48.33				49.67	55.23	115.49						41.15	40.61			47.75	51.16			42.55		120.65			42.25								46.97			43.59			47.79								34.47		48.07			55.17				42.05									39.59	36.81					51.55						38.03																52.09	55.75							42.87													44.38	160.77								
2187199		53.01	50.17	38.21							47.59			44.75	51.21	64.75	51.31			40.97			44.03									42.23	35.57		42.92333333		58.27	37.05								45.65										35.62333333	41.01	46.43		49.97																		41.19	45.36										35.57		44.01	50.27					47.63				46.45		49.71	47.43		44.43		115.51			43.89	46.35		47.73									43.93	46.63	45.31																			46.67	184.23	49.17						41.87	39.61	41.99		47.35	50.63			42.71					40.33								46.35			44.15			52.71										52.26			47.4								50.93				41.79		36.37					52.29					44.91	37.59			54.68							49.87						52.09	52.85							42.81													39.87	46.71								
2187200			49.99	42.67							48.31				53.09								46.53		45.39							42.15	36.89	45.17	44.69		59.03	42.05	53.61						45.83	46.38										36.46	41.63	47.13		51.01																	45.15	41.21	49.87										63.42		44.65	53.87	46.53		53.01		48.39				45.87		46.27			46.59		115.59	48.71		43.41			47.73	54.67								42.13	49.09	49.83										54.15									48.09		51.63						35.95	40.13	39.99		49.24	50.61								42.49								97.23					46.57	53.63										50.83							41.71									44.23				52.17		52.89							41.21		56.03													51.55	54.89							43.39					45.15								41.01									
2187201		53.13	50.21											44.27	52.31		51.95					39.19	47.17		48.59			47.51				42.13	37.79	44.91	44.55	50.57			51.13	44.59	46.51					44.37		50.9				47.01				39.45666667	42.64			49.89	54.07					38.11		48.19			52.85				43.19				45.75666667										37.82		44.89		46.27								46.13	46.21				45.59		41.53	48.57		41.07				54.81								49.01		51.95															44.31		40.13		49.21	54.83	52.51							40.63	41.61		48.47	52.3								41.47			49.81					48.01			41.65		46.5	54.63										49.62							37.97					50.67			44.45													35.99	40.37	51.43											44.01			51.03								41.59					53.59								39.25							45.95	45.69	
2187202		53.13	50.21											44.27	52.31		51.95					39.19	47.17		48.59			47.51				42.13	37.79	44.91	44.55	50.57			51.13	44.59	46.51					44.37		50.9				47.01				39.45666667	42.64			49.89	54.07					38.11		48.19			52.85				43.19				45.75666667										37.82		44.89		46.27								46.13	46.21				45.59		41.53	48.57		41.07				54.81								49.01		51.95															44.31		40.13		49.21	54.83	52.51							40.63	41.61		48.47	52.3								41.47			49.81					48.01			41.65		46.5	54.63										49.62							37.97					50.67			44.45													35.99	40.37	51.43											44.01			51.03								41.59					53.59								39.25							45.95	45.69	
2187203		58.25	48.41												52.99		51.85		41.61			42.45	46.6		50.18							42.01	37.35	41.87	44.55				49.21	43.81	47.87				46.71	44.33										39.25		47.49		49.45	53.15			40.87		37.23		47.75			52.61				42.49				44.82333333										39.29		45.67	57.41	46.11						37.47		45.87							40.47	46.83	41.49	40.65										38.97	47.79	47.57		51.09								42.21						44.77			38.59	41.61	47.95		55.15							38.05	43.14		49.84	53.79								42.75											42.97													48.68										43.65		49.87			43.79	41.61				49.03		52.95						35.99													42.37			51.99								42.77			49.21		51.89					43.13			39.25							48.51		
2187204		48.19	49.01										47.81	49.19	49.17666667		46.33		39.43				42.51		48.89							38.07	35.61		41.51	48.69			49.03		46.13				43.25											37.47	40.42	42.83		48.11	47.09			41.31		37.23	41.61	44.01	46.61						42.49			40.95	44.74333333				46.93						40.81		43.11	48.01	45.35								44.47			44.95		45.77			45.08	38.61	40.65											47.53	45.59		47.17															39.57		36.39	45.49				49.43						38.62	43.53		47.34								39.29	41.03			48.73					172.29	42.05		40.67		43.81			56.63								44.31												50.31			43.79	36.25					49.55	51.55						31.17	39.35												43.31			50.08								39.99			49.21		51.31					40.05			38.27	41.75						39.59		
2187205		52.99	47.08	49.47									43.53	47.27	48.38		46.33		42.76			35.69	41.45		48.17			42.49				39.35	35.01	40.65	42.53	46.21			43.93	41.77	42.09				39.87			44.77								35.39	39.35666667	41.71			51.23					35.57	42.42		45.43		49.67				38.93		34.53	40.03	43.35				46.23						39.44			46.65	43.73						33.99		46.49			48.13		43.55			42.07666667		40.41											46.15	45.05		46.33								39.85		44.79				42.73	39.13							47.47					39.55	39.21	84.24333333	46.05	49.23								37.23	39.03			48.15					45.09			40.37		44.82333333											44.49										45.89		50.07				36.57		40.17	41.98		43.51	49.75					46.25				52.59							43.17			42.73			51.73								39.85			47.71		47.55					39.55			37.55	40.62					51.93	42.89		
2187206		48.07	47.44	50.75								41.39	44.21	45.75	47.10333333		45.81		41.81	36.3			41.28		48.09			41.53				38.65	36.15	41.53	43.01	47.23			43.53	42.97	41.99				39.84	44.25						40.01		36.47		35.36333333	38.93666667	41.55			46.95					35.57	41.74		44.83		47.57				40.27			38.76	41.81				45.65						37.63		43.41		45.75						34.01		42.55	43.36		47.21		43.81		36.33	45.54		39.92										38.55	62.65	45.33		47.31								40.19		46.59					40.31		37.39	39.31				48.81						38.79		44.83	48.95	50.57								39.54			46.83					44.01		39.49	39.71		43.91			53.33								43.43						39.93			43.25	42.12		51.45			39.65	36.17			40.33		47.98	46.31						28.53	37.01												41.41			49.55								40.93					45.15					39.89			38.51				43.43			40.47		
2187207		48.07	47.44	50.75								41.39	44.21	45.75	47.10333333		45.81		41.81	36.3			41.28		48.09			41.53				38.65	36.15	41.53	43.01	47.23			43.53	42.97	41.99				39.84	44.25						40.01		36.47		35.36333333	38.93666667	41.55			46.95					35.57	41.74		44.83		47.57				40.27			38.76	41.81				45.65						37.63		43.41		45.75						34.01		42.55	43.36		47.21		43.81		36.33	45.54		39.92										38.55	62.65	45.33		47.31								40.19		46.59					40.31		37.39	39.31				48.81						38.79		44.83	48.95	50.57								39.54			46.83					44.01		39.49	39.71		43.91			53.33								43.43						39.93			43.25	42.12		51.45			39.65	36.17			40.33		47.98	46.31						28.53	37.01												41.41			49.55								40.93					45.15					39.89			38.51				43.43			40.47		
2187208		50.37	49.75	45.09								41.39	46.85	45.79	48.52333333		43.97		43.19	36.75		38.59	42.51				40.51	41.93				37.97		40.29	43.69	46.91	53.52		43.59	40.45	41.41		35.59	37.59	40.39	44.47		42.09	41.37							37.87666667	40.47	44.07		47.53	45.23					35.45	42.12		46.34	47.03	50.23	42.73			38.69		39.11	41.18333333	42.23				44.01						37.52333333		44.59		42.61	44.57	39.85				32.69		42.17	44.33	44.37	47.23		42.57		37.97	44.2		42.31		48.13	46.66							38.37	43.41	42.37	43.29	47.57										47.32					39.8	31.45		39.89	43.25	47.87	52.83	50.29						38.95	41.77	45.07	49.47	49.26		43.31						40.59	45.31	47.95	49.23					42.28		41.41	40.47		44.89	49.94		49.88		42.19				40.91	41.01	42.79	50.01		41.49			41.63			44.71	45.97		50.67				38.49					49.03	47.19									50.09			46.11		56.47			45.23		39.69			50.91				43.23				40.93					46.17					39.77			38.35				44.51		47.13	42.59		
2187209		46.79	48.79	45.59								40.49	44.52		51.34	48.87	40.79		46.95	37.45	36.65	38.63	42.59	45.6	49.27		44.69	47.13				37.97		41.93	43.97	45.59	54.02		41.17	40.05	39.39		36.23	38.35	40.85666667	43.06			42.09							38.39	42.13	42.91		48.09	44.47					36.81	40.56		47.47	49.27	49.67	43.31	39.73		39.57			38.98	48.06	47.33	49.13		43.61						38.18333333		43.79	46.25	41.61	45.07	41.05	44.25			32.69		40.64	42.34333333	45.93	46.15		41.75		42.79	38.97		40.98	45.91	48.55	48.25666667	50.85			44.47			37.01	43.59	42.47	47.91	47.59	45.11	42.37						42.77	44.69	47.73					39.88	39.43		40.45	45.41	47.68	50.07	50.45	46.11						42.01	45.05	49.17	49.87		58.29	41.73				37.13	38.85	45.33	47.95	50.47	50.49	48.53		43.87	44.11			40.31		45.95666667		49.25	47.59						38.96333333	40.87	44.65			44.07			41.19			44.61	45.67		50.67			41.17	38.69			46.33		47.17	47.27					38.19				50.45	46.87		46.65				41.13			39.79			51.31				43.23				42.21				52.97	45.43		44.55			42.74			38.79				44.79		50.53	41.81	47.35	
2187210		49.39	47.77	44.99							50.47	46.53	47.58		48.99		44.99		49.87	39.95	39.55	41.51	43.72	47.33	49.87		47.05	47.13				40.71		43.62	47.08	47.73	57.02		45.31	43.03	42.65		37.19		42.80333333	44.62			51.57						37.05	40.25666667	42.35	42.91		49.81	48.81		46.17			38.07	41.67	44.97	48.71666667	50.83	48.79		44.31		42.44		37.81	43.05666667	46.88	50.27	51.68		47.33			43.17			40.24		46.53	48.71		49.01	44.61	45.35			34.87		42.79	47.78	47.53	49.93				40.44	45.09666667		42.805		49.19	49.29	54.27				50.89		38.57	50.09	45.67	53.07666667	51.67	50.97	44.89						43.05	47.23	50.6		46.73		40.59	43.19			41.93	47.49	50.73	55.43	54.91	48.41					40.49		44.76	50.48	51.07		60.75	43.74				38.45	40.37	45.29	49.37	52.39666667	53.09	44.29		45.97	46.24333333			41.67		47.05	51.31	51.95	50.52						41.53666667			51.97		46.81	49.47		42.81		41.63	43.75		51.51	52.85			44.10333333		39.2			48.07	49.65	50.27					41.27				52.94			50.18		64.21		42.19						53.67	47.35			42.45				41.93				97.09	50.47					42.29			42.18				45.93		50.53	44.81	45.63	
2187211		53.73		55.49							50.47		49.95	54.27	45.51		47.43		63.49	42.4	40.47		45.82	47.34	50.56							42.47		43.35	43.86		55.31		48.81		225.49				43.55	45.76			51.51		54.09					41.61666667	43.75	43.39		50.37	52.69					50.24	45.59		50.09	50.85		48.69					38.01	44.82333333	46.61		51.81		48.35						40.61		47.67			50.31	44.61		53.69				42.09	46.73	49.29	50.51					49.68		44.08333333		48.75	49.65			73.85				37.19	68.33	48.31	46.95										49.27	70.33		46.57		40.39	41.17			42.69	93.43	52.47	56.15	256.27	51.83		47.81		69.01	41.51	94.83	45.57		51.55		60.75	44.23		45.81			40.89	47.61	49.65	54.59	66.69			48.96	51.61					47.31	53.41	51.91	51.95						41.97					64.53			113.85		44.66		47.73	50.49	52.95			52.17	42.67			48.35		58.37								45.41		53.11					54.23		168.27						51.68	49.05			45.49		48.89		157.27	196.81	47.85	51.79		50.92		47.37			42.95			44.13						52.69			43.81
2187212		53.73		55.49							50.47		49.95	54.27	45.51		47.43		63.49	42.4	40.47		45.82	47.34	50.56							42.47		43.35	43.86		55.31		48.81		225.49				43.55	45.76			51.51		54.09					41.61666667	43.75	43.39		50.37	52.69					50.24	45.59		50.09	50.85		48.69					38.01	44.82333333	46.61		51.81		48.35						40.61		47.67			50.31	44.61		53.69				42.09	46.73	49.29	50.51					49.68		44.08333333		48.75	49.65			73.85				37.19	68.33	48.31	46.95										49.27	70.33		46.57		40.39	41.17			42.69	93.43	52.47	56.15	256.27	51.83		47.81		69.01	41.51	94.83	45.57		51.55		60.75	44.23		45.81			40.89	47.61	49.65	54.59	66.69			48.96	51.61					47.31	53.41	51.91	51.95						41.97					64.53			113.85		44.66		47.73	50.49	52.95			52.17	42.67			48.35		58.37								45.41		53.11					54.23		168.27						51.68	49.05			45.49		48.89		157.27	196.81	47.85	51.79		50.92		47.37			42.95			44.13						52.69			43.81
2187213			132.35										49.85	53.25	51.73		48.49		63.51	42.45	40.27	41.95	45.77	45.63	51.05			46.35					39.19	45.45	40.79		59.05	44.03			224.81			42.01	44.19	45.29	48.84						45.57		37.73	41.80333333	42.71	42.95		49.93						85.09	44.81	47.75	50.4						50.89		42.48	43.92333333	46.95	50.51	109.67		49.99						39.58	43.15	48.39	49.07		49.19					37.47		43.57	49.03	49.99	50.93					44.635		43.49666667		51.95	49.66						41.17		68.15	47.09	42.77			46.23							49.37	51.37					41.49			41.97			54.11	51.47	51.25				87.15	41.81	44.8	46.51		51.21					118.85			42.17	47.55		52.55				49.97	49.67	46.57		42.31		45.31						41.15			41.42	47.75				51.77			113.21	40.81	43.27			51.27					43.41			48.27			51.95								45.95	53.99		51.53											51.56	48.97		49.87			46.77			198.49	49.54			49.93		47.93													48.13		40.19
2187214		54.25	77.61	50.91							51.61		48.93	52.11	47.99		49.31		48.23	41.85	40.85		45.91	45.33	54.05								38.71	43.1	41.31	47.53	58.03	44.03	47.47		112.29			42.05	43.2	45.19	47.75						43.13			41.55666667	42.25	43.03		50.13			51.71			61.295	44.82333333	47.99	50.07	49.95					43.23		42.55	44.07	47.9		55.82		49.99						44.04333333	42.95	47.55	49.25							38.25		44.39666667	48.79	49.57	50.03					45.42333333		87.76	49.31	52.25	49.63	48.59		173.25			42.07	39.27		47.29	42.75											47.43					42.79						55.29	65.03	51.89					41.67	44.78	46.11	56.67	51.19					46.33			49.23			52.23	53.97	51.31		51.75			42.65			44.43						43.65				48.26				60.31			118.11	41.09	43.45							44.2	40.17			49.05										43.5		54.97													53.11		70.17	51.61					78.66333333	198.67	51.34			50.85						45.09											
2187215	46.21	50.57	49.98										48.41	51.55	51.73		47.04		49.27	40.69	40.38		44.79	45.53	50.47					62.95	40.47		38.25	42.99	55.865	46.93	53.88333333	46.47	45.39	43.19	45.29			39.45	41.83	44.67		52.09	52.95				43.95		33.33	39.77666667	40.25	43.93		49.37	49.55		49.15			44.27	43.34	46.93666667	49.56333333	51.85	54.01				54.65			66.21	47.22	48.3	52.05		46.51					41.17	37.53	42.13	47.23			48.19					38.39		42.74	46.37666667		49.57					41.09		112.35	48.51	52.55	49.54	48.27		75.15		50.33	41.05	38.91	68.97	46.01	46.35	52.39	70.13						46.01		47.27	50.53					43.89		50.78	42.11		55.25	52.49		51.13		46.73	44.59	45.77	41.31	44.33	48.41	55.15	50.61					46.45			42.36	47.19	49.56	51.9	51.98	50.85		47.07	392.23	45.91		42.45		45.75			54.29			42.78		40.99		47.77							117.55	41.37			47.75	52.01				44.18	44.07	39.89		48.33										45.15		54.63		54.87			54.43						49.11		52.29						48.73		38.31	49.97	52.29			49.87															47.65		45.49
2187216	47.09		78.26333333	50.91										65.17					47.59	41.99	39.65		45.72333333	45.89	50.83					62.95	44.43		38.93	43.27666667	44.65		59.75	48.45	48.99	44.23	46.87			39.51	43.67	44.92	47.91						45.49		34.65	40.89		40.67		49.47	49.87					59.39666667	44.39	47.45	51.3	58.61666667	54.65				53.69		45.69	85.51	46.05		93.03							42.17	40.74	42.81	47.93			48.41					38.39		45.35666667	47.54						41.71	42.12333333		61.67	49.35	51.39	49.91	48.27		75.15		50.33	42.05	38.99		42.89		52.39									49	50.12					117.1566667		50.67	41.65			55.09					45.29		45.37	60.59	48.35	54.45	50.51					44.79			43.03		50.65	49.97	53.09				392.47	46.02				46.01						44.47		40.99	40.27	47.67							116.87	41.85							46.61			40.33												45.87		54.81		54.87			58.53								52.29								51.37		52.79			50.95															48.97		
2187217		49.25	49.57666667										48.17	50.97	50.98				42.46	40.72	39.55		44.34	45.51	49.67					61.59	39.89			41.37	45.83		58.27	44.31	47.17	44.23	46.23			38.73	42.46	44.71	48.75	46.19					45.03		34.27	38.93	40.19	45.14		48.99	49.43					40.05	41.37	46.39	49.25	51.92	48.53		45.65		47.85		38.71	44.36			51.57		46.73					40.07	40.71	40.93	45.87	48.49	44.75	48.27		47.87					42.05666667	45.81		48.53		44.73		47.61	39.21		43.63	48.12	49.31	49.26	47.89		74.03		49.83	40.79	39.87	43.89			51.53	47.91	44.43							47.55	49.51				43.49	44.79		43.59	39.59			53.27		50.03		46.73	44.03		40.75	42.05	47.45		50.33			46.73		46.49		33.89	40.47	46.99	49.97	50.56	53.31				44.55	46.75		42.67		45.51						42.89			42.07	45.35							43.97				45.27											58.21										54.03		53.09	167.79		60.19			135.87					51.67										48.39	50.95		50.31							39.09								47.45		45.21
2187218		50.67	73.35666667								38.69		48.05	50.47	53.43				42.36	40.92	39.24		45.47666667	45.65			46.69			61.59	40.29	41.75		40.45	44.7				47.55	40.77	45.21			39.41	41.46	44.87							44.65		36.21		40.09	42.93		48.59			44.09			38.68		46.37	50.06	52.21	47.71				47.31		38.89	43.69			52.19		45.53					40.85	39.86		46.69	48.81		47.45							41.86	46.98333333	47.67	48.83		45.05		46.17	38.75			46.63	48.88	51.23						41.87	39.78	43.93	45.11		50.49	47.65								47.72	50.53				46.45	44.02	43.13	41.88				51.49	54.47	51.57			44.01		39.29	41.93	47.69		49.47					44.27		39.97	40.07			51.19	53.23				43.71	43.62333333		43.31								53.82			42.05	46.51							43.54							65.41		51.01				45.59			50.63									52.89		52.55			59.65			45.59													42.86		50.31			49.25							40.87					48.51			46.59		45.35
2187219		48.27	49.41								37.55	46.77	48.29	50.93	53.59				43.63	40.47	37.78333333		45.89	45.35	50.39		45.69			61.53	39.69	41.23	38.57	41.27	45.85666667		49.47		47.35		45.01			38.67	40.71	44.53		49.29					44.8		34.85	36.99	40.47	44.61		48.07			47.07			41.18333333		46.57	51.14	51.91	47.53		44.21		42.31		39.05	43.27	48.37		53.63		48.15					40.33	41.67		46.33			46.99							43.00333333	45.65	48.11	52.01		43.31		44.71	38.63		43.72	46.39	48.98	49.78			56.95			40.83	39.4	45.47	44.57	47.51	50.31	47.15				47.35				47.09	50.82				46.66333333	43.82	43.65	41.53				51.35		51.67			44.01		40.19	42.81	47.59	50.05	49.19		45.69	44.95		54.26		37.59	41.15		48.65	51.39		51.37		48.41	43.13	44.93666667			41.77	44.71			49.09		44.63	42.85		39.79	42.05	46.45							43.31	47.05		43.03		51.11				50.73	38.33			45.67			49.83					41.51		39.27		53.87			51.15								48.73		50.95				47.09				42.56		49.45	50.21		49.27							43.01					48.51			46.59	47.91	39.41
2187220		48.01	47.89				49.87				40.49	43.85	47.99	49.35	50.67				41.2	40.03	40.81	40.57	45.88	45.79	47.65		44.67				39.53	41.33	39.4	42.35666667	45.85				47.01		43.83			39.72	35.23	45.34		46.09					44.48		37.01	39.75	40.61	44.53		47.87			46.88			39.195	39.09	46.71	47.75	50.68	46.83				42.63		35.93	42.63	40.59		52.39		41.47					40.31	51.11		46.06333333			46.65	44.73	52.63					44.39	48.53		49.81		45.09		41.71	39.5		43.39	48.35	51.24	50.25	48.31		57.07		46.55	40.63	38.07	45.66		50.99	49.95					46.71		41.69		47.23	50.55				52.04	42.96	43.17	40.45				51.63		49.51			43.67		39.47	43.39		50.03	49.21			45.81	45.59	45.17	41.77	39.1	40.81		48.33					48.11	46.68	45.11666667			37.59	45.45					44.49	39.93	37.79		44.66	46.53							43.56	45.13	44.59						46.67	51.03			41.79	48.23			49.81		56.41		45.23			42.67		53.47			52.32333333				42.67			44.23				47.87			47.29			43.05			47.95			49.49							41.77								47.65	46.85	
2187221		48.01	47.89				49.87				40.49	43.85	47.99	49.35	50.67				41.2	40.03	40.81	40.57	45.88	45.79	47.65		44.67				39.53	41.33	39.4	42.35666667	45.85				47.01		43.83			39.72	35.23	45.34		46.09					44.48		37.01	39.75	40.61	44.53		47.87			46.88			39.195	39.09	46.71	47.75	50.68	46.83				42.63		35.93	42.63	40.59		52.39		41.47					40.31	51.11		46.06333333			46.65	44.73	52.63					44.39	48.53		49.81		45.09		41.71	39.5		43.39	48.35	51.24	50.25	48.31		57.07		46.55	40.63	38.07	45.66		50.99	49.95					46.71		41.69		47.23	50.55				52.04	42.96	43.17	40.45				51.63		49.51			43.67		39.47	43.39		50.03	49.21			45.81	45.59	45.17	41.77	39.1	40.81		48.33					48.11	46.68	45.11666667			37.59	45.45					44.49	39.93	37.79		44.66	46.53							43.56	45.13	44.59						46.67	51.03			41.79	48.23			49.81		56.41		45.23			42.67		53.47			52.32333333				42.67			44.23				47.87			47.29			43.05			47.95			49.49							41.77								47.65	46.85	
2187222		50.34	48.35666667				47.77		37.13		40.17	44.37	46.73	49.52	50.43				40.01	38.96	37.41	41.76333333	44.31	46.33	47.29		41.53				38.59		38.61	41.915	45.36333333				43.19		44.17			36.68	38.12	44.49		45.41				42.67	42.9		37.07	39.07	39.87666667	43.89		47.37			45.49			40.36333333	41.24	44.16333333	48.53	49.15	48.27	41.47			40.33		40.02	42.15	43.76		52.11		41.81				46.47	39.6	41.77		44.57			46.27	43.21	51.73					43.51	41.81		49.8		43.53		39.81	40.09	41.73	42.95	47.81	51.18	49.31	47.53		55.27		46.17	39.59	38.18	45.07	43.97	50.71	46.33			43.55		44.81			40.25	46.49	49.5				44.76333333	41.91666667	40.88	43.94	42.21	46.15	50.73	51.01					42.23		39.25	42.59	46.63	51.67	48.51		42.31	44.35	45.35	45.05		38.99	41.17		49.55	50.23					45.5	44.02			37.49						43.23	40.55	38.19		40.83666667	45.79				44.41			42.98	46.49	41.89	42.25				44.11	45.41	43.75	40.79			48.01		47.11					46.17		41.57	42.53		53.65			49.99		54.19			44.01	42.55				49.55	46.07			44.07			42.51	45.49		48.43666667		50.25	47.77						41.23	42.05		48.05						45.27	45.35	40.67
2187223			50.92				47.83		38.93		41.97	43.37	45.17	49.03	52.69				43.39	36.88	39.89	41.65	45.21	46.22	47.73		43.77				38.77	39.51	38.26333333	39.93	44.88333333				47.33	41.21	42.73		39.19	35.38		43.33		45.63					42.95		35.91	41.05	39.27666667	42.12	45.13	47.61			45.61			38.15666667	38.85	44.03666667	47.65		48.43	45.35	46.65		40.91		40.41	41.53			50.07		43.98					38.99	40.05	36.65	44.05				42.03			40.11			43.55666667	40.83	47.15	48.93		44.45		39.23	41	40.47	44.05	46.93	51.48	48.07	48.35		51.71		46.96	39.39	37	42	43.65	50.77	49.03					55.79		42.25	41.32	45.76					42.92333333	45.83	42.16333333	38.41	39.05			50.87				45.39	42.23	41.07	38.97	42.39	46.01	50.71	48.65			46.51		43.92		31.49	40.48		49.23	49.36					47.73	41.39666667		38.93	37.37	45.67					42.91	50.7			40.01666667					42.39			43.77	45.05	37.71	44.6	44.97			46.97			44.21	42.11		48.29						42.87	45.89	40.07	37.88	42.15		52.67			49.94333333				42.65	217.09	44.87		45.53		49.3	46.79			44.07			41.59	43.15		47.41									41.23	42.05	40.25	47.91						44.45	44.83	39.89
2187224		47.39	51.26				47.51		39.63		39.04	46.53	47.91	50.37	49.55				40.63	39.55	40.01	41.79666667	46.31	46.79	47.99		39.69				38.81		38.03	39.7	45.55666667				45.21		44.65	37.81	38.61	34.71	41.33	44.57		46.11					42.02		35.75	39.73	40.55	43.12	45.31	48.09			44.46			38.54333333	41.53	43.87666667	48.13		42.83	46.29			33.69		41.33	42.15		49.21	50.63		44.38				47.57	38.93	38.76333333		43.67	45.81			39.75			39.63			42.17	42.61	46.91	47.98		43.85		37.77	39.83	41.15	43.53	46.75	50.92	47.69	48.41		48.59		45.1	39.39	38.15	44.85		50.25	47.67			42.95		56.85			41.07	46.99	49.3				43.31666667	42.3	41.60333333	41.89	41.59	45.13		49.21					41.81	40.69		42.9	47.19	50.25	48.19			46.53	45.17	44.43		30.81	40.44		48.19	49.21					46.79	43.59	38.71	39.63	36.83	45.43		49.55			42.57	41.99666667	37.77	40.83	40.07	45.09				44.05			43.85	40.22	40.39	44.48	44.62	49.15		46.23	44.73	43.49	41.77	39.95		48.31		45.35					45.89	40.41	40.91						50.89		53.15		42.69	43.35	43.37			53.59	46.86				46.27	42.23	44.47	39.33	40.55		48.19666667									41.45	41.37	40.36							44.85	44.61	39.37
2187225		46.07					47.15		39.63		39.11	42.57	44.72	49.46	52.57				42.59	40.21	38.36	40.01	44.38	46.81			38.41				38.65	38.51	37.1	39.36	45.39666667				41.83		43.39	38.67	39.21	33.45		42.84		47.26				44.84	42.01		35.97		39.03	41.7	43.11	46.93			41.67			37.08333333	37.11	40.91	45.89		43.35			42.45				41.76		47.69			43.88				43.53	38.14	36.41666667	39.61	47.13	46.97			41.69			38.33	31.47	37.71	41.80333333	38.87	45.57	41.63		41.55		37.23	38.85	38.71		46.51	49.11	50.23			46.61		44.11		35.48	42.41	42.43	48.25	46.65			43.27		42.25		40.55	41.61		48.83					41.73	39.42333333	37.69	41.71			49.21					39.41		37.37	42.01	46.21	51.83	48.69			44.53	44.55	42.65		37.13	40.49		47.59	48.37			50.25	45.33	45.87	41.59666667		38.33		43.89		48.47	45.33		42.63	40.44333333		40.83	36.73					41.45			41.2	45.09	41.27	42.55		49.21		45.49	40.37	42.95	41.43			46.55	49.73		44.57					39.08	41.05		45.89				48.42		49.37		40.37	43.59	43.93			55.41					43.95		43.51	39.27	38.82333333		47.57		47.73							40.57	41.37	40.03							43.13	42.85	38.31
2187226		46.07					47.15		39.63		39.11	42.57	44.72	49.46	52.57				42.59	40.21	38.36	40.01	44.38	46.81			38.41				38.65	38.51	37.1	39.36	45.39666667				41.83		43.39	38.67	39.21	33.45		42.84		47.26				44.84	42.01		35.97		39.03	41.7	43.11	46.93			41.67			37.08333333	37.11	40.91	45.89		43.35			42.45				41.76		47.69			43.88				43.53	38.14	36.41666667	39.61	47.13	46.97			41.69			38.33	31.47	37.71	41.80333333	38.87	45.57	41.63		41.55		37.23	38.85	38.71		46.51	49.11	50.23			46.61		44.11		35.48	42.41	42.43	48.25	46.65			43.27		42.25		40.55	41.61		48.83					41.73	39.42333333	37.69	41.71			49.21					39.41		37.37	42.01	46.21	51.83	48.69			44.53	44.55	42.65		37.13	40.49		47.59	48.37			50.25	45.33	45.87	41.59666667		38.33		43.89		48.47	45.33		42.63	40.44333333		40.83	36.73					41.45			41.2	45.09	41.27	42.55		49.21		45.49	40.37	42.95	41.43			46.55	49.73		44.57					39.08	41.05		45.89				48.42		49.37		40.37	43.59	43.93			55.41					43.95		43.51	39.27	38.82333333		47.57		47.73							40.57	41.37	40.03							43.13	42.85	38.31
2187227		45.42		48.97							40.91		46.87	52.38	49.00333333				43.11	40.63	38.35	41.58333333	44.08	44.38	46.13						38.83	39.89	38.67	38.51	44.41				47.53	43.55		38.49	39.43	36.62	43.57	43.61	46.03	45.29				169.13	42.34		36.39	36.87	40.11	42.22	42.71	47.53			41.75			38.15	37.92333333	44.67	47.78	48.51	40.63				39.65			41.04	43.7	49.67			44.35					38.85	38.11	39.37	45.91666667	45.45						38.45	32.15		42.57666667	42.91		41.63		43.71		37.25	39.8	38.27	39.95	46.16	49.87	49.4			159.09		40.69		35.83	42.7	40.97	50.29	46.65			42.91		42.21		42.48	40.74	45.81	46.26				40.55	40.61	40.47666667	38.69	40.65			49.63		32.81			41.67		35.69	40.5	61.75	50.09	48.66			44.45		43.89	39.89		38.94		46.43	47.37				46.05	47.31	42.46	40.06	38.95		43.95		48.99				41.23			38.08	45.54							41.1	42.12		41.81	42.53		50.47	200.01		41.89	39.47			45.05			43.85			40.99		40.06	36.33	41.05	46.14	51.51			48.99				40.37	135.71	43.99	40.77		55.59	47.01				44.13		46.29	39.79	39.97		47.48		48.81								39.63	40.03								45.09	39.49
2187228		46.33											47.07	51.87666667	49.42				41.21	40.41	39.87	41.57666667	44.48								38.03	39.05	38.92333333	40.27	45.01666667							43.09	39.49	39.24	47.59	42.13		49.93				52.99	37.85	41.69	33.07	39.21	39.57666667	42.2	42.15	45.55			45.17			39.62	35.33	43.77		51.73				45.51	34.43			41.64	42.43	49.91			47.09				40.03	39.03	38.96	39.15	47.21							40.33			42.98333333	43.27	45.89	46.73				45.65	39.97			45.86	46.67	49.35	48.41				44.62		37.44	39.98	45.43	51.47	49.89					44.39		43.35	43.41	48.01	44.35				41.01	38.05	39.705	37.29				48.81					41.67		38.15		48.91	58.71	49.1			46.07			38.69		39.75			49.53				46.95		39.47		39.07				48.93			44.07	41.01	38.85		37.61	45.95							200.25	41.05			44.5						40.05	36.85		44.95								40.33	40.59	41.05	46.75				51.73						48.65								45.97		46.15	42.77	42.55		48.57										39.56									45.55	39.49
2187229		43.16	41.91								38.99	42.19	44.03	45.86	46.83				38.54	35.38	36.76	40.14333333	41.76	44.68	47.09						36.33		37.28	38.605	42.68333333							41.14	36.97	34.25	41.13	42.75								39.87	33.89	36.09	38.93	42.4		47.71			41.15			35.89666667	34.72	43.11		49.31	41.03							44.11	42.6									35.85	36.055		44.76333333			42.75				38.59			39.32	41.98	45.11	48.67		42.97		36.18	37.51		38.76		46.13				43.93		43.35		34.47	40.43	41.71	48.89	46.91					39.77		43.35	38.75	44.41	44.79					37.29	38.83666667	35.55	38.76333333	42.59	44.25	46.65		38.45			37.99		37.41	40.63	44.33666667	57.13	48.69			43.21		40.93	39.77		38.31			46.45				41.83	38.53		38.21	38.51							40.43	39.47	36.47	35.19	35.4	42.48							39.77	39.19	38.97	41.85	43.37666667		50.03	43.23			37.13		37.93	42.71								37.39		38.15		51.33							37.99	41.45			43.91						40.77	41.15	42.2		41.11	43.35	45.44									38.49	40.55		41.99								38.17
2187230		43.88										42.19	47.69	48.68333333	51.76				38.31	37.99		41.05	42.68	46.95							39.13	38.85	36.68	39.365	42.29							41.36	37.67	42.87	44.96	43.22		50.35						40.47	31.97	38.47	39.53	41.89		47.69			41.15			37.45	34.90333333	42.24		49.33	42.89	44.09		49.67	38.89			41.89	43.58	48.63							39.97		36.39666667	39.15	45.33			44.89				39.11			41.55	43.59	46.35	47.62		42.11	38.73	38.67			40.23						48.77		45.31		35.09	40.36	42.27	49.63	46.91					40.59		44.39	42.43	46.45	44.79					39.87	41.09666667	37.24			45.61			33.07			40.19		38.15		44.67666667	58.71	48.77			45.15	41.65	41.36	38.69	37.49	38.93			47.51					40.21	42.03	39.39	38.17				49.03			43.71	39.47	36.47	39.23	37.11	44.99							39.09	39.19		43.29	42.39		50.49	44.81			39	38.95		43.13								39.68				50.69								136.75	43.33		44.33						43.35		45.26		42.75	44.05									40.67		39.69		43.09							44.93	40.34
2187231		41.31	45.17	43.89							35.39	38.45	45.39	45.07666667	44.79				34.65	33.88	35.75	38.88	41.39	44.97							32.89	36.63	36.08	39.73	42.51			43.05				33.37	36.69	34.05	41.42333333	42.77		48.89		41.85						34.63	38.31	40.27		45.91						34.89	34.28	42.55		47.97	41.39							40.36	42.08333333	48.59			41.23						35.55666667	36.53	43.05666667	43.89		41.35		42.37					38.37	41.29		45.21				38.13	35.70333333		38.68	44.85					45.35		42.81		34.68	39.19	41.73	46.05	44.71	41.39				40.21		38.91		42.47	43.49				41.57	36.21	39.4	34.1	39.09			45.35		38.79			36.01	36.43	36.21	41.53	42.58333333	50.09				42.35	41.39	37.31	37.53	36.59	39.31			46.89					39.35	38.61	39.13	37.53								39.21	35.67		32.98	42.97							39.07		36.47	42.5	43.03666667		50.03	44.61			37.5	36.09	37.85									37.13666667		36.99	45.31	51.11							37.13	40.45	41.59		42.58						41.63		43.17		37.11	42.41	44.09										36.17		44.36							37.93	39.41
2187232											41.09	36.97	42.87		47.75				37.57	33.97	40.13	39.47	42.64333333	44.28	45.47						31.49	38.17	37.63	39.135	41.64333333			45.63				40.07	39.01	38.77	40.345	44.43	47.75	49.25		40.93		39.77	38.07		35.15	35.64	38.44333333	40.55	43.53	46.29						34.37	37.13	42.55		51.79	41.23							42.51	41.78	47.11			44.37					36.77	37.44333333	39.61	44.69			41.31							39.93	43.02					38.19	37.79	40.4		39.43666667	45.03					43.25		47.77		35.57	41.75	41.63	46.99666667	45.05						35.49	42.25	39.21	43.31	44.59				41.05	36.21	38.73666667	36.3	39.77		49.03	45.75					39.87	35.89	35.87	39.945	42.94333333	51.63	48.59				41.21	38.97	36.93	38.71	40.9		48.03	47.29					39.97	39.91	39.64	37.75	37.79	42.73						36.97			36.62	41.77								39.35	35.43	40.44333333	43.65666667		53.01	41.65			37.39	33.47	36.87	43.89						42.41		37.59666667		38.45	45.13	51.13							41.89			39.33	43.89	47.59					42.11		47.75		36.99	42.85	43.11								39.63	40.97	36.47		43.6							40.77	38.35
2187233		45.33	47.33						50.23		37.43	38.69	45.69	45.68	47.56				37.39	34.62		39.31	42.75	46.02333333	46.71			43.57			32.35	36.56	37.28	40.29	43.06		47.21	43.59				40.93	37.85	36.09	42.73666667	44.04	48.79			45.73		40.29	39.19		34.71	36.4	38.53666667	42.29		46.07						34.75	33.51	44.85	44.81		43.11							41.31	42.50333333	48.91	53.03							37.55	35.43		43.04	43.89									39.53	44.01				42.43		37.77	38.13	37.83	40.29	45.67					44.55		45.87		36.5	41.46	42.19	46.46	45.05							38.53	39.29	44.49					41.24	36.21	39.43	36.27	39.87666667	43.93							38.27		36.4	41.23	43.785	52.75	48.08				59.85	38.45666667	37.21	38.7	39.395		48.57	47.53					39.43	41.35	39	36.65	36.27	42.77						36.33		37.57	38.34333333	43.05							38.45	42.03		40.91666667	43.23666667	46.45	51.39	43.89	44.85		37.39		39.61	44.97						44.51		39.32		36.63	45.65	49.13							41.77	133.63		41.23	43.46	47.89					45.15				37.45	44.77	42.75	47.67								42.47	39.85	38.25	45.07							44.09	34.61
2188699		49.55	45.9								38.09			46.11		40.29		41.55	36.29	36.73	37.40333333	41.2	43.11							41.87		38.09	38.11	42.8	43.09	50.93	54.39	46.03		46.41	41.65			40.15	40.23	44.07	47.01									37.55	41.47666667	46.43	47.21					39.27		39.5	40.03		47.94									39.59	45.1						47.95			35.31	35.43	40.67	46.41				45.22				41.07	39.75	46.61	46.56				47.09		38.67	37.21	39.75666667	41.69666667		50.38	49.63							32.81	41.19		47.69	47.55					43.41			39.35		45.35				42.54			40.63	44.61	47.09	47.31					50.49			38.36	42.41		52.17	52.61					42.05	42.11		39.91	49.33	64.11	48.73								40.3		46.08						40.25			39.83	44.87	49.45						42.31						51.51			41.55	38.23	39.59										41.91	35.19		50.19														56.99								44.89		46.81	52.49														83.25					
2188700		49.55	45.9								38.09			46.11		40.29		41.55	36.29	36.73	37.40333333	41.2	43.11							41.87		38.09	38.11	42.8	43.09	50.93	54.39	46.03		46.41	41.65			40.15	40.23	44.07	47.01									37.55	41.47666667	46.43	47.21					39.27		39.5	40.03		47.94									39.59	45.1						47.95			35.31	35.43	40.67	46.41				45.22				41.07	39.75	46.61	46.56				47.09		38.67	37.21	39.75666667	41.69666667		50.38	49.63							32.81	41.19		47.69	47.55					43.41			39.35		45.35				42.54			40.63	44.61	47.09	47.31					50.49			38.36	42.41		52.17	52.61					42.05	42.11		39.91	49.33	64.11	48.73								40.3		46.08						40.25			39.83	44.87	49.45						42.31						51.51			41.55	38.23	39.59										41.91	35.19		50.19														56.99								44.89		46.81	52.49														83.25					
2188701		47.1	49.97									44.63		47.29			43.87	42.39	36.19	41.25	38.69	39.23	43.77							47.61		39.31	36.57	42.21666667	43.67	52.57		49.29		45.41	98.83				37.93	43.48	45.49					49.47				37.63	40.03	46.87	46.67	47.33				39.27		38.6	41.53		45.41									40.91		50.41	49.15				47.79				36.43	37.99	48.41				44.28				43.64	43.13	44.07	47.03666667	51.59			47.09		39.71	38.53	41.32	41.43	48.33		49.07								40.21		47.83	48.31									44.73					69.69				44.35	45.97	47.79				47.19	47.11			38.39	42.46333333		53.13	50.15					44.47	41.45		40.73	50.63								43.68		36.97		45.18	48.39					39.01			43.79	46.39	47.77						46.67				50.85		55.25			44.85		40.23										43.55	29.11		49.33																						46.05			52.51																			
2188702		49.34	48.33									42.99		49.37			41.59	39.81		41.15	38.87	39.38	44.85							40.69		36.83	37.03	41.28333333	46.9	50.09		44.31			39.97				45.91	44.79	45.79					44.23					40.09	46.31	47.01							37.99	40.29		48.71								40.11	41.11			50.37				48.41			38.65		37.05	47.19				44.47				42.4	38.49	44.41	46.865	48.45			45.73		39.47	38.55	40.81	42.70333333	50.65		48.41								41.11			48.05					53.51			41.51						42.31	41.25			43.11	46.60333333					43.21	47.11			39.36	42.9		51.51						42.93	40.39		40.91	43.21								36.51		38.27		46.23	50.49					39.01			38.13	48.41	47.63						45.01						49.53			43.21		39.35									41.93		39.13		49.33			51.53				45.81		44.47					56.33	49.57						39.39	44.51			50.31									38.97	39.67	44.45								
2188703		48.76	48.47									44.37		49.95			43.45			42.25	38.18	41.45	44.87	47.17						45.15		38.47	38.04	42.86	45.1	51.09		45.75							46.99	44.63	45.79					45.35				37.49	40.79	47.69	46.73					39.95		38.95	41.97				43.97							38.81												37.97	46.61				47.65				39.91	38.91	45.53	48.27				45.69		43.31	39.15		43.01666667	48.17		50.51											49.28					44.45			43.51								43.17		46.91	46.31		46.75	52.03		46.97				40.06	42.8		52.15	49.13					47.35	40.39		41.65	43.53		50.79										46.76	47.55					39.69				46.83	49.33										44.31		53.67			45.36											41.93					55.35		52.03						43.19		45.25			56.33								42.77			52.05							55.57			42.23									
2188704		50.93		53.43								46.07		48.89			45.63			42.25	38.18		45.61							44.59		39.51	38.45	43.47	46.51	50.47		46.45						40.81		45.63	44.75									38.03	42.74	47.53	46.59							38.83	40.05				45.29										50.17																		39.55	41.13	45.05	49.26333333				47.21			40.26		42.08333333	48.17		49.91										46.95	46.03					44.45			43.45						46.97		38.73			49.21		53.07	48.13		46.17				40.18	45.13	48.15	51.43	48.79					46.63			41.75								46.45	45.59				46.21						40.65				48.59	47.39			54.13				40.87								47.21				27.05							43.81				51.09	55.35								43.79					55.02								42.77			53.31							44.67		42.13	42.23									
2188705		49.48		50.11										48.03			42.63			41.37	39.49		43.87							45.15		38.37	38.32	42.47	45	50.22		46.45						40.81	45.97	44.23	47.05					44.51				37.62	41.51666667	47.55	45.01							38.38	42.11				43.81							38.67			50.09									36.65	49.79								39.55		46.61	48.12333333				45.71			38.59		42.72333333	49.46		50.13											47.04					37.71			43.37						42.02		42.55			49.21		49.03	52.03		48.73				39.88	43.83	49.57	54.95	50.47					46.93			41.27								43.83					46.09	54.07					40.65				48.45	47.69							39.65			46.09		52.57			43.51		40.85									40.83							52.37	52.53										54.4								44.57										56.43			42.23									
2188706		51.32		47.29								45.69		47.69			45.39		39.27		40.43		44.89					41.89		44.25		39.43	38.93		46.36			47.59			59.69			41.95		44.05	50.71					47.87				36.82	42.71	47.65	46.19							39.9	43.73													51.09	49.47							38.65		39.57	48.17								39.55	41.85	46.53	47.39				45.87			38.05		43.175	50.6		49.57							39.53	42.65			50.03							42.97	42.83	55.51					42.89				42.17	49.21		51.99	51.37		49.15				40.82	43.45			53.01				45.91				42.77								42.43					49.19	54.65					40.57				45.91				54.15							48.77		53.53		47.61	45.27	42.57										45.71				51.33				52.39					43.59					53.19																		57.45			42.69									
2188707		53.71		51.31								45.69	49.25	50.31			46.81		39.65		41.82		88.66	49.57						44.83		40.45	38.83		46.37	50.51	54.03	50.21			107.79			42.33	40.69	45.25	46.01						42.25			40.76	43.85	47.49	44.83							40.1	41.81		51.11									42.23	48.41																				39.63	42.19	100.09	48.4						71.51	39.46		43.55666667	49.06		49.17								66.91			48.77					58.01		42.09	43.27	109.11									40.89			51.47	53.45		49.15			41.69	39.85	44.41			53.21				44.55	41.61											48.03					47.81					46.73	40.57																	53.91		45.95		43.53										44.33		36.81		51.45									43.59					53.65								44.93			51.85										42.43								46.57	
2188708		53.71		52.69							41.59		49.29	49.41			44.33		38.63		42.85		46.25							45.03		40.39	37.83		46.47		91.35	50.21			59.77			39.73		45.15	46.43						44.02	40.82		40.29	44.39	46.93	45.35							40.18	40.81											41.25	45.51									41.57		41.67									39.09		65.81	47.13				44.51					42.79666667	49.23		50.91								66.69			47.53							41.15		48.25						41.75							54.97		50.89				39.84	47.01							44.65				39.63	51.75							45.71		40.95				52.92					41.07	42.19	50.29															51.87		45.53		43.97									45.43	43.05		43.97		51.41														54.43								44.75			52.15										42.09									
2188709		53.71		52.69							41.59		49.29	49.41			44.33		38.63		42.85		46.25							45.03		40.39	37.83		46.47		91.35	50.21			59.77			39.73		45.15	46.43						44.02	40.82		40.29	44.39	46.93	45.35							40.18	40.81											41.25	45.51									41.57		41.67									39.09		65.81	47.13				44.51					42.79666667	49.23		50.91								66.69			47.53							41.15		48.25						41.75							54.97		50.89				39.84	47.01							44.65				39.63	51.75							45.71		40.95				52.92					41.07	42.19	50.29															51.87		45.53		43.97									45.43	43.05		43.97		51.41														54.43								44.75			52.15										42.09									
2188710		47.23	49.77	51.99							41.57		52.93				45.11		37.49		42.03	40.35	43.95							45.03	39.99	38.73	35.92				53.45	44.51			43.47			40.89	41.29	44.25								40.33		40.04	41.57	47.15	44.75							39.02	41.67														40.05				48.03					41.25									38.87		45.79	44.89				46.55		40.75	39.56	40.81	41.06333333	49.15	46.81	52.29								42.51		48.85	45.62									47.45						40.55	43.99			47.83		54.53	53.43						40.16	43.27	48.61	50.05					44.93	45.2			42.69								46.67			41.33			52.82				62.97	40.83		46.07		54.33		50.31						33.69					52.01			46.11	42.77										43.05		38.13																								45.61		54.71								43.33			41.29									41.37
2188711		40.71	49.87	49.21							45.17		50.49				46.49		38.69		41.71	38.43	45.06							45.39		39.43	38.05	42.81	44.01	49.61	53.21	47.65			44.49	43.19		41.23	42.69	43.97	45.23						45.99	40.65		38.77	41.8		43.75							38.93			49.87								36.33	37.99							48.03					40.65	42.65								38.94		47.69	44.39						41.51	40.74		41.28		47.87	52.13								57.39		49.89	43.95	52.21							42.57	48.71						40.49					123.87				50.65				40.07	42.51	47.91	50.63			43.95		46.63	45.17			42.69			51.35					45.67			41.59			49.48				61.53	41.09				52.17													53.15			45.44	42.77									44.43	44.05		39.59		49.69			50.59				52.33		45.57					51.71							41.21	45.45		54.71			51.57					45.39			42.51							46.61		
2188712			54.37	49.21							36.67	43.05	47.93	48.83			45.15				41.15	43.01	44.9								43.69	39.77	38.81		43.81	49.59		48.35		46.35	42.39	42.43	35.91	42.35	42.41									40.81		34.11	41.49	46.33					46.11			37.84			48.75								40.23	40.95	43.21											37.21	45.65								39.1		44.21	42.74		47.13		46.03		40.13	37.36	42.33	41.23		47.49									68.47			45.37	51.07				56.93			42.79	50.17						41.69			41.07	50.75					50.65				39.85	46.49		51.81	52.23				46.33	44.33666667			41.39								44.33			41.71		46.37	49.15666667		57.99		62.67					49.29							43.99						53.93			44.67	42.89									44.43	44.25				49.95			51.73											51.59							43.45	45.25		57.33			50.97								42.39	46.89								
2188713			52.59	51.49							37.35		48.83				45.61		38.59		42.21	37.35	46.25							44.53	40.57	39.57	38.89		45.15	52.45		49.13		47.25	66.17	42.43	35.31	41.73	42.73									40.85		36.79	41.39	47.01	43.93				44.09			38.93			45.69								38.25	39.91	47.11						48.39				38.45	39.85	47.85								38.36		39.39	46.73		48.41		47.09		113.51	40.65	41.89	42.39	49.17											52.63			51.63				43.71				46.77															50.77			39.41	40.34	41.53	50.35	52.63	54.13					45.7			41.63								45.69			41.7			52.47				43.89					45.99		52.67									50.89		50.69				43.71										44.99		29.69		50.41														53.15							43.61			54.69			52.75								42.51	46.87								
2188714			52.59	51.49							37.35		48.83				45.61		38.59		42.21	37.35	46.25							44.53	40.57	39.57	38.89		45.15	52.45		49.13		47.25	66.17	42.43	35.31	41.73	42.73									40.85		36.79	41.39	47.01	43.93				44.09			38.93			45.69								38.25	39.91	47.11						48.39				38.45	39.85	47.85								38.36		39.39	46.73		48.41		47.09		113.51	40.65	41.89	42.39	49.17											52.63			51.63				43.71				46.77															50.77			39.41	40.34	41.53	50.35	52.63	54.13					45.7			41.63								45.69			41.7			52.47				43.89					45.99		52.67									50.89		50.69				43.71										44.99		29.69		50.41														53.15							43.61			54.69			52.75								42.51	46.87								
2188715			50.67	53.55													47.69		38.27		42.89	40.07	43.78								40.57	38.99	39.67		46.48	49.63		45.39		47.25	66.89	40.93	35.11	42.27	41.97									41.23		41.61	42	48.13	45.67	50.23			42.91		37.71	37.77	41.71		53.43								38.25	41.39	45.03									40.87		41.25	45.91								37.17			46.91				45.37		40.01	39.71	38.47	42.775		46.19	47.57										48.43										47.78					43.87	75.75					110.71								39.9	46.89	49.71	48.25	50.61					47.38			41.43								58.39			38.39			52.25									44.95		52.67						42.99					53.85			43.75	40.71											48.77			51.67				51.49										54.03										52.67			53.21							40.11	42.51									
2188716			50.35	53.17							38.51		50.21		53.93		48.59				40.82		44.03								44.33	42.35	36.61		43.61			49.35			66.55	39.35	37.11	43.41	42.55									40.61		39.76	42.77			50.19						37.77	42.39										40.29	42.17	43.49									48.23		40.77	42.5			49.09					38.92			48.87	51.89			47.93		40.83	39.94		43.47666667	49.59		48.97									53.75	49.79										48.77					44.37						167.17								40.94			53.29	55.51					46.19666667			42.35								46.71															45.31										63.55			56.47				43.89				66.57										51.53	54.05			53.63								49.85									44.15	42.99					51.33								43.01	52.49								
2188717			46.17	48.35									48.77		54.47		48.47		38.33		43.13		43.62								36.97	40.79	37.62	42.31	46.08	51.35		45.69		44.05	241.49	46.25		43.41	41.14									36.79		38.31	40.35		42.21	51.87						35.25									47.63			40.85	45.37		47.19								38.99	41.75	47.19			48.07					38.59			46.41	50.07			45.83		39.57	35.84	38.01	42.27			48.37								41.63	52.39							47.99				48.85	46.81				43.09	41.53					49.29	53.41			49.19				39.37	47.71	47.21	52.19	51.89		47.93			44.52333333			40.89		45.79			50.73			44.99			41.21		48.12	52.91				46.47					45.05		49.29								42.17			55.45			42.46	41.6															48.93			50.97								51.29									44.31	42.79		51.29			50.01								40.39									
2188718			46.17	48.35									48.77		54.47		48.47		38.33		43.13		43.62								36.97	40.79	37.62	42.31	46.08	51.35		45.69		44.05	241.49	46.25		43.41	41.14									36.79		38.31	40.35		42.21	51.87						35.25									47.63			40.85	45.37		47.19								38.99	41.75	47.19			48.07					38.59			46.41	50.07			45.83		39.57	35.84	38.01	42.27			48.37								41.63	52.39							47.99				48.85	46.81				43.09	41.53					49.29	53.41			49.19				39.37	47.71	47.21	52.19	51.89		47.93			44.52333333			40.89		45.79			50.73			44.99			41.21		48.12	52.91				46.47					45.05		49.29								42.17			55.45			42.46	41.6															48.93			50.97								51.29									44.31	42.79		51.29			50.01								40.39									
2188719			48.81	50.11									48.77			47.05	44.81				40.58		45.62									37.67	36.23	42.67	42.63	48.71		46.69		45.31	43.35	42.31		41.97	40.49	43.27								35.73		37.98333333	41.84			50.39						35.63			45.47						43.97		39.63	40.63	45.37	43.09							37.95		35.39	38.59				42.69					38.79			45.53				44.41		37.01			40.84333333		50.03										46.45							47.99														48.91	48.82	51.55			46.01			39.99	38.68	44.11	46.03	46.95			44.87						41.83			50.47		49.05			41.59			37.91		45.85	49.38				43.55		43.27					48.45											53.71			41.26	40.56				64.59									39.43		48.93											46.47									39.31	42.79					50.01								40.39	44.81						40.27		
2188720				45.97									43.19				45.09		41.96		41.67	43.21	44.11									38.89	35.81666667	41.09	44.54	49.31		47.15		42.71	41.23	42.91		41.25	41.52											38.21	41.37		42.23	48.43						34.79			45.48						41.91		39.05	41.45	43.95	43.09							39.71		41.31	37.07			42.43	44.25					37.51			47.39				45.73		35.99	38.53		40.77666667		44.75	47.83									50.03				43.97							47.11								35.61		48.27666667	51.89	46.47			48.71			39.09	38.54		47.93	47.45	53.67		45.75			45.42			42.56	49.99		48.47		49.63			42.39	42.49				45.81	50.54				44.35		45.31					48.67								46.59	47.25					44.05	41.37				47.79			53.67							45.87	46.95								42.63			48.65		48.27						44.37	39.95	41.44					50.01					42.11			40.07	109.25								
2188721				51.31									49.51				51.03		41.07		42.89	44.37	48.11								51.53	41.73	37.71666667	42.43	44.75			48.33		44.75	43.47	46.09	42.23	41.25	43.04	44.11										38.11	42.955			49.55						36.17			48.1								41.07	42.91	42.81		45.57						39.73		42.81		44.59		44.15		45.95				38.73							46.67		38.87	39.29		41.72333333		50.89										50.03				47.17													42.51		36.37		45.41	54.93		48.07		48.71			41.31	39.91		48.46	45.99	52.59					47.54			42.76			52.3					43.95			39.73			51.31				45.93		48.65	41.87				53.69															42.4				49.37			56.69					34.89	49.1		51.29								43.31			51.03			55.85					47.19	42.89	43.54	45.55				51.45								43.15	94.21								
2188722		41.07													50.95		51.49		42.49		43.87	46.07	47.63									42.25	38.61	41.73	43.33	50.55		48.33		45.05	49.79	42.26	44.47	44.75	44.21									44.13		37.56	43.98			50.97						37.37			62.29								41.27	43.55	42.79								42.05		38.55	41.71			47.11						39.29			85.71				45.19		42.07	41.65		43.67	47.53	47.39											51.17																43.99		39.39			55.61	55.25							39.87		50.59	52.15	50.38					56.97			43.13			58.29					47.09						53.91				47.47			41.87						53.21													45.11														48.39	53.25								47.05			52.95			57.37								46.87				52.85								43.15									
2188723		41.07													50.95		51.49		42.49		43.87	46.07	47.63									42.25	38.61	41.73	43.33	50.55		48.33		45.05	49.79	42.26	44.47	44.75	44.21									44.13		37.56	43.98			50.97						37.37			62.29								41.27	43.55	42.79								42.05		38.55	41.71			47.11						39.29			85.71				45.19		42.07	41.65		43.67	47.53	47.39											51.17																43.99		39.39			55.61	55.25							39.87		50.59	52.15	50.38					56.97			43.13			58.29					47.09						53.91				47.47			41.87						53.21													45.11														48.39	53.25								47.05			52.95			57.37								46.87				52.85								43.15									
2188724		50.15		52.43											46.27		52.17				44.25	43.95	65.47									42.85	38.87		42.86	50.15		48.91			66.59	44.53	40.91		42.18									44.35		40.21	43.17	48.87		48.93						37.47			52.81								40.83	41.73	45.69								41.25						48.39						39.39			84.77	51.51			45.07		41.19			43.53		54.27	53.33																									181.13						55.91							42.03	41.41	42.19	49.85	49.17	57.46					82.91			43.35					50.93			45.75	90.83		41.67		137.77	49.57																									45.49	45.13												35.37		51.33	53.63								44.81						57.19					48.17	45.53		47.23				52.55								44.21									
2188725		46.67		49.23							45.75			46.69			48.65				41.05	42.89	46.23									41.53		43.41	42.18			48.55			46.83	49.29			41.19	43.83								42.05		39.31	41.81666667	47.39		49.27						37.77			48.28							40.11	40.23	38.21									39.83		37.87			48.81	43.47	44.87					39.39			85.01				45.03		40.37	48.29		41.99		47.59	50.19666667								41.07		46.45									44.25							43.09					54.97	49.43			47.99			41.11	40.49		48.19	45.67	50.87			42.43					43.27	49.43		49.77		50.25			44.89			42.55		51.05	49.13						45.41		34.59					50.63												44.91	43.63	37.29					52.31						37.69		50.41	55.69													53.57	54.23						43.71	42.65	45.55				51.77								42.19	44.14								
2188726		48.83		49.23												48.95	50.35			36.79	41.39		46.31		46.91							41.57	35.57		41.40333333			49.27			44.55				44.11			51.75						42.63		40.38	41.27	45.71		49.87						37.77							45.73		45.13	40.07	40.29	41.13	42.61	45.11									38.17			54.49							38.59			71.23	48.07			45.51		41.23	45.47		41.19		49.73	48.97											50.19								44.41						39.37	40.83				48.92333333	55.43	50.89			47.99			41.11	40.93	41.91	48.93	46.79	50.13			44.75					41.79								44.83			41.71			50.99						46.01		41.61		50.16			51.65							47.41						39.53	36.67										50.17			50.11	54.77													51.91	54.49						44.67	42.55					52.77								41.91									
2188727		49.05	43.51	48.21							45.83				49.99	48.63	50.67			42.05			44.95		45.13							38.59			41.55		50.61	40.15			45.07				43.57											37.71	41.12	45.65		47.15						37.19	45.45	45.59	44.65				44.01			44.39			41.41	45.97									36.67			52.45	40.97		45.89		47.63						47.21	45.25		44.43		40.35			39.29	44.81	50.21	46.11									42.77		42.45								44.93						42.07					46.26	51.29	53.61			48.03			39.81	39.57	42.73	47.13	44.93	51.42			41.01		44.95			39.59					48.67			44.25					47.29	51.05										46.23			48.73				39.93								41.79	38.63	36.81					52.89					37.09	36.45			53.15							48.27						47.73	52.13							40.23					48.13								39.87	102.26								
2188728		49.05	43.51	48.21							45.83				49.99	48.63	50.67			42.05			44.95		45.13							38.59			41.55		50.61	40.15			45.07				43.57											37.71	41.12	45.65		47.15						37.19	45.45	45.59	44.65				44.01			44.39			41.41	45.97									36.67			52.45	40.97		45.89		47.63						47.21	45.25		44.43		40.35			39.29	44.81	50.21	46.11									42.77		42.45								44.93						42.07					46.26	51.29	53.61			48.03			39.81	39.57	42.73	47.13	44.93	51.42			41.01		44.95			39.59					48.67			44.25					47.29	51.05										46.23			48.73				39.93								41.79	38.63	36.81					52.89					37.09	36.45			53.15							48.27						47.73	52.13							40.23					48.13								39.87	102.26								
2188729		50.95	48.39	38.21						52.53	41.49						48.71			39.15		38.39	46.31		42.47			41.61				39.57	34.69	40.77	44.4		46.11	37.05			44.69				41.75											38.33	43.15	45.61		50.11							40.87						44.01					40.55	48.41	43.55									34.65		44.99	54.11	45.41	46.95	43.85						43.59	42.71	44.83	42.45		41.91		38.55	42.13		41.73	46.39		47.43	51.95								43.93		44.43								43.04		51.67							40.85		46.67	49.24	48.53				42.13		40.65	39.51	38.93		44.86	51.3								40.33					46.65			46.35			43.43			48.53								39.91	42.77	46.23			36.63				40.05		43.75						41.79	39.39	36.59					46.55					44.91	37.57			50.18							49.87						49.52	52.85						40.61	39.59					47.21					41.29			42.03	42.39						47.13		
2188730		55.19	50.21								46.61			53.93	53.07		52.63						47.17		44.95							42.05	37.72	45.2	46.05	48.53	58.27	39.83	51.11		58.87				46.45	46.13						47.01				39.63666667	43.09			51.33																		42.65	47.93	45.55									61.42		45.39	61.27	45.41				48.39				46.67					46.59			42.89		43.04			47.73	54.67								49.01	46.83	49.83																		41.89	47.45	84	55.09				42.13			39.85	41.99		49.08	47.91			42.27					42.15								217.33					46.71	52.79										49.6			44.31				38.03													50.23	48.75	51.71					44.89			49.79	55.27							49.87			39.67			51.99								42.43					52.54								41.01							47.75		
2188731		53.13	50.21											44.27	52.31		51.95					39.19	47.17		48.59			47.51				42.13	37.79	44.91	44.55	50.57			51.13	44.59	46.51					44.37		50.9				47.01				39.45666667	42.64			49.89	54.07					38.11		48.19			52.85				43.19				45.75666667										37.82		44.89		46.27								46.13	46.21				45.59		41.53	48.57		41.07				54.81								49.01		51.95															44.31		40.13		49.21	54.83	52.51							40.63	41.61		48.47	52.3								41.47			49.81					48.01			41.65		46.5	54.63										49.62							37.97					50.67			44.45													35.99	40.37	51.43											44.01			51.03								41.59					53.59								39.25							45.95	45.69	
2188732		53.13	50.77								47.81				52.31		51.05						47.99		49.73							41.89	37.85	46.83	44.39				51.05	44.29					46.75	44.33		52.93				47.01				39.87	43.05			50.33	54.07					38.11									43.03			43.13	46.56										38.17		54.67		46.27						37.47		45.77	44.13		46.13		44.69		41.53	48.55		41.08										41.73	87.83	50.91		51.81																	40.77	41.61	48.07	53.95	58.45							40.35	43.29		48.47	51.99								41.47					49.87			49.03	45.05		41.65		46.63											49.37666667							37.97			43.65		49.43			45.79						47.25	51.61							39.77	50.71	54.21										42.39	46.75		51.8								41.59					48.48					43.11			39.25							45.47	45.41	
2188733		58.25	48.41												52.99		51.85		41.61			42.45	46.6		50.18							42.01	37.35	41.87	44.55				49.21	43.81	47.87				46.71	44.33										39.25		47.49		49.45	53.15			40.87		37.23		47.75			52.61				42.49				44.82333333										39.29		45.67	57.41	46.11						37.47		45.87							40.47	46.83	41.49	40.65										38.97	47.79	47.57		51.09								42.21						44.77			38.59	41.61	47.95		55.15							38.05	43.14		49.84	53.79								42.75											42.97													48.68										43.65		49.87			43.79	41.61				49.03		52.95						35.99													42.37			51.99								42.77			49.21		51.89					43.13			39.25							48.51		
2188734		53.13	44.59												51.77666667		49.87			41.47		39.91	45.96		51.51							38.07	36.15	45.19	43.03	48.77			45.21	43.65	45.69				43.71					46.51						39.21	41.45	45.31	42.67	50.35	50.87			40.15		35.69	41.61	47.86	45.43	47.57	52.85				38.63			41.55	46.01				45.85						40.11		45.85	51.8		50.47							47.73			45.85		44.43		39.31	45.77	38.21	41.9		47.45								40.01	46.81	47.81		45.83								41.15						41.95	39.49		36.39	45.49	46.89		55.19	49.43						40.11	42.38		50.26								38.75	41.03			50.61	52.61				46.59	43.81		42.61		43.51			53.39							41.65	47.73						44.37			42.75	42.63		49.55			40.29	37.37			44.83		48.13	49.43						34.67	39.51												41.81			47.15								37.95	41.41		50.39		47.46					39.51			38.27	41.19						44.17		
2188735		48.17	47.06	47.69									42.23	45.78	48.11		44.67		41.83	35.84		37.53	42.18		46.11							37.49	33.89	41.79	43.46	45.85			43.95	40.53	42.09				41.23											35.41	40.03	41.25			46.95			37.29		35.99	40.25	46.15	44.17		48.65				38.63			40.11	43.03				43.73						36.81			46.18	40.99						32.97		43.99	43.17		46.37		43.55		35.49	45.15	38.25	38.82333333			47.73							37.87	42.48	45.05		46.33								39.85		45.18					39.19	34.21	36.71	41.05			47.33	47.47						38.11	40.59	43.21	48.15								36.15	39.3								43.57		40.81	37.83		42.67			53.39						30.73		44.37						39.15			41.93	41.73		49.31				35.77		40.03	43.25	44.41	45.13	45.29								43.55											40.29			47.15								37.75			47.71		44.85					39.55			37.55	39.24						40.47		
2188736		47.83	47.69	44.67								41.39	43.15	46.45	45.85666667		42.97		41.12	36.31		38.45	41.29									37.37		41.67	42.78	48.61			41.91	39.57	41.39		35.51		39.59									35.43		35.33	38.04				44.33			38.23		35.49	42.19		45.15		48.21				38.89			41.82	41.81				44.01					37.11	36.23666667			47.21	42.61						32.43		41.73	42.89		46.09		42.37		36.23	43.06333333		39.17										35.67	43.43	42.11		45.17								38.77		46.46					39.45	37.76			45.11									39.51	41.77	43.19	48.39	51.39							36.35	38.41								43.55			39.17		43.27									40.57	40.23	41.65	48.91					39.93			43.27	43.09		51.15				35.67					45.47	46.31						28.87	37.73			47.25									37.95			49.84								39.81		45.79	49.41		45.73					39.35			39.21	41.51			43.43			40.15		
2188737		47.83	47.69	44.67								41.39	43.15	46.45	45.85666667		42.97		41.12	36.31		38.45	41.29									37.37		41.67	42.78	48.61			41.91	39.57	41.39		35.51		39.59									35.43		35.33	38.04				44.33			38.23		35.49	42.19		45.15		48.21				38.89			41.82	41.81				44.01					37.11	36.23666667			47.21	42.61						32.43		41.73	42.89		46.09		42.37		36.23	43.06333333		39.17										35.67	43.43	42.11		45.17								38.77		46.46					39.45	37.76			45.11									39.51	41.77	43.19	48.39	51.39							36.35	38.41								43.55			39.17		43.27									40.57	40.23	41.65	48.91					39.93			43.27	43.09		51.15				35.67					45.47	46.31						28.87	37.73			47.25									37.95			49.84								39.81		45.79	49.41		45.73					39.35			39.21	41.51			43.43			40.15		
2188738		50.37	49.75	45.09								41.39	46.85	45.79	48.52333333		43.97		43.19	36.75		38.59	42.51				40.51	41.93				37.97		40.29	43.69	46.91	53.52		43.59	40.45	41.41		35.59	37.59	40.39	44.47		42.09	41.37							37.87666667	40.47	44.07		47.53	45.23					35.45	42.12		46.34	47.03	50.23	42.73			38.69		39.11	41.18333333	42.23				44.01						37.52333333		44.59		42.61	44.57	39.85				32.69		42.17	44.33	44.37	47.23		42.57		37.97	44.2		42.31		48.13	46.66							38.37	43.41	42.37	43.29	47.57										47.32					39.8	31.45		39.89	43.25	47.87	52.83	50.29						38.95	41.77	45.07	49.47	49.26		43.31						40.59	45.31	47.95	49.23					42.28		41.41	40.47		44.89	49.94		49.88		42.19				40.91	41.01	42.79	50.01		41.49			41.63			44.71	45.97		50.67				38.49					49.03	47.19									50.09			46.11		56.47			45.23		39.69			50.91				43.23				40.93					46.17					39.77			38.35				44.51		47.13	42.59		
2188739			48.7	44.99								41.81	48.25	47.23	50.61666667	47.11	40.79		43.23	35.01	38.03	38.75	43.24	45.95	47.71		44.37	41.49			40.85	38.67		41.48333333	43.93	46.27	55.27		43.13	40.05	38.81				40.85	43.02	44.17	43.16	42.11			42.57				38.54333333	42.39	44.99		48.03	43.25			39.89		41.06	39.08	47.61	47.01	48.11	50.49		45.55		39.02			38.66	44.09	47.33	48.49		44.67						39.73		44.05	46.69	41.61	45.54	40.13	44.25			32.69		41.92	44.29	45.73	47.49		42.77		39.69	39.72	39.39	41.57	46.35	48.44	48.16333333	50.07						37.51	40.28	43.95	47.99	48.07	41.49	44.81						41.40333333		46.75				39.43	40.85	36.94		40.01	45.61	47.74	51.91		44.59					39.33	43.01	46.21	50.19	49.79			57.99				36.37	38.85	43.39	48.11	50.19		52.23		42.85	45.42			39.84		45.59666667		49.73	48.09						39.69666667	44.61	44.65	49.19		44.95			40.11		40.07	44.69	46.53		48.81				38.69					50.97	47.25					38.29	38.69		45.77	50.17	47.83		47.28		54.85		41.03			39.79			51.31			51.19	42.53				43.49				54.13	47.34		44.55			41.48			38.79							41.83	42.13	
2188740			48.41	44.99								46.53	49.73		51.29		46.75		53.07	40.84	40.21	45.51	45.05	47.27	51.43		44.37	44.11				41.83		43.59	47.33666667	46.51	66.55		47.55		44.39		38.17		43.04333333	44.78		47.29	52.81			45.15				41.38333333	43.13	43.59		49.99			49.53			37.33	42.12333333	51.39	49.12333333	50.39	56.55	45.51			42.57		45.07	42.17	44.53	50.33	50.33		51.09						40.56		48.13	71.25			75.7				34.63		40.91	43.88	47.43	47.34				39.57	43.35		42.83666667		48.94	49.27	57.19				50.89		40.63	42.51	47.41	65.83		53.35								46.45	55.19				42.33	43.83	39.93		41.41			56.61		49.91					41.71		46.34	51.41	52.33			44.31		42.15			40.37	45.21	49.63	52.79	65.99	44.29		49.35	74.19			42.99		46.42		52.41	49.94						44.4	46.31		52.99		47.35					43.35		45.07	49.81	53.19			44.37		39.17				51.59						41.29			47.67	51.55			52.73		51.87		44.73						52.39	48.13		51.19	46.25				45.13		43.61	51.51	96.77	48.61		47.99			43.03			42.41									
2188741			49.51										50.93		47.63		76.19		52.75	41.39	40.51		45.11	47.43	51.77							42.73		43.53666667	49.11		57.89				225.49			41.53	44.68	45.15			52.81							43.85666667	44.01			51.43						62.17	45.59666667	51.35	50.6	50.85		48.65			42.19		42.55	43.75666667			52.03		49.63							43.41											42.62	49.59		50.93					50.16		43.68333333		49.36	49.47							40.73	68.53	48.33	44.75										49.81	70.91					41.49			42.19			56.47		51.83					62.2	43.85	45.72		50.71			44.96		127.06			41.15	47.03	49.73	51.35				113.11	73.59					45.91		51.85	49.99						41.8	47.35	48.77			44.75			113.95		43.91			50.45	52.29		47.57	44.56	37.23					56.81	51.95							40.47	45.95				166.47		54.55		44.27							49.05		48.87	45.17		46.43		59.51		47.02			50.6					41.89			44.09							47.79		46.25
2188742			49.51										50.93		47.63		76.19		52.75	41.39	40.51		45.11	47.43	51.77							42.73		43.53666667	49.11		57.89				225.49			41.53	44.68	45.15			52.81							43.85666667	44.01			51.43						62.17	45.59666667	51.35	50.6	50.85		48.65			42.19		42.55	43.75666667			52.03		49.63							43.41											42.62	49.59		50.93					50.16		43.68333333		49.36	49.47							40.73	68.53	48.33	44.75										49.81	70.91					41.49			42.19			56.47		51.83					62.2	43.85	45.72		50.71			44.96		127.06			41.15	47.03	49.73	51.35				113.11	73.59					45.91		51.85	49.99						41.8	47.35	48.77			44.75			113.95		43.91			50.45	52.29		47.57	44.56	37.23					56.81	51.95							40.47	45.95				166.47		54.55		44.27							49.05		48.87	45.17		46.43		59.51		47.02			50.6					41.89			44.09							47.79		46.25
2188743			132.35										49.85	53.25	51.73		48.49		63.51	42.45	40.27	41.95	45.77	45.63	51.05			46.35					39.19	45.45	40.79		59.05	44.03			224.81			42.01	44.19	45.29	48.84						45.57		37.73	41.80333333	42.71	42.95		49.93						85.09	44.81	47.75	50.4						50.89		42.48	43.92333333	46.95	50.51	109.67		49.99						39.58	43.15	48.39	49.07		49.19					37.47		43.57	49.03	49.99	50.93					44.635		43.49666667		51.95	49.66						41.17		68.15	47.09	42.77			46.23							49.37	51.37					41.49			41.97			54.11	51.47	51.25				87.15	41.81	44.8	46.51		51.21					118.85			42.17	47.55		52.55				49.97	49.67	46.57		42.31		45.31						41.15			41.42	47.75				51.77			113.21	40.81	43.27			51.27					43.41			48.27			51.95								45.95	53.99		51.53											51.56	48.97		49.87			46.77			198.49	49.54			49.93		47.93													48.13		40.19
2188744		88.35	48.82	52.87										52.29	53.51	53.19			45.29	42.31	39.97	41.93	45.63	45.85							39.71			41.67			67.25	46.33		44.15	45.15			41.01	43.99	44.81	48.39						45.49			41.42333333	42.31	42.03		49.71	49.65					85.09	42.01	47.81	49.05						43.73		41.93	45.08			60.37		45.74						41.1	42.95	47.59										45.115	50.07		48.95					45.46333333		52.81	48.89	50.77	49.27			172.83			42.89	39.27	69.29	42.59	47.28		49.03								48.31	51.48				57.45	43.97666667		40.19	41.11			55.39		47.09					40.97	44.27	47.63	52.03	75.77								48.89			51.49	53.35	51.49		50.79	46.09					45.93									42.09	46.53							121.99	41.09	43.61	48.17			53.49		46.45	43.57	43.21															53.53			125.71		61.41					44.09						51.61					64.51		49.77			50.21					42.47				45.71								
2188745	47.09		78.26333333	50.91										65.17					47.59	41.99	39.65		45.72333333	45.89	50.83					62.95	44.43		38.93	43.27666667	44.65		59.75	48.45	48.99	44.23	46.87			39.51	43.67	44.92	47.91						45.49		34.65	40.89		40.67		49.47	49.87					59.39666667	44.39	47.45	51.3	58.61666667	54.65				53.69		45.69	85.51	46.05		93.03							42.17	40.74	42.81	47.93			48.41					38.39		45.35666667	47.54						41.71	42.12333333		61.67	49.35	51.39	49.91	48.27		75.15		50.33	42.05	38.99		42.89		52.39									49	50.12					117.1566667		50.67	41.65			55.09					45.29		45.37	60.59	48.35	54.45	50.51					44.79			43.03		50.65	49.97	53.09				392.47	46.02				46.01						44.47		40.99	40.27	47.67							116.87	41.85							46.61			40.33												45.87		54.81		54.87			58.53								52.29								51.37		52.79			50.95															48.97		
2188746	47.09		51.05										49.23	64.87					43.41	40.46	40.29		45.69							64.17				43.08				48.45	47.31	42.85	114.27			40.83	41.03	44.61							44.41		39.91	41.66333333		40.85		49.87						70.57	41.95	47.21	50.89								45.81	75.2			59.81							43.11	40.77	40.91	48.17			48.93					39.03		45.34333333	47.1		49.97					49.6		44.25	49.79	47.13	50.42					50.35	42.55	38.57		42.69	54.57	50.45									49.2	51.7					51.73		41.87				55.75					42.55	88.63	40.97	43.99	45.26	191.39	50.49					47.37			42.15				53.03					44.13				46.01						43.45				47.85								42.05		42.45					47.45																	53.47		54.67					45.77														64.73					52.32					44.47										49.07		40.01
2188747		50.61	49.47										49.29	51.71	53.65				42.11	41.22	39.88		45.54							64.17	42.03		38.37	42.25666667	44.77			47.99	47.17	41.77	45.99			38.73	42.98	44.79		46.85					43.79		39.41	39.78		45.23		49.23	49.75					41.81	44.6	47.35	49.93						52.31		38.97	44.77			51.37		48.19					41.21	41.79	41.17	47.08			48.45					30.73		42.47	46.53		48.99		44.77		64.7	39.19		43.85		48.89	50.85						42.05	40.67	44.29		50.63	51.23	47.83								48.07	51.13				49.65	55.1		72.75				53.59		51.49			44.03		40.53	43.57	48.11		50.43					47.39			41.21			50.77	53.45				43.99	46.21		41.11	41.29	45.75						42.89			42.31				48.91				118.11								62.17																	53.81		53.01			60.93			135.81													46.41		50.95			50.91							40.87		50.33						47.33		45.21
2188748		50.67	73.35666667								38.69		48.05	50.47	53.43				42.36	40.92	39.24		45.47666667	45.65			46.69			61.59	40.29	41.75		40.45	44.7				47.55	40.77	45.21			39.41	41.46	44.87							44.65		36.21		40.09	42.93		48.59			44.09			38.68		46.37	50.06	52.21	47.71				47.31		38.89	43.69			52.19		45.53					40.85	39.86		46.69	48.81		47.45							41.86	46.98333333	47.67	48.83		45.05		46.17	38.75			46.63	48.88	51.23						41.87	39.78	43.93	45.11		50.49	47.65								47.72	50.53				46.45	44.02	43.13	41.88				51.49	54.47	51.57			44.01		39.29	41.93	47.69		49.47					44.27		39.97	40.07			51.19	53.23				43.71	43.62333333		43.31								53.82			42.05	46.51							43.54							65.41		51.01				45.59			50.63									52.89		52.55			59.65			45.59													42.86		50.31			49.25							40.87					48.51			46.59		45.35
2188749		47.33	47.89				46.79				37.51	46.85	47.85	50.25	53.57				41.45	38.37	39.36		45.74	44.65		47.59	45.77			59.43	39.77	41.38	38.37	41.49666667	44.39	46.93			46.93		45.15			40.3	40.71	44.84		50.31					43.03				39.87	40.15		48.37			46.15			35.27	35.13	46.77	50.43	48.45	47.73				40.83		39.55	43			52.39		48.15					41.51	40.21		44.63				44.21						42.16333333	45.39		49.33		45.09		43.08	37.79		42.85		49.18	48.63666667	48.15		57.07		43.35	38.55	38.65	45.74	44.09	47.57	50.49	46.87				43.03		41.83		46.41	50.87				45.62	42.24	41.47	40.95				49.35	54.41	49.51			44.01		39.04			51.45	49.11		43.37	44.93		62.47		40.07	40.73					50.07			40.79	42.78									44.63	42.85			43.93								43.3	41.43				50.99			43.11	50.29	38.33			45.73	52.47											52.93			50.93		61.97		45.01	132.07									47.09				43.69					49.27							40.49								43.51	47.69	39.61
2188750		48.01	47.89				49.87				40.49	43.85	47.99	49.35	50.67				41.2	40.03	40.81	40.57	45.88	45.79	47.65		44.67				39.53	41.33	39.4	42.35666667	45.85				47.01		43.83			39.72	35.23	45.34		46.09					44.48		37.01	39.75	40.61	44.53		47.87			46.88			39.195	39.09	46.71	47.75	50.68	46.83				42.63		35.93	42.63	40.59		52.39		41.47					40.31	51.11		46.06333333			46.65	44.73	52.63					44.39	48.53		49.81		45.09		41.71	39.5		43.39	48.35	51.24	50.25	48.31		57.07		46.55	40.63	38.07	45.66		50.99	49.95					46.71		41.69		47.23	50.55				52.04	42.96	43.17	40.45				51.63		49.51			43.67		39.47	43.39		50.03	49.21			45.81	45.59	45.17	41.77	39.1	40.81		48.33					48.11	46.68	45.11666667			37.59	45.45					44.49	39.93	37.79		44.66	46.53							43.56	45.13	44.59						46.67	51.03			41.79	48.23			49.81		56.41		45.23			42.67		53.47			52.32333333				42.67			44.23				47.87			47.29			43.05			47.95			49.49							41.77								47.65	46.85	
2188751	44.09	47.27	47.26				49.11					39.49	44.61	51.13	50.93				43.43	37.08			44.51			48.61	44.97			60.25	39.67	37.77		40.06333333	44.04				46.65	40.53	42.07	37.17		34.79	38.93	43.74		42.85					44.02		37.55		39.67	40.93		45.21			44.99			36.34	39.65666667		46.25	45.79	45.13				36.49		36.65	42.03	39.11		51.57		40.57					37.47	35.87	40.47	43.8				44.49	44.59					44.3	47.67				42.53			40.67		41.49	44.13	46.97	44.81	42.39		47.02		43.81	39.27	36.75	41.69		49.31	43.25			43.77		43.15		41.17		43.21					40.52333333	40.93	39.65					48.39		42.17			39.97		38.57			49.33	46.75			45.05		41.11	41.77		40.69		46.45	46.81			48.37		44.83	41.17			37.59	43.07					42.73	38.37	37.79		39.35				41.67				43.04	45.13						65.59											50.05		43.25					47.69		45.85	50.36		44.99		40.71	360.65						44.71			44.79			40.27			45.94	48.35		45.84						39.29	41.77								43.61	46.15	
2188752		45.79	50.93				48.73		38.93		41.55	43.85	45.65	48.52	52.69				39.6	37.16	37.83		44.61	43.53		48.57	43.77			60.25	39.41	39.04	38.58333333	40.495	44.69				46.31		42.07			36.34	34.51	43.99		45.41					43.65		35.99	41.41	38.41	42.33		47.53			44.31	51.11	34.57	36.75666667	39.45666667	43.05	47.61	48.73	46.71			41.81	40.83		40.01	42.43		47.41	51.97		40.77					38.92	40.64333333	36.77	44.89			45.85	44.51	43.95					44.91	41.85		48.47		43.53			41.05	38.87		46.63	48.5	47.73	47.53		52.47		46.17	39.87	38.29	38.95	44.23	48.99	48.75			45.73		44.11		41.41	39.59	43.61	48.6				41.74	41.45666667	41.20333333	38.37	39.03			49.47					38.17		38.1		45.71	49.37	48.33			45.05	45.11	44.83	41.77		36.67		48.43	49.17				47.15	45.23	41.45666667			37.49	44.77					43.51	40.18	38.03		39.50333333					43.23			42.91	45.47	44.43					48.23		42.81				47.93						42.29	45.27		42.75			53.15			49.77		56.79		40.63	43.93	45.05		45.89		49.47	44.17			46.91			40.47			46.37		44.55	47.27						41.23	41.77								46.61	45.81	
2188753			48.64				43.25		33.41		34.63	36.09	43.73	47.95	42.65	44.39			40.27	33.39	37.27			42.15			36.91				40.03	38.52	36.97	38.56333333	44.42333333				47.33	41.13	40.99	38.29	39.63		33.87	44.23		43.81		44.93			39.26				38.05	36.75	45.13	43.09			43.64		34.43	38.45	31.97		46.1	46.71	47.65			41.01	38.53		42.01	38.47		48.69			40.95					39.57	36.74	31.73	42.51				44.51	41.33					45.53	43.53	45.09	44.61		44.45		39.53	34.75				43.29	43.23	43.85		46.49		43.54	40.75	35.05	39.33	40.45					39.97		41.73			41.01	44.05					40.54333333		40.81	40.23	36.29			43.11				43.05	39.97		36.89			49.65	46.67			55.31		44.44		39.17	30.39			46.97					45.87	42.07							47.21		43.37	36.61666667			40.39				43.09	44.91			43.91	39.59	36.84		44.97			48.23			36.79	36.25			44.39						43.65		40.45						47.17				42.34	43.89					49.39	44.97			47.39			40.97			40.13	48.79								40.37	34.33	40.25							49.25	45.93	
2188754		46.55	47.73				48.43		39.63		41.97	46.53	45.76	50.33					43.75	40.31	38.94	41.77	45.15	45.96			38.75				40.09	40.45	38.31	40.93	43.89666667				47.67	41.49	44.85	43.89	39.99	32.13		46.07		46.11		46.15		47.59	41.93	38.27	36.25	40.55	39.83	42.27		46.13			43.87			38.80333333	38.19	43.31	47.17		48.75				37.95		39.71	41.82			50.63		45.43				47.57	40.13	36.88333333	39.79	44.81				43.73			39.63			42.52333333	41.49	46.47	50.59		44.09		39.67	39.49	39.19			49.06		48.27				45.11	40.75	36.67	43.69	43.43	50.31	48.01					42.13		41.27	41.13		43.25				40.75	38.86	42.06333333	43.83	38.03			50.81					40.05		38.59			50.29	47.49				46.03				41.23		48.33	49.77					45.87	41.84				45.37			47.21		42.69	40.85666667		40.83	39.87666667								83.84	40.94	36.99	42.55	43.37				174.67	43.59	42.24						45.95				43.39	40.49							50.51		52.93		42.83	45.11	44.45				53.07				47.57	42.13		40.85	41.22		45.97									41.55	42.05	39.87							48.33	45.09	39.37
2188755		46.07					47.15		39.63		39.11	42.57	44.72	49.46	52.57				42.59	40.21	38.36	40.01	44.38	46.81			38.41				38.65	38.51	37.1	39.36	45.39666667				41.83		43.39	38.67	39.21	33.45		42.84		47.26				44.84	42.01		35.97		39.03	41.7	43.11	46.93			41.67			37.08333333	37.11	40.91	45.89		43.35			42.45				41.76		47.69			43.88				43.53	38.14	36.41666667	39.61	47.13	46.97			41.69			38.33	31.47	37.71	41.80333333	38.87	45.57	41.63		41.55		37.23	38.85	38.71		46.51	49.11	50.23			46.61		44.11		35.48	42.41	42.43	48.25	46.65			43.27		42.25		40.55	41.61		48.83					41.73	39.42333333	37.69	41.71			49.21					39.41		37.37	42.01	46.21	51.83	48.69			44.53	44.55	42.65		37.13	40.49		47.59	48.37			50.25	45.33	45.87	41.59666667		38.33		43.89		48.47	45.33		42.63	40.44333333		40.83	36.73					41.45			41.2	45.09	41.27	42.55		49.21		45.49	40.37	42.95	41.43			46.55	49.73		44.57					39.08	41.05		45.89				48.42		49.37		40.37	43.59	43.93			55.41					43.95		43.51	39.27	38.82333333		47.57		47.73							40.57	41.37	40.03							43.13	42.85	38.31
2188756		47.54					47.51		33.91			39.05	44.96	47.65	48.15	44.97			42.21	40.19	37.52	42.53	41.83	42.97		41.41	38.31				38.07	37.39	36.11	38.49	42.63				43.31	42.01	42.87	35.75	36.07	38.93		41.82		46.71				51.15	38.37	38.61			38.92	43.33	39.29	45.19	48.29		42.65			37.95	33.66		44.37		48.23			41.53	38.37			40.46			47.75	42.75	42.89					37.13	36.65	39.03	42.81				37.77	44.11		34.97	31.47	38.17	44.24	42.69	45.97	41.45		41.11							47.49	47.85	45.45				42.91		34.96	42.46	42.01	41.25	46.95			38.33		39.83			38.25		40.47				39.99	36.68	40.54		38.87								40.05		37.37		47.55	51.53	47.09			40.31	43.43	42.99	34.57		35.61		44.69	46.93	49.55		50.19	43.87	45.87							47.67	45.33		40.07	38.85666667	37.59	35.91	37.54					43.91			41.12	45.09	38.05				48.63		41.09	42.63	36.97											39.39	33.79		42.75				47.75		48.93		40.49	41.53				53.51					41.61		44.33	39.89	38.9				47.73	47.77						39.43	36.53	35.53				46.05			41.47	43.21	37.27
2188757		45.45									40.91		47.03	50.87	48.22				42.43	39.67	37.38	40.80333333	44.34	42.81		42.09					38.87	39.56	37.26	40.19	43.27666667				43.31	42.15	43.67	39.29	38.89	38.99			46.75	46.95				51.17	42.93	38.61	32.41	38.87	39.23666667		41.65	47.71	45.75		45.17			40.18	34.99		46.15	51.03	45.21			61.89				41.55	40.75	44.67	47.17	44.19	49.59						37.77	40.27	47.77	47.55						38.07			43.01666667	44.45	47.37	41.45		43.71						45.37	47.73	49.28	47.99				40.95		35.69	40.73	42.97	48.71	47.05			42.91		43.63		34.79	39.45	47.25	44.65				40.55	37.95	39.89666667		39.51		46.45	49.87					41.67		38.83		47.33	50.81	48.81						36.99	36.85	38.21			47.09				47.19	46.77	40.01	39.37								42.49	46.93666667	37.49		37.45	45.79							43.44	42.73					52.69	160.63		40.53	39.88			45.03								40.85	40.19	41.05					50.85				40.49		44.65			52.53					46.81			40.69					47.73								37.41	40.03							42.73	45.95	37.27
2188758		43.91					42.61		33.87		41.49	40.37	47.21	48.89	45.04	45.89			39.06	40.61	33.23	40.51	40.89								36.59	37.5	34.2	37.96333333	40.19			37.71	40.23	42.15		38.95	37.31	42.11	42.58	40.95		50.41				51.99	39.82	40.31		39.45	39.1	39.01		44.83	46.77		40.93			36.85	35.01666667	40.79		44.93	38.95	44.31		41.85	33.29			40.89			45.03		43.77					36.57	37.75666667	35.53	38.62				40.53			40.03			37.33		43.75	41.96		43.27	37.33	36.66	36.41		35.85			45.88	47.23				43.03		37.05	40.33	40.65	40.75				46.21		42.99		38.71		44.65	41.05				37.69	36.83	38.145	36.79			44.59			33.43			39.93		33.13		46.59	51.41	47.97			48.05	118.09		36.99		38.91			47.25	49.13			44.11			36.25					48.21	42.85		42.55	39.5	37.17		38.07														51.15				40.07																		55.37				40.33	86.39	43.09											40.67	38.62			45.09									37.41					48.99				46.55	
2188759		43.88										42.19	47.69	48.68333333	51.76				38.31	37.99		41.05	42.68	46.95							39.13	38.85	36.68	39.365	42.29							41.36	37.67	42.87	44.96	43.22		50.35						40.47	31.97	38.47	39.53	41.89		47.69			41.15			37.45	34.90333333	42.24		49.33	42.89	44.09		49.67	38.89			41.89	43.58	48.63							39.97		36.39666667	39.15	45.33			44.89				39.11			41.55	43.59	46.35	47.62		42.11	38.73	38.67			40.23						48.77		45.31		35.09	40.36	42.27	49.63	46.91					40.59		44.39	42.43	46.45	44.79					39.87	41.09666667	37.24			45.61			33.07			40.19		38.15		44.67666667	58.71	48.77			45.15	41.65	41.36	38.69	37.49	38.93			47.51					40.21	42.03	39.39	38.17				49.03			43.71	39.47	36.47	39.23	37.11	44.99							39.09	39.19		43.29	42.39		50.49	44.81			39	38.95		43.13								39.68				50.69								136.75	43.33		44.33						43.35		45.26		42.75	44.05									40.67		39.69		43.09							44.93	40.34
2188760		43.88										42.19	47.69	48.68333333	51.76				38.31	37.99		41.05	42.68	46.95							39.13	38.85	36.68	39.365	42.29							41.36	37.67	42.87	44.96	43.22		50.35						40.47	31.97	38.47	39.53	41.89		47.69			41.15			37.45	34.90333333	42.24		49.33	42.89	44.09		49.67	38.89			41.89	43.58	48.63							39.97		36.39666667	39.15	45.33			44.89				39.11			41.55	43.59	46.35	47.62		42.11	38.73	38.67			40.23						48.77		45.31		35.09	40.36	42.27	49.63	46.91					40.59		44.39	42.43	46.45	44.79					39.87	41.09666667	37.24			45.61			33.07			40.19		38.15		44.67666667	58.71	48.77			45.15	41.65	41.36	38.69	37.49	38.93			47.51					40.21	42.03	39.39	38.17				49.03			43.71	39.47	36.47	39.23	37.11	44.99							39.09	39.19		43.29	42.39		50.49	44.81			39	38.95		43.13								39.68				50.69								136.75	43.33		44.33						43.35		45.26		42.75	44.05									40.67		39.69		43.09							44.93	40.34
2188761		45.43	44.43									41.37	45.95	45.65	46.34				39.95	70.14	37.34	40.68	43.05	44.73							39.37	43.11	37.7	39.575	42.53			53.59			39.77	41.96	38.09	35.37	43.01666667	42.91	51.99	49.85		40.51			34.63	40.47		35.62	39.62	41.47		47.29			41.53			36.39	37.22333333	44.67							40.29			40.42	41.99	46.11	45.93		48.19					37.25	38.23	32.29	44.33			125.25		44.57					38.97	47.95		49.43			36.09	38.67	37.15										46.11		34.94	40.85	43.03	48.45	49.97	49.11				42.83	35.49	42.77		43.87						37.47	35.53										42.47		37.07	40.27	48.11						43.29		37.53	42.45	40.63			48.11					41.79			35.38						49.23		32.05	38.05		37.69											39.53	43.21						37.01	37.35	38.53									38.73		39.09	45.37	51.37							39.69	136.79	51.37									37.27	46.25	42.01	37.99	41.47									40.31		40.01									46.75	39.41
2188762											41.09	36.97	42.87		47.75				37.57	33.97	40.13	39.47	42.64333333	44.28	45.47						31.49	38.17	37.63	39.135	41.64333333			45.63				40.07	39.01	38.77	40.345	44.43	47.75	49.25		40.93		39.77	38.07		35.15	35.64	38.44333333	40.55	43.53	46.29						34.37	37.13	42.55		51.79	41.23							42.51	41.78	47.11			44.37					36.77	37.44333333	39.61	44.69			41.31							39.93	43.02					38.19	37.79	40.4		39.43666667	45.03					43.25		47.77		35.57	41.75	41.63	46.99666667	45.05						35.49	42.25	39.21	43.31	44.59				41.05	36.21	38.73666667	36.3	39.77		49.03	45.75					39.87	35.89	35.87	39.945	42.94333333	51.63	48.59				41.21	38.97	36.93	38.71	40.9		48.03	47.29					39.97	39.91	39.64	37.75	37.79	42.73						36.97			36.62	41.77								39.35	35.43	40.44333333	43.65666667		53.01	41.65			37.39	33.47	36.87	43.89						42.41		37.59666667		38.45	45.13	51.13							41.89			39.33	43.89	47.59					42.11		47.75		36.99	42.85	43.11								39.63	40.97	36.47		43.6							40.77	38.35
2188763			48.66									42.07	47.83		50.48				43.23	38.79	38.27	41.63	44.1	46.33666667				48.67			39.65	36.89	38.33	41.83	43.54			46.21				82.53	39.43	38.77	43.41666667	44.04				48.37		54.11	38.87			36.95	40.27	43.81		47.81						36.68	38.72	45.91			43.95				36.51			43.61	42.7		53.03							39.31	38.61		47.35666667	48.15		44.93							41.7	46.45666667					40.69	41.63666667	40.34		41.26	47.11							45.87		38.02	43.34	43.19	49.45	49.57							43.07		45.69						37.93	41.45	37.8	41.56		50.31						42.93		38.6		46.45	50.79	51.21				59.85	43.45666667	39.77	43.37	40.97		50.47	48.43					40.43		42.93	41.05	39.91	43.89						40.61	37.75	40.87	40.28333333	45.35								42.03	45.09		41.77		53.01	66.79	44.85		41.61		38.97							44.51				38.93		53.35							43.89	136.75			45.87								46.99		41.61		45.45	49.17								42.47	41.48									47.97	41.93
2190229		47.42	47.08								38.77			46.63				41.55		38.35	37.30333333	41.45	43.31							40.73		38.75	38.79	44.19	43.54		51.01	49.29		48.25	100.89				38.01	44.61	45.37					45.27				37.81	40.47	46.77	47.49					37.33		41.05	40.67		45.99						39.01			39.65	42.05						47.95			35.07	35.51	39.29	46.21				44.39				41.57	40.99	47.69	46.07				47.09		36.55	38.78	39.84	41.75666667		53.27	49.91							32.81	41.79			47.09					39.83			40.01						43.17				43.81		47.39				47.19	47.91			38.44	45.08		52.85	49.31					44.17	42.11		39.91		55.96							41.75		42.24		45.81	52.77	56.21				40.25			41.17	45.95	47.01	51.33											54.27			40.61	38.59											40.91	31.95		51.01	53.99													55.44							39.87	44.75		45.73	52.47																			
2190230		47.42	47.08								38.77			46.63				41.55		38.35	37.30333333	41.45	43.31							40.73		38.75	38.79	44.19	43.54		51.01	49.29		48.25	100.89				38.01	44.61	45.37					45.27				37.81	40.47	46.77	47.49					37.33		41.05	40.67		45.99						39.01			39.65	42.05						47.95			35.07	35.51	39.29	46.21				44.39				41.57	40.99	47.69	46.07				47.09		36.55	38.78	39.84	41.75666667		53.27	49.91							32.81	41.79			47.09					39.83			40.01						43.17				43.81		47.39				47.19	47.91			38.44	45.08		52.85	49.31					44.17	42.11		39.91		55.96							41.75		42.24		45.81	52.77	56.21				40.25			41.17	45.95	47.01	51.33											54.27			40.61	38.59											40.91	31.95		51.01	53.99													55.44							39.87	44.75		45.73	52.47																			
2190231		46.48	48.74	48.99							40.65			50.13			43.45	41.91			37.53	40.47	43.85							47.61		39.33	36.87	42.75	46.24	52.03		44.31			102.13		33.91		38.03	44.63	47.35									37.52	40.23666667	46.65	46.53				41.89	42.19		38.61	40.95		50.51									41.18	44.65	47.23	47.86				46.01				36.33	38.47	45.69				39.85				43.64	43.13	45.13	47.04333333				44.41			40.77	42.51	42.18	46.95		49.71								40.45			70.13									46.59					45.6				44.11	45.97	47.99				47.19	46.31			38.39	43.19		53.13	50.71					46.03	41.79		40.69		47.39							44.55		39.27		45.63	52.75	51.87				39.01			43.53	49.51	49.21						46.59				50.85		56.71			44.57												43.11	32.07																51.19											52.51																			
2190232		49.98	49.83	52.43										48.61			43.27			41.15	38.28	39.31	43.39							45.11		37.55	36.85	41.03	46.73	47.75		44.31			43.27		33.49		41.68	44.41	45.79					45.35				37.33	39.59	45.99	47.01				45.05	39.95		38.03	40.59		47.23									40.1	50.59	49.07	47.33				48.41			40.79		37.59	47.83				39.85				42.1	39.25	44.37	46.7				47.91			39.33	40.73	41.37			47.89								41.43			50.87								41.59										44.01	46.94					45.11	48.21			38.84	43.4		52.15	50.65					44.99	40.89		40.91	46.4	47.77							44.89		39.8		45.35	45.79					39.01			38.95	47.79666667	49.11						45.01						52.61			44.69															49.71			52.09						44.47				48.49	57.29											51.79																			
2190233		48.76	48.47									44.37		49.95			43.45			42.25	38.18	41.45	44.87	47.17						45.15		38.47	38.04	42.86	45.1	51.09		45.75							46.99	44.63	45.79					45.35				37.49	40.79	47.69	46.73					39.95		38.95	41.97				43.97							38.81												37.97	46.61				47.65				39.91	38.91	45.53	48.27				45.69		43.31	39.15		43.01666667	48.17		50.51											49.28					44.45			43.51								43.17		46.91	46.31		46.75	52.03		46.97				40.06	42.8		52.15	49.13					47.35	40.39		41.65	43.53		50.79										46.76	47.55					39.69				46.83	49.33										44.31		53.67			45.36											41.93					55.35		52.03						43.19		45.25			56.33								42.77			52.05							55.57			42.23									
2190234		49.48		50.11										48.03			42.63			41.37	39.49		43.87							45.15		38.37	38.32	42.47	45	50.22		46.45						40.81	45.97	44.23	47.05					44.51				37.62	41.51666667	47.55	45.01							38.38	42.11				43.81							38.67			50.09									36.65	49.79								39.55		46.61	48.12333333				45.71			38.59		42.72333333	49.46		50.13											47.04					37.71			43.37						42.02		42.55			49.21		49.03	52.03		48.73				39.88	43.83	49.57	54.95	50.47					46.93			41.27								43.83					46.09	54.07					40.65				48.45	47.69							39.65			46.09		52.57			43.51		40.85									40.83							52.37	52.53										54.4								44.57										56.43			42.23									
2190235		49.48		50.11										48.03			42.63			41.37	39.49		43.87							45.15		38.37	38.32	42.47	45	50.22		46.45						40.81	45.97	44.23	47.05					44.51				37.62	41.51666667	47.55	45.01							38.38	42.11				43.81							38.67			50.09									36.65	49.79								39.55		46.61	48.12333333				45.71			38.59		42.72333333	49.46		50.13											47.04					37.71			43.37						42.02		42.55			49.21		49.03	52.03		48.73				39.88	43.83	49.57	54.95	50.47					46.93			41.27								43.83					46.09	54.07					40.65				48.45	47.69							39.65			46.09		52.57			43.51		40.85									40.83							52.37	52.53										54.4								44.57										56.43			42.23									
2190236		48.21	44.23	47.29										47.77			42.83		36.51		39		43.91							44.25		40.39	34.29		44.97			40.41						39.59	37.43	44.33	49.68					46.91				36.73	40.13	48.61	44.79							38.36				52.47								41.15		48.61	48.27									39.57	49.27								36.43	40.71	66.73	46.43				44.83		40.91	38.05	42	42.26	49.05		48.21								42.63		48.25	46.17					36.67				47.82					42.4	44.95			42.09	49.19			51.27		48.73				40.49	43.03		53.25	53.07				44.71	43.17			42.53								43.75	51.7		41.53			52.93					40.17		41.43	42.51														52.21	51.29		45.27				36.09							44.59								49.91										54.56											53.51							43.81			42.69									
2190237		51.41		44.93													44.51		37.11	39.21	42.01		45.83	46.89						44.83		40.47	39.91		46.76			46.37			107.79			41.85	41.15	44.89	46.43						41.49			37.98	43.05	47.95	45.05							39.25	41.87		49.95									41.81																					39.63		66.27	48.25				44.83		47.07	41.39	39.13	43.30333333	50.55										66.39			48.29					58.01		43.05		47.13					42.15				42.57				52.17		49.15				40.11	42.93			53.21				43.75												48.03	46.85		41.55		48.45	53					40.17		39.35					43.83	50.25									52.07		45.87		42.33										43.37					54.45													53.55								44.25			51.85							43.97			42.09									
2190238		48.77		44.87							40.27		50.59				42.11		36.87	37.17	42.03	41.19	46.69							45.03		38.59	37.81		46.43	53.51	53.43	39.27			41.81	38.25		41.41		44.93	46.43						42.05	38.83		38.99	41.56	47.59	44.21							38.25	38.85										42.67	41.61	43.13												42.79								37.44		46.89	45.41				44.51		39.11	38.98	41.33	41.29	48.85		50.33								41.55			46.31							39.31		44.7						40.43	39.4			49.69			49.53		44.25				39.09	42.53	49.81				48.21		43.11					50.77							41.67	44.71		39.17		47.21	51.31					38.91	40.73	44.04	40.11	53.95			42.39								47.15		51.85		43.47		41.75										43.05		34.99																53.13								42.83			46.43							42.35			42.09	45.83								40.99
2190239		48.77		44.87							40.27		50.59				42.11		36.87	37.17	42.03	41.19	46.69							45.03		38.59	37.81		46.43	53.51	53.43	39.27			41.81	38.25		41.41		44.93	46.43						42.05	38.83		38.99	41.56	47.59	44.21							38.25	38.85										42.67	41.61	43.13												42.79								37.44		46.89	45.41				44.51		39.11	38.98	41.33	41.29	48.85		50.33								41.55			46.31							39.31		44.7						40.43	39.4			49.69			49.53		44.25				39.09	42.53	49.81				48.21		43.11					50.77							41.67	44.71		39.17		47.21	51.31					38.91	40.73	44.04	40.11	53.95			42.39								47.15		51.85		43.47		41.75										43.05		34.99																53.13								42.83			46.43							42.35			42.09	45.83								40.99
2190240		47.23	49.77	51.99							41.57		52.93				45.11		37.49		42.03	40.35	43.95							45.03	39.99	38.73	35.92				53.45	44.51			43.47			40.89	41.29	44.25								40.33		40.04	41.57	47.15	44.75							39.02	41.67														40.05				48.03					41.25									38.87		45.79	44.89				46.55		40.75	39.56	40.81	41.06333333	49.15	46.81	52.29								42.51		48.85	45.62									47.45						40.55	43.99			47.83		54.53	53.43						40.16	43.27	48.61	50.05					44.93	45.2			42.69								46.67			41.33			52.82				62.97	40.83		46.07		54.33		50.31						33.69					52.01			46.11	42.77										43.05		38.13																								45.61		54.71								43.33			41.29									41.37
2190241			49.05	37.61									48.71				44.05		41.84	37.83	40.73	38.43	42.65							45.39	44.69	39.09	36.79	42.05	43.49	50.65	51.49	45.23			44.07	38.83		41.23	42.15								43.23	39.49		38.63	42.54		43.67				46.43		38.25	38.38	41.17		48.85								36.95	37.57			44.08		58.11		48.03					38.29	42.73								38.56		45.35	45.38				44.79			40.74	41.31	42.76	48.99		51.55								57.21		49.43	43.95	52.35							42.45	48.18					43.07	41.89			41.93				54.57		50.23			42.33	39.69	41.23	47.89	50.63					46.67	44.81666667			42.97			52.47					45.13			40.29			48.47					40.83				51.69							45.41	36.63					49.21			45.16	41.01										45.19		39.59		50.01				51.41			52.33		43.59					50.51								63.53		54.71											42.17									
2190242		48.61	49.55	37.61									46.51				45.15				41.03	38.97	44.02333333							44.53	39.15	38.29	38.81		43.39	50.75		45.23		46.15	42.43	42.43		40.88	42.23								43.23	40.08		39.67	42.36	47.93	44.47				46.11			38.26			50.33								37.41	40.07	43.05		44.91				47.67					40.29	45.65								37.91			45.49		46.45		45.61			40.88	41.35	41.38	49.37	47.31									60.49			45.37	51.07							42.98333333	48.07						42.16333333		39.45	41.93		120.79				50.65				39.62	42.87	48.21	50.21			43.49		46.33	43.49666667			41.29								44.33			41.47		46.59	53.14				61.53					49.29							43.99						53.23			43.96	42.79										43.25				48.57			50.43											54.29								45.33		57.33			50.53								42.47	46.87								
2190243			49.47	47.27									48.05				43.39		38.07		40.41	37.35	44.34							44.53	36.27	32.91	37.57		45.39	50.13	52.75	45.39		43.83	66.17	38.99	34.43	41.73	41.56									38.72		38.85	41.2	47.75	45.67				42.91		38.23	38.89			49.57	45.41							39.19	39.77							49.07			39.39		38.37	45.85								36.77			46.49		45.43		45.37			39.49	42.29	42.73		46.35	47.01												47.59				39.69			41.41	45.99					42.75	40.96333333					110.07				50.77			38.71	38.05	42.87	49.23	51.73	49.89		44.17			43.79			40.97								42.01			39.56			52.21				61.59					46.09		52.67						43.63			49.09		52.03			44.01	39.79												27.77		48.21				49.59										51.44							43.15	44.45		54.57			51.45								42.51	46.65								
2190244			49.47	47.27									48.05				43.39		38.07		40.41	37.35	44.34							44.53	36.27	32.91	37.57		45.39	50.13	52.75	45.39		43.83	66.17	38.99	34.43	41.73	41.56									38.72		38.85	41.2	47.75	45.67				42.91		38.23	38.89			49.57	45.41							39.19	39.77							49.07			39.39		38.37	45.85								36.77			46.49		45.43		45.37			39.49	42.29	42.73		46.35	47.01												47.59				39.69			41.41	45.99					42.75	40.96333333					110.07				50.77			38.71	38.05	42.87	49.23	51.73	49.89		44.17			43.79			40.97								42.01			39.56			52.21				61.59					46.09		52.67						43.63			49.09		52.03			44.01	39.79												27.77		48.21				49.59										51.44							43.15	44.45		54.57			51.45								42.51	46.65								
2190245			47.03	46.99									46.19				45.35		38.27		40.37	39.71	45.59								34.81	37.87	36.85	42.81	44.96	49.63		45.39		45.65	43.13	33.35		40.71	41.21									37.75		38.39	42.31	47.39	45.39				42.91		37.71	37.42	40.91		46.31						37.13		37.45	41.51	43.95									40.89	34.69	38.85	46.43								37.77			46.23				44.27		35.63	34.61	36.17	41.43666667	48.19		47.61								56.75	48.47			50.55							41.52	45.79					41.51	68.45					109.03				47.17			35.35	40.13		49.39	52.05	49.73		44.17			45.43			41.43					48.69			45.23			40.37			53.13				44.45					45.26		47.65						42.53					51.21			43.16	39.99											48.77			50.16				51.49										53.17								44.59		50.89											42.51									
2190246			48.37	46.99									44.29		50.47		47.21			42.87	42.89		45.43								39.75	41.69	36.85	44.41	45.45	48.65		46.53		46.71	65.25	45.75		43.41	42.18									39.09		36.52	42.5			51.79						39.3	41.85		47.45								38.23	41.63	48.05									41.93	36.47	41.71	45.71			47.29					38.41			46.71	50.07			46.61		40.85	36.46		42.27	48.99		48.97									49.03	49.07		50.55								47.67					42.13	41.35					111.79								40.52		47.86	52.19	53.97					45.23666667			41.75					50.75			45.35	49.57		43.33		45.69					45.59					44.61		51.79											56.91			42.47	40.19											48.19			50.76	54.05			52.69								48.25		54.39							42.91	42.89													43.01									
2190247			46.17	48.35									48.77		54.47		48.47		38.33		43.13		43.62								36.97	40.79	37.62	42.31	46.08	51.35		45.69		44.05	241.49	46.25		43.41	41.14									36.79		38.31	40.35		42.21	51.87						35.25									47.63			40.85	45.37		47.19								38.99	41.75	47.19			48.07					38.59			46.41	50.07			45.83		39.57	35.84	38.01	42.27			48.37								41.63	52.39							47.99				48.85	46.81				43.09	41.53					49.29	53.41			49.19				39.37	47.71	47.21	52.19	51.89		47.93			44.52333333			40.89		45.79			50.73			44.99			41.21		48.12	52.91				46.47					45.05		49.29								42.17			55.45			42.46	41.6															48.93			50.97								51.29									44.31	42.79		51.29			50.01								40.39									
2190248			45.33	48.35									47.95		44.27		44.07				41.51		43.59									37.35	36.98		45.31	49.49	51.71	44.25			43.17			41.17	41.22									38.31		37.95	40.34			50.23						37.63									42.27		38.61	40.22333333	42.51						50.87		37.21	39.75		41.71	45.49								37.94			45.47	50.07			45.19		37.35	38.71	36.25	40.29666667											42.51	46.33	47.29									39.92	48.05					41.63	40.13				48.97	48.67	48.65			45.57	47.19			38.62	42.55	46.35	52.19	51.66		44.65			43.57			40.89		50.21			50.73			43.93			40.63		48.21	52.12				45.17					44.77		48.33											50.79			43.79	38.65																		48.79																		41.19		179.87											40.39	44.11								
2190249			44.19	47.07									45.27				44.07		37.29		38.53	42.55	42.36									37.67	35.89666667	41.83	44.11	48.71		43.75		44.05	42.91			40.17	40.11666667									35.43		37.95	40.12			48.77						34.17									41.37		38.85	39.65	44.17								36.71		36.31	37.11	42.53			46.17	45.43				37.57			45.81				44.41		36.59	38.81		40.545		43.77	47.37									43.69										39.73	45.25								35.61		48.97	48.92	46.67			46.01	48.19			38.08	41.83	46.45	46.95	48.44		44.87			42.09			40.89		49.62	49.79		48.19			42.17					44.73	49.81				45.99		43.25					49.29									45.79		53.71			41.37	40.88		41.19												46.47	48.93								42.75			47.57									40.31	41.19		63.71											40.39	45.4						42.87		
2190250											37.49		44.19				48.57		43.42		43.99	43.46	43.77		48.79							41.65	38.07	40.96	46.62	49.31		48.13			46.41		37.23	40.17	42.27	43.01										38.48	40.53666667		43.45	49.19						34.79			48.81						46.79		40.75	41.03	43.59	42.31					51.03		38.61		43.95	38.33				47.37	45.63				38.97			46.33						38.09	38.53	36.05	41.70333333			48.55									47.73				43.97							47.69					59.39			35.61		48.72	54.27	51.51	50.07		47.19			40.99	38.70333333	44.75	49.55	48.27	50.07		43.87			45.93			41.53		48.55						44.13	44.73				45.81	49.99				47.15		48.89					51.01								46.59	45.05						43.12							57.89							48.22	48.47								44.57			49.81									41.97	43.71					50.01								42.11	46.79						42.87		
2190251				53.57							38.69		51.89				48.93		41.21		44.23	44.04	45.28		47.73							42.39	38.91	42.09	45.15			48.33			67.39	49.81	42.59	41.25	43.24											36.5	42.6			52.71						34.79			48.96								41.27	42.65									40.43		41.43				45.71									69.59	49.09					38.85	40.63		42.92												50.03				47.87							51.87					61.93	42.93		39.39		51.55	56.01	54.67	46.57					41.65	40.37	45.21		51.39	51.19					66.17			42.37			48.39					43.95		43.93	39.73			53.99				47.11		48.57					54.01									45.25						44.7				51.09			57.79							49.99	49.93								43.75			63.83		51.29	56.75					48.21		44.35													43.15	143.37								
2190252		41.07													50.95		51.49		42.49		43.87	46.07	47.63									42.25	38.61	41.73	43.33	50.55		48.33		45.05	49.79	42.26	44.47	44.75	44.21									44.13		37.56	43.98			50.97						37.37			62.29								41.27	43.55	42.79								42.05		38.55	41.71			47.11						39.29			85.71				45.19		42.07	41.65		43.67	47.53	47.39											51.17																43.99		39.39			55.61	55.25							39.87		50.59	52.15	50.38					56.97			43.13			58.29					47.09						53.91				47.47			41.87						53.21													45.11														48.39	53.25								47.05			52.95			57.37								46.87				52.85								43.15									
2190253		46.75													50.95		52.57				44.89	45.63666667	72.33									42.37	39.12	44.53	43.33			48.75			67.99	45.69		44.93	44.59											40.92	41.37									37.37			87.04								42.09										42.05			41.53			45.71									85.71	51.51			47.37		114.47	41.65			50.27															49.31															39.39			55.29								41.59	35.55	61.97	53.93	51.13			43.19		84.27			43.21											43.25			54.07				47.49			42.41																																	48.39	53.71														57.19							44.17	46.87												44.51									
2190254		50.15		52.43											46.27		52.17				44.25	43.95	65.47									42.85	38.87		42.86	50.15		48.91			66.59	44.53	40.91		42.18									44.35		40.21	43.17	48.87		48.93						37.47			52.81								40.83	41.73	45.69								41.25						48.39						39.39			84.77	51.51			45.07		41.19			43.53		54.27	53.33																									181.13						55.91							42.03	41.41	42.19	49.85	49.17	57.46					82.91			43.35					50.93			45.75	90.83		41.67		137.77	49.57																									45.49	45.13												35.37		51.33	53.63								44.81						57.19					48.17	45.53		47.23				52.55								44.21									
2190255		51.09									45.57						51.29				41.03	44.75	46.15	49.37								41.83		42.73	43.16			47.61			240.55	49.7	35.89		45.25	44.55								43.77		39.23666667	42.1			48.13						37.77			48.95								41.81	40.39	43.45										37.69				44.19	44.47					39.39			85.01	50.19			45.55		40.27	42.36		42.77		50.97	52.73								42.19		47.23									44.99												52.6	49.29						42.03	41.31		48.47	46.15	52.42			45.47					42.79	51.79				49.35			47.37			39.31			52.73	56.01					42.45		47.61																	44.91	44.33	36.87											35.45		50.97	53.95														55.19						43.09	42.65	45.71				51.77								42.19							45.65		
2190256		48.83									41.89						50.67			35.67	40.69		46.05		46.97							41.55			41.64		54.27	47.61			44.25				44.44			51.09						43.45		40.27	41.84	46.49		48.93						37.77			47.91						44.61	40.17	40.37	40.69	44.31										37.53			52.45							39.03				49.89			45.51		40.35	44.41		41.77	47.75	49.73	49.16								40.15		47.69	49.61								44.81						39.09					48.15	54.87	55.33			48.69			41.67	39.87	42.29	45.4	46.15	52.44			44.75					41.45					48.67			44.49					47.79	51.13	51.91					46.01		47.61		46.06			51.03													39.53											49.85			48.71	55.78													47.73	54.45							41.61					51.73								41.91									
2190257		45.65	43.87								46.43						48.31			37.09		40.18	44.35		42.53			43.67				38.59			43.28		46.11			40.15	40.67							44.23								37.96	42.06	44.45		45.03						37.19	41.03	45.59	44.65				45.25		39.63	42.65		36.99		43.75									35.89		44.23	50.13	40.97		44.13							44.83	47.53	41.69		44.97				38.27	37.39	45.01	41.89	47.34									43.03	44.77	51.59								43.97	43.91					41.67			35.95	40.39	46.26	49.31	46.63			47.61			36.47	39.13		43.29	45.5	50.13			37.75		40.85			39.37					50.49			44.49			40.05		44.01	48.75	47.55									45.47			42.11				34.55		43.53						41.79	36.91	37.83					51.75						32.49			53.96										41.37			47.83	47.87							39.81					46.79								42.53	42.07						40.79		
2190258		45.65	43.87								46.43						48.31			37.09		40.18	44.35		42.53			43.67				38.59			43.28		46.11			40.15	40.67							44.23								37.96	42.06	44.45		45.03						37.19	41.03	45.59	44.65				45.25		39.63	42.65		36.99		43.75									35.89		44.23	50.13	40.97		44.13							44.83	47.53	41.69		44.97				38.27	37.39	45.01	41.89	47.34									43.03	44.77	51.59								43.97	43.91					41.67			35.95	40.39	46.26	49.31	46.63			47.61			36.47	39.13		43.29	45.5	50.13			37.75		40.85			39.37					50.49			44.49			40.05		44.01	48.75	47.55									45.47			42.11				34.55		43.53						41.79	36.91	37.83					51.75						32.49			53.96										41.37			47.83	47.87							39.81					46.79								42.53	42.07						40.79		
2190259		50.95	48.39	38.21						52.53	41.49						48.71			39.15		38.39	46.31		42.47			41.61				39.57	34.69	40.77	44.4		46.11	37.05			44.69				41.75											38.33	43.15	45.61		50.11							40.87						44.01					40.55	48.41	43.55									34.65		44.99	54.11	45.41	46.95	43.85						43.59	42.71	44.83	42.45		41.91		38.55	42.13		41.73	46.39		47.43	51.95								43.93		44.43								43.04		51.67							40.85		46.67	49.24	48.53				42.13		40.65	39.51	38.93		44.86	51.3								40.33					46.65			46.35			43.43			48.53								39.91	42.77	46.23			36.63				40.05		43.75						41.79	39.39	36.59					46.55					44.91	37.57			50.18							49.87						49.52	52.85						40.61	39.59					47.21					41.29			42.03	42.39						47.13		
2190260		55.07	50.55								46.87			53.35	54.29		53.29			40.95			46.51		47.17							42.17	35.61	41.81	45.97	48.39	58.49			43.65	46.05		41.47		46.89			51.61								39.85	42.09			52.09							42.13				52.85							47.19	47.95	45.67									61.43		45.71	63.45		50.95							41.49								48.19		42.62		45.19										45.87		51.81								42.93										42.01	47.19	83.3	57.03				42.13			40.49	40.91		49.37	51.91								42.15					49.47			46.21			42.43		46.65	52.75										49.09			42.55													42.43					46.93	52.47							40.43	50.05											43.43			51.13								41.57					51.03								41.01							47.17	39.49	
2190261		53.13	50.77								47.81				52.31		51.05						47.99		49.73							41.89	37.85	46.83	44.39				51.05	44.29					46.75	44.33		52.93				47.01				39.87	43.05			50.33	54.07					38.11									43.03			43.13	46.56										38.17		54.67		46.27						37.47		45.77	44.13		46.13		44.69		41.53	48.55		41.08										41.73	87.83	50.91		51.81																	40.77	41.61	48.07	53.95	58.45							40.35	43.29		48.47	51.99								41.47					49.87			49.03	45.05		41.65		46.63											49.37666667							37.97			43.65		49.43			45.79						47.25	51.61							39.77	50.71	54.21										42.39	46.75		51.8								41.59					48.48					43.11			39.25							45.47	45.41	
2190262		52.67	50.79								49.49			51.85	53.41		51.29					43.95	46.64333333	46.97	50.05							42.15	37.51	43.6	44.31				51.05						45.14	47.61		51.93								40.15	42.71			51.27	51.93								47.19									44.25	45.23										38.17		54.6			47.19							45.53			46.13		44.69		40.69	47.95		43.42										41.29		50.91		51.29																		42.11	47.61	55.07	175.39							40.83	43.99		49.76	54.83								42.21				50.69	51.75			64.19			42.97													50.29							40.61			45.57						43.37													40.09	51.41											42.39			52.17								41.41			50.31		48.91					43.11			41.01							46.97		
2190263		52.67	48.37												51.17666667		51.05					42.97	44.66	46.59	50.77							41.97	37.35	43.54	44.55				48.33	42.35	47.37				47.31											39.39666667		46.89		50.19	50.87			41.15				46.85	48.15		51.37				39.07			42.17	49.05												45.95	58.91							39.21		44.69			49.52		45.91		39.95	43.6		40.91		49.09								40.51	47.57	48.51		50.43								42.27						44.61			38.68		48.57	54.23	55.63							39.89	43.30333333		50.71	53.81								43.16								47.53	45.75		42.67												43.23	50.61										44.57		49.61				40.75						51.25						34.67													42.79			51.29								41.41			51.81		50.16								40.57							46.97		
2190264		53.13	44.59												51.77666667		49.87			41.47		39.91	45.96		51.51							38.07	36.15	45.19	43.03	48.77			45.21	43.65	45.69				43.71					46.51						39.21	41.45	45.31	42.67	50.35	50.87			40.15		35.69	41.61	47.86	45.43	47.57	52.85				38.63			41.55	46.01				45.85						40.11		45.85	51.8		50.47							47.73			45.85		44.43		39.31	45.77	38.21	41.9		47.45								40.01	46.81	47.81		45.83								41.15						41.95	39.49		36.39	45.49	46.89		55.19	49.43						40.11	42.38		50.26								38.75	41.03			50.61	52.61				46.59	43.81		42.61		43.51			53.39							41.65	47.73						44.37			42.75	42.63		49.55			40.29	37.37			44.83		48.13	49.43						34.67	39.51												41.81			47.15								37.95	41.41		50.39		47.46					39.51			38.27	41.19						44.17		
2190265		52.13	43.43	52.75									45.09	48.32	48.57		46.57		43.89			37.55	45.2	48.41	44.86							41.19	36.17	40.73	44.78	49.11			43.99	43.27	42.53		37.41		42.79											38.07	41.73	45.83		49.63	48.19			39.35		35.79		46.15	45.87		50.19				38.89			40.21	44.42				46.19						38.07666667		47.19	51.78	40.99						32.97		45.21	45.67		46.09		42.37		36.49	44.73	39.25	40.61		46.47	49.95							35.93	42.96	46.25		48.91								41.23	43.41	46.89				43.53	39.4	34.99	38.15		45.93	49.89	51.51							38.31	40.44333333	44.93	47.33								36.15	36.89	45.61			47.81				44.55			39.07		44.95									37.85	39.45	45.49						42.17			44.03	44.64						35.67		40.21		45.65		47.49							37.53	42.7	50.75	48.51									41.33	44.91		49.1								39.61		47.33	49.05		46.81					38.79			38.77	41.37						41.31		
2190266		47.83	47.69	44.67								41.39	43.15	46.45	45.85666667		42.97		41.12	36.31		38.45	41.29									37.37		41.67	42.78	48.61			41.91	39.57	41.39		35.51		39.59									35.43		35.33	38.04				44.33			38.23		35.49	42.19		45.15		48.21				38.89			41.82	41.81				44.01					37.11	36.23666667			47.21	42.61						32.43		41.73	42.89		46.09		42.37		36.23	43.06333333		39.17										35.67	43.43	42.11		45.17								38.77		46.46					39.45	37.76			45.11									39.51	41.77	43.19	48.39	51.39							36.35	38.41								43.55			39.17		43.27									40.57	40.23	41.65	48.91					39.93			43.27	43.09		51.15				35.67					45.47	46.31						28.87	37.73			47.25									37.95			49.84								39.81		45.79	49.41		45.73					39.35			39.21	41.51			43.43			40.15		
2190267		52.91	50.1	46.13									45.39	48.81	50.41666667		43.57		41.15	35.85		40.09	41.51									41.31	36.37	43.73	43.68	49.71			44.83	41.27	43.81				42.48				46.99	47.73				36.49		36.36333333	40.05	45.47			50.15					35.49	42.17	48.23			50.55							43.31	42.73				44.85						36.80333333	39.47		57.93	44.85								47.33	45.73		48.99		46.61					40.99		48.17								38.43	44.42	42.55		48.51									44.83	46.95					40.15	39.31	39.51		45.39									39.97	42.14		49.31									39.57								45.29					43.17									38.48333333	41.15	46.64	51.19					40.99				44.07		51.81				40.01						48.11						39.67		47.35		49.27									41.93			50.37								39.61			49.41		46.56					42.11			38.77				44.83			48.53		
2190268		51.99	46.69	48.93								41.57	47.19	46.13	50.15666667		43.99		44.05	33.53		38.65	43.17					43.37				38.23	36.85	40.69	43.83666667	46.65	53.9		43.59	42.29	41.39		36.21	36.13	40.71	45.05		42.93	41.37			42.05				38.23666667	41.95	44.57			44.39			39.01		35.45	44.31	48.23	46.51		50.47				41.85			41.73666667	43.53				44.85					38.93	40.11	39.31	44.59	51.37	44.55	46.48	40.13						46.41	45.29	44.97	48.49		42.57			45.64		40.99		48.17	45.83							37.65	44.05	42.37		48.29			44.97					42.32	45.11	48.33					39.86	34.49	40.57	39.99		48.51	55.45							39.33	41.77	45.27	49.47	50.15		43.59	43.53					41.11	43.67							44.19		41.51			44.86			50.43		43.63				41.68	42.59	45.91	50.01		41.99			41.89			45.25	47.11		48.91				38.49						50.09						37.45	38.13					47.61		56.47					39.99			51.31								42.51					47.32					41.11			38.35				44.69			42.61	44.49	
2190269			48.91	53.99								41.81	48.79	47.31	53.91		44.33		46.52				43.5	47.49			43.23					41.27		40.95666667	44.21		53.22333333		43.49	42.93	42.45				42.09666667	42.81		44.49	44.35			42.97				40.11	42.45									41.13	41.27		46.63	48.25	52.33				41.02			40.27	43.4		47.41		47.33						39.75	39.41	45.23	47.14	45.89	46.55	42.29						45.05	44.37	45.87	47.87		43.83		42.37			42.3	46.49	47.22	48.27							39.27	44.35	44.01	48.95	47.95	44.21	46.23	42.93					44.73		47				41.62	40.71	41.75		40.55		48.89	51.83		45.57					39.23	41.51	46.31	50.65	49.39			44.73				39.07	39.35	43.95	48.02	50.45		48.03		46.01	46.76					44.93		50.01							40.73		46.83	51.29	46.15				43.53		41.63				52.07										51.75					40.19			44.93				49.21		51.83		42.45			44.05			51.43				46.35				44.05					49.19		47.63			41.27		36.65	40.17			53.53				46.31	46.43	
2190270			47.81	53.99									51.29		56.45		48.49		50.69	40.39	38.13		45.78	46.05								41.79		41.72	48.13		58.84		188.39		45.71				42.99666667	44.29		47.29								41.11666667	42.15			49.61			48.81			37.33	42.10333333	51.39	49.11	49.19							45.95	44.07	44.25	49.33	50.93		51.05						41.84	43.37	48.15	70.43			47.82						41.73	46.81		45.29				42.99	42.38		45.71		50.1	49.21							41.11		47.23	51.51									159.83	48.43	49.86				41.27	43.45	39.57	43.23	42.03			54.85		48.79					41.45	43.45	44.9		50.13					81.79		39.07	40.83	46.65	49.63	49.87					72.84					46.05		52.05							41.97	46.53									44.11									38.03					52.11								46.89		51.35				55.93		44.73									51.87								52.81		51.15					42.19		40.67	40.91									
2190271			49.51										50.93		47.63		76.19		52.75	41.39	40.51		45.11	47.43	51.77							42.73		43.53666667	49.11		57.89				225.49			41.53	44.68	45.15			52.81							43.85666667	44.01			51.43						62.17	45.59666667	51.35	50.6	50.85		48.65			42.19		42.55	43.75666667			52.03		49.63							43.41											42.62	49.59		50.93					50.16		43.68333333		49.36	49.47							40.73	68.53	48.33	44.75										49.81	70.91					41.49			42.19			56.47		51.83					62.2	43.85	45.72		50.71			44.96		127.06			41.15	47.03	49.73	51.35				113.11	73.59					45.91		51.85	49.99						41.8	47.35	48.77			44.75			113.95		43.91			50.45	52.29		47.57	44.56	37.23					56.81	51.95							40.47	45.95				166.47		54.55		44.27							49.05		48.87	45.17		46.43		59.51		47.02			50.6					41.89			44.09							47.79		46.25
2190272			50.11666667									43.87	46.52	47.39			46.63		47.04	41.78	40.03		44.19									37.97		42.51666667	45.5		63.43		47.63		113.01			40.83	43.69					46.25	52.11			40.47	39.27	44.51666667	40.93	42.07		49.57						49.33666667	45.39			50.77	55.83	46.85						43.78333333	45.13	51.11			49.23							43.15											41.01	46.89		50.35					45.28		43.99		49.53	48.5						41.91	41.63		42.07	49.61	52.21										50.82				45.99	42.9			41.97		49.24	53.39		47.85					47.81	44.16	49.33		50.01								40.67	47.03	47.79			49.25			53.42					45.15		50.53							40.43	47.76	47.91		46.99	45.97			44.63		44.51	42.09			52.09		48.01	44.55							48.91						40.03		46.47				49.57		52.43		43.41							48.21		50.53					59.75		44.41			50.93								41.9									
2190273		53.95	49.37										50.09	53.83	54.53				50.61	41.72	40.17	41.95	45.87	51.15										40.92	46.68		63.59		47.73	44.34	112.25	45.19		41.91	43.71	44.57				46.47	52.09		45.57		36.87	40.93666667	41	42.33		49.11	49.65					42.66	42.04333333		49.83								42.34	43.69666667	45.95		51.15		49.23						40.43	41.15				48.61							43.59	46.65		50.35				41.79	44.17666667		43.91	47.73	50.26	49.4						41.17		68.15	46.13	51.67	51.97	48.21								48.11	51.71				56.87	43.65		46.13	41.59		50.41	53.75	51.03	48.07					40.72	44.15	44.64	189.91	50.63								41.68		49.73			48.67		46.87	46.87			42.31		45.31						40.75			41.39	46.29			47.01				43.82	40.41	44.27						46.95	44.37							52.27						39.39		46.25				54.47				44.07							47.47		49.73			46.77				50.61			50.38					43.05			43.03							48.15		
2190274	46.23		49.17									43.59	48.39	50.79	51.7	49.79			43.51	37.9	40.09										39.73			41.51666667				45.89	45.51	42.05	45.15			38.49	39.75			46.35		49.43			42.47		36.95	41.73	40.68			48.11	47.09					62.45	41.43666667		48.67		53.41				42.83		41.04	41.17	46.33		50.87		43.14					38.86	38.66	39.81	47.01				44.63						46.1	46.04		47.43		42.97		38.55	47.22		43.09	48.33	47.67	49.09			49.91		48.95	39.93	39.12		40.03	49.15	50.45	47.85		45.01						48.31	46.57				43.67	42.9					51.41	52.95		46.41					40.49	44.79	47.51	305.97	49.97			45.73				39.55	41.03				52.33			48.27	44.18	43.21			40.55	43.85			47.73			40.63			38.51	45.81			47.01				121.95	41.01	42.96	41.59			52.09	47.29		43.39									47.35					41.87	46.17	51.77			48.94					41.27								49.41							50.23			48.05					41.97		42.79								49.07		
2190275	47.09		51.05										49.23	64.87					43.41	40.46	40.29		45.69							64.17				43.08				48.45	47.31	42.85	114.27			40.83	41.03	44.61							44.41		39.91	41.66333333		40.85		49.87						70.57	41.95	47.21	50.89								45.81	75.2			59.81							43.11	40.77	40.91	48.17			48.93					39.03		45.34333333	47.1		49.97					49.6		44.25	49.79	47.13	50.42					50.35	42.55	38.57		42.69	54.57	50.45									49.2	51.7					51.73		41.87				55.75					42.55	88.63	40.97	43.99	45.26	191.39	50.49					47.37			42.15				53.03					44.13				46.01						43.45				47.85								42.05		42.45					47.45																	53.47		54.67					45.77														64.73					52.32					44.47										49.07		40.01
2190276	47.09		51.05										49.23	64.87					43.41	40.46	40.29		45.69							64.17				43.08				48.45	47.31	42.85	114.27			40.83	41.03	44.61							44.41		39.91	41.66333333		40.85		49.87						70.57	41.95	47.21	50.89								45.81	75.2			59.81							43.11	40.77	40.91	48.17			48.93					39.03		45.34333333	47.1		49.97					49.6		44.25	49.79	47.13	50.42					50.35	42.55	38.57		42.69	54.57	50.45									49.2	51.7					51.73		41.87				55.75					42.55	88.63	40.97	43.99	45.26	191.39	50.49					47.37			42.15				53.03					44.13				46.01						43.45				47.85								42.05		42.45					47.45																	53.47		54.67					45.77														64.73					52.32					44.47										49.07		40.01
2190277	49.83	48.97	48.41								41.99		49.05	50.19	48.89				40.81	40.11	38.03		44.45	43.21			46.51			64.17	37.51	41.65	38.37	40.39666667	45.03		51.03	44.13	46.73	40.81	44.47	39.47		39.49	41.37	46.21		45.69		47.69					39.45	41.35				46.39	49.27		43.03			33.59	35.89	46.63	44.47	47.51					41.41		38.97	40.03		51.73	50.83		44.83	42.81				39.74	41.19	39.41	47.6										45.35	40.01	45.83	46.92		43.51		42.77	39.39	38.69			45.21	49.17	47.93		49.99		47.57		42.69			46.49		48.63		46.01						47.41	53.39				43.19666667	44.15		40.21						46.57			40.65					52.03	50.29					47.31							53.03					44			41.39					46.73		37.95	37.63		40.41														50.87	48.61		52.29													37.41								59.39			110.17																		49.09							40.87										45.41
2190278	43.51	48.67	45.71				44.33				37.83	39.03	46.45	47.48	50.75	48.17			41.91	40.56	39.71			43.63		47.59	43.47			58.47	38.35	39.21		40.31	43.94	46.54			44.13	38.55	42.89			38.49	40.93	45.05							43.48			38.35	39.11			45.61	49.27		44.35			35.87	38.66		47.77	48.21	45.29	43.45			47.22		38.49	43.71			50.95		44.25					38.46	38.23	39.53	46.16			43.89	44.21	44.73					41.41	47.75	44.61	49.56		41.55	38.05	46.17	37.51				45.7	44.51			47.83		45.15	40.61	38.06	41.41	44.95	47.53	50.49	45.59							39.03	48.03					42.30333333	44.84	42.11	42.82				50.21	53.57	48.09			40.65		39.15				46.77			45.03		46.03						49.57	52.05		138.11			42.27			40.41					45.85		44.55			40.41								43.05		44.37					45.13		43.85					48.57		50.63											51.67			60.34			44.23													43.31		50.89			47.75							40.87								42.07		45.41
2190279	43.51	42.95	44.22				45.29				35.33	35.17	44.45	48.38	45.27	48.17			36.98	37.05	32.79			40.97		37.51	36.19			59.43	39.77	36.59	35.77	36.73666667	44.51	42.61			36.69	39.39	43.51	36.55		35.21	37.6	42.21		42.39					38.96				37.3			41.21			36.09			30.27	36.11	40.65	43.67	45.33	38.87	43.69			40.52		31.79	40.05	36.57	42.21	50.85		42					36.82	35.24333333		42.73				36.61	38.15					38.11	43.15				41.55		37.9	38.01		38.45		44.75	40.28333333	38.27		45.24		43.17	38.55	35.3	42.99	34.43	45.63	37.09	45.53		43.77		43.48			32.45	42.83	45.75				39.10333333		41.19	35.86				47.69	51.35	41.75			38.83		38.61	37.69		47.64	46.29		40.93	44.59	40.99	37.23		35.49	38.69			44.73	45.31		41.69		37.45	41.47								39.97		35.67			38.51				39.61				39.45	38.91		34.71	35.24			42.25	38.29																	44.99		40.97			43.91		40.51	40.91									44.79						48.51	46.97		41.15							40.49								36.81	41.29	
2190280	44.09	47.27	47.26				49.11					39.49	44.61	51.13	50.93				43.43	37.08			44.51			48.61	44.97			60.25	39.67	37.77		40.06333333	44.04				46.65	40.53	42.07	37.17		34.79	38.93	43.74		42.85					44.02		37.55		39.67	40.93		45.21			44.99			36.34	39.65666667		46.25	45.79	45.13				36.49		36.65	42.03	39.11		51.57		40.57					37.47	35.87	40.47	43.8				44.49	44.59					44.3	47.67				42.53			40.67		41.49	44.13	46.97	44.81	42.39		47.02		43.81	39.27	36.75	41.69		49.31	43.25			43.77		43.15		41.17		43.21					40.52333333	40.93	39.65					48.39		42.17			39.97		38.57			49.33	46.75			45.05		41.11	41.77		40.69		46.45	46.81			48.37		44.83	41.17			37.59	43.07					42.73	38.37	37.79		39.35				41.67				43.04	45.13						65.59											50.05		43.25					47.69		45.85	50.36		44.99		40.71	360.65						44.71			44.79			40.27			45.94	48.35		45.84						39.29	41.77								43.61	46.15	
2190281	44.09	47.27	47.26				49.11					39.49	44.61	51.13	50.93				43.43	37.08			44.51			48.61	44.97			60.25	39.67	37.77		40.06333333	44.04				46.65	40.53	42.07	37.17		34.79	38.93	43.74		42.85					44.02		37.55		39.67	40.93		45.21			44.99			36.34	39.65666667		46.25	45.79	45.13				36.49		36.65	42.03	39.11		51.57		40.57					37.47	35.87	40.47	43.8				44.49	44.59					44.3	47.67				42.53			40.67		41.49	44.13	46.97	44.81	42.39		47.02		43.81	39.27	36.75	41.69		49.31	43.25			43.77		43.15		41.17		43.21					40.52333333	40.93	39.65					48.39		42.17			39.97		38.57			49.33	46.75			45.05		41.11	41.77		40.69		46.45	46.81			48.37		44.83	41.17			37.59	43.07					42.73	38.37	37.79		39.35				41.67				43.04	45.13						65.59											50.05		43.25					47.69		45.85	50.36		44.99		40.71	360.65						44.71			44.79			40.27			45.94	48.35		45.84						39.29	41.77								43.61	46.15	
2190282			45.91				46.53	39.11	33.59		34.21	35.15	40.88	41.19	38.45	42.85			36.37	32.69			39.87	42.25		38.29	36.75			60.25	32.15		31.25	38.26	40.48333333	40.85			36.25	41.13	37.83	32.69			35.37	38.95666667		42.95		41.67							36.85	39.67		38.05			43.02	46.15		36.14	34.2	40.94	40.29	42.59	46.09			37.13	35.05		31.54	36.43		48.09	47.49	34.81	42.84					39.61	33.99666667	31.09	38.28			43.83	34.57	37.71	37.59				40.39	39.15		42.93		42.81		28.81	34.68	33.77	37.23	44.85	41.73		39.33		44.7		41.49	32.59	34.08	43.69	38.15	46.59				37.85		42.7			34.21	43.13	41.16				35.05	35.23	39.81	35.13	34.09			38.55					37.2	38.09	34.55		45.53	46.81	46.17		44.35	36.39	39.21	35.57	33.25		29.93		40.35	45.51			43.91		45.23						39.77				34.37	35.73			39.97		43.77		41.67	35.33			40.29	34.92		34.68	29.55		46.27	38.19	39.09		33.13				40.91					42.29	42.99					40.35		42.31	43.05		45.79		40.63	40.31					42.01	44.71			36.35			38.49			46.37	42.57		47.27						40.37	29.61					43.77			31.99	36.11	
2190283			48.64				43.25		33.41		34.63	36.09	43.73	47.95	42.65	44.39			40.27	33.39	37.27			42.15			36.91				40.03	38.52	36.97	38.56333333	44.42333333				47.33	41.13	40.99	38.29	39.63		33.87	44.23		43.81		44.93			39.26				38.05	36.75	45.13	43.09			43.64		34.43	38.45	31.97		46.1	46.71	47.65			41.01	38.53		42.01	38.47		48.69			40.95					39.57	36.74	31.73	42.51				44.51	41.33					45.53	43.53	45.09	44.61		44.45		39.53	34.75				43.29	43.23	43.85		46.49		43.54	40.75	35.05	39.33	40.45					39.97		41.73			41.01	44.05					40.54333333		40.81	40.23	36.29			43.11				43.05	39.97		36.89			49.65	46.67			55.31		44.44		39.17	30.39			46.97					45.87	42.07							47.21		43.37	36.61666667			40.39				43.09	44.91			43.91	39.59	36.84		44.97			48.23			36.79	36.25			44.39						43.65		40.45						47.17				42.34	43.89					49.39	44.97			47.39			40.97			40.13	48.79								40.37	34.33	40.25							49.25	45.93	
2190284		40.19	48.54				36.95	38.99	33.91		36.99	38.87	41.32	48.18	40.71	44.97			37.75	37.02	34.11	38.09		45.45	39.72	41.41	38.39				37.41	36.99	32.26	36.38	37.56333333				39.93	42.31	43.39	33.97	33.15			38.22				38.83			37.73	35.27		34.79	37.74	37.13		41.75			41.67	35.73		36.05666667	33.3	36.75	42.43	45.15	48.75				36.17		31.77				43.83		41.73				38.73	36.43	35.88	38.55	37.06			41.29	35.89	48.29		33.27			33.05	40.67	46.47	47.97		41.11		36.81			35.05		44.05	40.81	47.15		43.01		48.19	34.25	34.27	34.95		42.34	46.95			41.19		39.03			36.53		38.11				35.85	36.29	39.11					46.05					40.05	35.15	33.83		35.15	41.25	45.59			35.69	41.81	35.68	33.01		28.77		42.05	41.51	41.71				45.87								42.71		37.19	38.29	36.03		33.37	41.59			45.25	41.87			37.74	37.17	34.29				43.53	41.61	41.07	40.11	35.02									37.93	40.11	34.77							44.79		49.31		36.11	38.15									39.95				42.67		38.39	44.19		45.85						38.57	32.99	35.53				41.21			40.61	38.59	37.21
2190285		47.54					47.51		33.91			39.05	44.96	47.65	48.15	44.97			42.21	40.19	37.52	42.53	41.83	42.97		41.41	38.31				38.07	37.39	36.11	38.49	42.63				43.31	42.01	42.87	35.75	36.07	38.93		41.82		46.71				51.15	38.37	38.61			38.92	43.33	39.29	45.19	48.29		42.65			37.95	33.66		44.37		48.23			41.53	38.37			40.46			47.75	42.75	42.89					37.13	36.65	39.03	42.81				37.77	44.11		34.97	31.47	38.17	44.24	42.69	45.97	41.45		41.11							47.49	47.85	45.45				42.91		34.96	42.46	42.01	41.25	46.95			38.33		39.83			38.25		40.47				39.99	36.68	40.54		38.87								40.05		37.37		47.55	51.53	47.09			40.31	43.43	42.99	34.57		35.61		44.69	46.93	49.55		50.19	43.87	45.87							47.67	45.33		40.07	38.85666667	37.59	35.91	37.54					43.91			41.12	45.09	38.05				48.63		41.09	42.63	36.97											39.39	33.79		42.75				47.75		48.93		40.49	41.53				53.51					41.61		44.33	39.89	38.9				47.73	47.77						39.43	36.53	35.53				46.05			41.47	43.21	37.27
2190286		34.16						35.27	32.77		31.21	39.05	33.64	36.3		35.16				31.23	32.45	32.7	34.26333333	34.05		41.41	29.51				31.13	30.39	31.84	34.83	34.67	39.81			39.41	34.09	34.59	35.75	33.59		32.19	38.65	36.95					38.51	29.57	35.57		30.83	32.98	35.75		37.89	45.47		34.31			33.76	29.89		40.27	32.85	38.53			36.77		34.95		35.43			37.91	33.83	35.01				32.71	32.95	30.97	30.97	34.73				37.15	34.95		31.07			32.05	36.55	33.03	35.57		41.11			29.83	31.91	34.51		38.03	31.95			42.11		39.11		31.81	33.61	34.67	33.96333333	34.41			33.35		39.83			33.59		35.15				33.74	32.12	33.39		36.43		40.11						33.29	33.41	31.53	32.67	32.65		39.13		34.73	36.71	38.83	35.13	34.57	30.44	34.27		36.31	38.675	42.44				36.43					34.89		42.67	40.81		40.07	32.39	31.27	29.03	33.15	35.15	36.87	43.21	35.17	39.57			38.31	32.03	31.61	32.6	31.61	34.21	36.35		32.57	37.37		30.85			38.61		36.75			36.73	33.75	34.61				42.51			41.95		40.79			36.69				31.67					41.61		41.69	34.25	32.93			39.21		47.77				36.81	32.81	30.57	30.87	35.53				40.27			41.47	36.85	37.27
2190287		39.8					34.49		33.61		40.07	39.05	35.43	40.49666667	42.58	40.03			38.23	31.23	32.33	33.63	39.63	43.57							34.91	33.17	32.94	37.77	36.95	43.53			40.09	34.09	35.05	34.17	35.45	31.77	35.07	37.69		42.97				38.83	38.6	35.69		32.74333333	36.45666667	41.25		41.99	44.83		41.09			33.85	32.87			43.14	38.53			39.91				35.37	36.8		43.45	39.43	43.87					31.45	31.39	35.53	40.81				37.91	41.01		38.07			32.89		38.17	41.45		41.05	37.33	34.93					47.39	39.39			41.87		41.4		31.77	38.09	39.59	37.62	40.27					41.29		31.85	36.85	36.77	36.09				34.94	34.07	34.03				44.55			32.61			36.31	35.73	33.13	33.49	38.05	41.27	41.15		34.73	38.63	38.31	38.31	35.89		35.73		44.69	45.67	42.21				37.65	36.95							41.07		40.63	36.09666667			31.13	36.61	37.05						37.07	32.07		33.11	37.95		48.39			40.53	37.11								42.89	36.79						43.11					46.65			39.73												38.95	33.65												34.89	36.45				46.95			41.47	40.23	36.59
2190288		43.91					42.61		33.87		41.49	40.37	47.21	48.89	45.04	45.89			39.06	40.61	33.23	40.51	40.89								36.59	37.5	34.2	37.96333333	40.19			37.71	40.23	42.15		38.95	37.31	42.11	42.58	40.95		50.41				51.99	39.82	40.31		39.45	39.1	39.01		44.83	46.77		40.93			36.85	35.01666667	40.79		44.93	38.95	44.31		41.85	33.29			40.89			45.03		43.77					36.57	37.75666667	35.53	38.62				40.53			40.03			37.33		43.75	41.96		43.27	37.33	36.66	36.41		35.85			45.88	47.23				43.03		37.05	40.33	40.65	40.75				46.21		42.99		38.71		44.65	41.05				37.69	36.83	38.145	36.79			44.59			33.43			39.93		33.13		46.59	51.41	47.97			48.05	118.09		36.99		38.91			47.25	49.13			44.11			36.25					48.21	42.85		42.55	39.5	37.17		38.07														51.15				40.07																		55.37				40.33	86.39	43.09											40.67	38.62			45.09									37.41					48.99				46.55	
2190289		43.43	41.25				37.95		34.61		35.09	38.07	38.45	44.03	51.49	44.95			34.25	36.05		38.21	42.11								39.13	39.23	33.14	36.49666667	41.45			46.79		37.11		40.29	34.67	37.43	40.75	41.41		41.81				44.71	32.91	37.47		35.28	38.85			42.01			40.27			34.79	33.84	39.21	43.58	45.29	38.77	41.47		40.79	40.13	40.17		37.95	40.5	39.43	44.47		39.11				34.55	32.35	35.05	31.49	36.93				34.53	40.11		36.65				46.81	41.87	47.42		44.47	36.53	37.39	34.35	33.99			46.41				51.41		45.31		34.19	38.55	41.79	45.91	33.97					42.39		44.39	33.89	44.55	39.21				34.61	36.15	36.5	41.31			42.65			33.07			40.19				38.75	43.77	46.07				40.87		38.69		39.45			45.73				46.41	40.35	38.51		31.77				46.09			41.87	35.17	37.89		40.61				41.57				42.09	38.53		39.53	32.75		52.11	62.51	33.91	38.49	35.69	36.55										38.79									47.19			136.75	39.23			32.63					44.03	36.87						45.09									39.99									39.71	36.3
2190290		43.43	41.25				37.95		34.61		35.09	38.07	38.45	44.03	51.49	44.95			34.25	36.05		38.21	42.11								39.13	39.23	33.14	36.49666667	41.45			46.79		37.11		40.29	34.67	37.43	40.75	41.41		41.81				44.71	32.91	37.47		35.28	38.85			42.01			40.27			34.79	33.84	39.21	43.58	45.29	38.77	41.47		40.79	40.13	40.17		37.95	40.5	39.43	44.47		39.11				34.55	32.35	35.05	31.49	36.93				34.53	40.11		36.65				46.81	41.87	47.42		44.47	36.53	37.39	34.35	33.99			46.41				51.41		45.31		34.19	38.55	41.79	45.91	33.97					42.39		44.39	33.89	44.55	39.21				34.61	36.15	36.5	41.31			42.65			33.07			40.19				38.75	43.77	46.07				40.87		38.69		39.45			45.73				46.41	40.35	38.51		31.77				46.09			41.87	35.17	37.89		40.61				41.57				42.09	38.53		39.53	32.75		52.11	62.51	33.91	38.49	35.69	36.55										38.79									47.19			136.75	39.23			32.63					44.03	36.87						45.09									39.99									39.71	36.3
2190291		37.15	45.43								41.05	35.33	46.11	46.24	40.23				37.65	35.97	37.73	36.45	34.98	42.71							35.01	39.35	32.07	37.195	38.09	47.29		46.77				77.14	34.67		39.02	40.27	42.91	43.93				38.25		40.47		34.9	36.24	37.05	38.23	43.33			38.65			33.82	36.74		42.35	44.33	39.13	41.65			38.97		34.01	35.92		43.89	42.97		43.03					37.05	33.25666667		40.79666667			35.75		40.93					31.95	41.03	47.09	49.43			36.79	33.56				38.57							38.84		34.35	38.05	37.03	41.58	33.31	44.21				37.35		37.11	35.97		39.87				38.29	34.81	33.35				39.55						42.47		33.51	38.37	44.95	47.23					42.19	35.79	34.85	34.48	37.91			43.09	44.93				39.41	30.17		31.77									36.59		32.34									36.99		40.61		42.85			36.54		31.37	36.41										38.49		33.47		48.51							38.45	40.11	47.07		44.49		39.23									36.31		46.79								38.41	41.81	30.69	33.79							46.75	33.21
2190292			48.37								41.07	41.43	48.03	49.51	51.37				43.06	38.37	39.59666667	39.44	43.15	46.55				49.63			40.59	41.53	38.36333333	42.46	41.18333333			45.63				81.68	39.63	38.77	43.57	43.66	49.38333333	49.09		48.19		44.61	39.21		37.07	36.53	40.33	39.47		46.83						35.72333333	37.13	43.81	45.47		44.15	41.93			40.89			45.83	42.41				44.37					39.97	38.92	39.61	45.77666667			44.35					34.09		43.11	47.06	47.13				39.77	41.75	41.43		40.35			46.73					40.65		37.28	42.71	42.45	48.72	40.89	51.49					35.81	44.71	40.85	47.01						41.89	40.56	35.81	42.57								42.47		36.39	41.53	46.93	51.24				45.25	60.01	43.08	39.21	40.01	40.61		48.03	47.49					39.39		40.17	40.03						51.67		40.61	37.25		37.89	44.65		49.65						40.83	45.07	42.93				49.89	42.47		41.61													39.11		52.09							58.27		50.57								47.75		46.39		43.09	43.19			51.83								41.81									47.91	40.35
2190293			48.66									42.07	47.83		50.48				43.23	38.79	38.27	41.63	44.1	46.33666667				48.67			39.65	36.89	38.33	41.83	43.54			46.21				82.53	39.43	38.77	43.41666667	44.04				48.37		54.11	38.87			36.95	40.27	43.81		47.81						36.68	38.72	45.91			43.95				36.51			43.61	42.7		53.03							39.31	38.61		47.35666667	48.15		44.93							41.7	46.45666667					40.69	41.63666667	40.34		41.26	47.11							45.87		38.02	43.34	43.19	49.45	49.57							43.07		45.69						37.93	41.45	37.8	41.56		50.31						42.93		38.6		46.45	50.79	51.21				59.85	43.45666667	39.77	43.37	40.97		50.47	48.43					40.43		42.93	41.05	39.91	43.89						40.61	37.75	40.87	40.28333333	45.35								42.03	45.09		41.77		53.01	66.79	44.85		41.61		38.97							44.51				38.93		53.35							43.89	136.75			45.87								46.99		41.61		45.45	49.17								42.47	41.48									47.97	41.93
2191759		49.1	48.13								38.55			46.25				40.61	42.67	34.39	37.99	40.65	43.15							40.73		38.23	38.99	41.35	45.33	46.45	52.33	37.09			42.87				36.58	44.27	47.29					45.59	34.29			37.2	40.75	46.01	47.41				41.31	37.33		40.23	41.13		48.33						39.01			40.36	44.15						45.39			36.55	35.67	38.43	44.93				44.39				42.04	37.99	47.15	47.56333333				40.35		35.37	38.79	39.3	41.36333333	48.47	47.45	50.11							33.55	40.79			46.43					38.95			39.12						39.53				43.63		47.23				42.31	45.25	39.23		38.11	44.91		52.67	48.12					44.01	40.39		38.69		45.11									42.11		46.4	51.83	51.75				39.43			41.69	46.61	46.27	49.43											51.95			44.6												40.16	48.1									47.97							57.55							39.47	44.75		47.61	51.87										40.13				48.25					
2191760		49.1	48.13								38.55			46.25				40.61	42.67	34.39	37.99	40.65	43.15							40.73		38.23	38.99	41.35	45.33	46.45	52.33	37.09			42.87				36.58	44.27	47.29					45.59	34.29			37.2	40.75	46.01	47.41				41.31	37.33		40.23	41.13		48.33						39.01			40.36	44.15						45.39			36.55	35.67	38.43	44.93				44.39				42.04	37.99	47.15	47.56333333				40.35		35.37	38.79	39.3	41.36333333	48.47	47.45	50.11							33.55	40.79			46.43					38.95			39.12						39.53				43.63		47.23				42.31	45.25	39.23		38.11	44.91		52.67	48.12					44.01	40.39		38.69		45.11									42.11		46.4	51.83	51.75				39.43			41.69	46.61	46.27	49.43											51.95			44.6												40.16	48.1									47.97							57.55							39.47	44.75		47.61	51.87										40.13				48.25					
2191761		46.48	48.74	48.99							40.65			50.13			43.45	41.91			37.53	40.47	43.85							47.61		39.33	36.87	42.75	46.24	52.03		44.31			102.13		33.91		38.03	44.63	47.35									37.52	40.23666667	46.65	46.53				41.89	42.19		38.61	40.95		50.51									41.18	44.65	47.23	47.86				46.01				36.33	38.47	45.69				39.85				43.64	43.13	45.13	47.04333333				44.41			40.77	42.51	42.18	46.95		49.71								40.45			70.13									46.59					45.6				44.11	45.97	47.99				47.19	46.31			38.39	43.19		53.13	50.71					46.03	41.79		40.69		47.39							44.55		39.27		45.63	52.75	51.87				39.01			43.53	49.51	49.21						46.59				50.85		56.71			44.57												43.11	32.07																51.19											52.51																			
2191762		46.1	47.62	43.57										47.91			43.27			40.75	37.35	39.31	41.44							43.43		37.75	35.51	42.06	46.03	47.75		39.49			43.17	39.65	31.57		39.42333333	44.03	47.35					45.41				35.55	39.40333333	46.27	44.55				39.13	39.95		38.22	40.13		45.95						40.11			40.70333333		49.07	47.19				48.99				38.01	37.61	47.83				39.85				41.3		46.41	46.78				47.91		43.15	39.13	39.97	40.64	48.13		48.67											51.43					42.45									45.83				44.73						44.99	48.21			37.99			51.65	48.68					43.89	40.89		39.45	49.23	45.53							42.03		39.8		45.29	51.49	52.19				39.31			40.21	48.75666667	47.79												52.31			44.69																		54.41						43.91					52.55											49.61											44.91								
2191763		48.44	49.05	52.11										46.81			43.71			41.37	38.95	40.52								45.15		37.55	36.93	42.28	47.59	50.53		40.25				39.11			44.75	44.45	48.13					45.41				37.81	40.59	48.11	47.79					39.95		38.18	40.61				44.35						41.91	39.36		50.87					48.99				39.57	36.65	46.56				47.03				42.17	38.91	46.45	47.38333333				46.47			38.25	40.45	42.96333333	49.56		50.05											49.84					44.45										43.67			47.65	45.31		47.79	51.01		46.97				39.37	42.71	48.93	51.65						47.35	40.89	42.41	40.27	49.75							43.99			41.77		46.15	51.63					40.19				47.84333333	49.47										46.01		51.89			44.53		40.85																55.91						43.91					55.18								45.91										56.25			42.23									
2191764		49.29	47.73	48.75										45.61			43.57			40.29	38.95	40.51	42.5			40.81				45.07		30.81		41.9	46.79	49.15		39.67				39.03		39.59	42.65	42.93	47.05					45.29				36.41	40.36	44.97	45.11				44.81	38.15		38.13					44.77							39.11			49.05									38.71	47.83								40.69		47.15	47.13666667				45.71			36.14	40.69	43.65	47.96		50.33								41.77		47.13	45.66					36.61			43.33	46.39					40.25				44.65			48.25	51.79		44.89				39.93	43.53		54.69									41.15								41.91			41.33		43.77	52.39					40.25		40.93		47.53	48.43							39.65			49.13		49.87			45.27		42.57		48.31							40.83		40.59					56.01								46.31			57.21								44.37			48.55							44.13			42.23									
2191765		49.29	47.73	48.75										45.61			43.57			40.29	38.95	40.51	42.5			40.81				45.07		30.81		41.9	46.79	49.15		39.67				39.03		39.59	42.65	42.93	47.05					45.29				36.41	40.36	44.97	45.11				44.81	38.15		38.13					44.77							39.11			49.05									38.71	47.83								40.69		47.15	47.13666667				45.71			36.14	40.69	43.65	47.96		50.33								41.77		47.13	45.66					36.61			43.33	46.39					40.25				44.65			48.25	51.79		44.89				39.93	43.53		54.69									41.15								41.91			41.33		43.77	52.39					40.25		40.93		47.53	48.43							39.65			49.13		49.87			45.27		42.57		48.31							40.83		40.59					56.01								46.31			57.21								44.37			48.55							44.13			42.23									
2191766		48.21	44.23	47.29										47.77			42.83		36.51		39		43.91							44.25		40.39	34.29		44.97			40.41						39.59	37.43	44.33	49.68					46.91				36.73	40.13	48.61	44.79							38.36				52.47								41.15		48.61	48.27									39.57	49.27								36.43	40.71	66.73	46.43				44.83		40.91	38.05	42	42.26	49.05		48.21								42.63		48.25	46.17					36.67				47.82					42.4	44.95			42.09	49.19			51.27		48.73				40.49	43.03		53.25	53.07				44.71	43.17			42.53								43.75	51.7		41.53			52.93					40.17		41.43	42.51														52.21	51.29		45.27				36.09							44.59								49.91										54.56											53.51							43.81			42.69									
2191767		47.75	49.59	35.87													42.53		37.17		42.35	40.61	44.95							42.19		32.47	37.17		49	52.51		39.43			43.45	42.4		41.85	43.07	43.99	50.79						41.49			38.23	40.55	48.83	43.71				45.13			38.84			49.21									41.03	44.27		47.49										45.87								37.09	41.51	67.43	45.92				43.13		40.43	37.75	42.47	41.77	49.13		49.19								42.17		49.09	48.49					42.95		41.25		47.86		45.07			42.15	38.77	43.63		39.49	48.91			52.17		45.21			39.81	39.73				54.02				43.75				42.05								41.95	44.85		41.35			54.06					40.17		38.29	42.93	51.69			43.83					29.57		41.41	48.55		49.6		45.45		41.55										43.39					54.45			49.91										52.06								45.05			47.31										40.05									41.25
2191768		48.77		44.87							40.27		50.59				42.11		36.87	37.17	42.03	41.19	46.69							45.03		38.59	37.81		46.43	53.51	53.43	39.27			41.81	38.25		41.41		44.93	46.43						42.05	38.83		38.99	41.56	47.59	44.21							38.25	38.85										42.67	41.61	43.13												42.79								37.44		46.89	45.41				44.51		39.11	38.98	41.33	41.29	48.85		50.33								41.55			46.31							39.31		44.7						40.43	39.4			49.69			49.53		44.25				39.09	42.53	49.81				48.21		43.11					50.77							41.67	44.71		39.17		47.21	51.31					38.91	40.73	44.04	40.11	53.95			42.39								47.15		51.85		43.47		41.75										43.05		34.99																53.13								42.83			46.43							42.35			42.09	45.83								40.99
2191769				44.87									48.01	48.99			42.05		41.53		41.43	39.05	44.45							42.05		38.75	37.36		45.32	52.29					42.03			40.27		43.05	41.03						42.55	39.98		38.38	42.03	46.35	43.03				44.07			37.39	39.71		49.07	52.01							39.01	41.33							47.45						45.93				48.63				37.07		46.41	46.84				43.03		38.91	37.49	38.88	41.04333333	47.13		48.31								41.45		47.73	46.84							39.15	38.63	46.01					39.95		40.41			48.09			51.39		44.25				38.27	42.59	48.93				45.61		42.83	45.19			38.03	50.03							41.11					44.67	50.29					38.91		40.36	40.85	53.95			44.45				44.71				48.53		51.71		44.67		37.67				46.65						43.39	36.95	32.51			51.05			51.23			49.37							51.05								42.45			49.15							43.23			40.05	44.49								41.77
2191770			48.93	40.07									48.29	47.23			41.33		40.6		41.43	40.93	43.9							41.93	36.39	37.99	37.43		46.19	47.73	50.99				43.47	39.25		40.81	41.77	43.33							45.83	39.05		39.57	40.11	46.71	43.79				45.65		38.59	39.08	41.17										42.87	41.23	43.49		40.05				49.77					37.93	47.31								38.18		44.11	47.71				44.79		41.29	39.98	42.27	41.88333333	48.13		50.85								42.37		48.61	43.71							40.67		46.55					39.95	49.87	44.97			48.83			54.57		50.23			40.01	39.49	47.01	49.93	51.67			48.31		44.95	45.6			42.07								47.25					45.27	51.67666667					40.83				51.69			44.45				44.71	36.45					49.21			45.13	37.35										43.35	36.95	35.07		49.49	47.89			50.23																				54.71											41.51	45.93						46.33	45.85	
2191771			48.49	36.71									46.19	47.59			44.71		42.17	37.31	41.51	39.13	45.87							47.43	45.4	38.81	36.79		45.6	51.77		42.83			43.65	38.91		41.23	43.07		45.22	45.67						40.18		38.70333333	42.05		45.13				49.21		38.25	38.27	39.29										35.25	36.71	60.03		49.67		58.11		49.77		37.45			38.51	43.49								39.09		45.83	67.17				44.79			38.98	42.51	42.47666667	48.23		50.79								57.25		49.61	46.6	52.35								46.93						45.35	42.23			47.55	123.79		54.57		50.23			42.33	39.67			51.79					46.67	45.61666667			42.69			52.47					46.61			40.53		48.35	53.66					40.45				49.89		50.37					45.41	36.63					52.95			45.15	41.01		43.87								42.91		34.59		50.15	51.37		50.17				53.01															63.63		51.03											42.08								45.67	
2191772			47.53	36.71									46.01	47.09			43.39		38.27		41.03	39.03	43.61							39.13	39.87	37.81	36.89		45.76	50.25	52.27	42.83		44.35	43.15	37.97		40.05	42.29									39.8		39.76	41.46	48.49	46.03				46.27		38.23	37.76			47.91								36.5						47.11		47.67					38.83	44.83								38.24		44.37	44.18		45.43		45.61			38.83	41.03	41.48		47.31	48.35								59.69		48.23	48.06	46.01							42.53666667	46.65						42.51					109.91				47.91				38.79	42.77	47.23	51.79					45.21	43.29			40.71								41.85			39.27			52.9				61.73					49.29							42.81	41.71					53.23			43.53	39.97		43.55								43.25				48.19									47.17												38.41	63.23		54.91											42.74	46.21								
2191773			49.47	47.27									48.05				43.39		38.07		40.41	37.35	44.34							44.53	36.27	32.91	37.57		45.39	50.13	52.75	45.39		43.83	66.17	38.99	34.43	41.73	41.56									38.72		38.85	41.2	47.75	45.67				42.91		38.23	38.89			49.57	45.41							39.19	39.77							49.07			39.39		38.37	45.85								36.77			46.49		45.43		45.37			39.49	42.29	42.73		46.35	47.01												47.59				39.69			41.41	45.99					42.75	40.96333333					110.07				50.77			38.71	38.05	42.87	49.23	51.73	49.89		44.17			43.79			40.97								42.01			39.56			52.21				61.59					46.09		52.67						43.63			49.09		52.03			44.01	39.79												27.77		48.21				49.59										51.44							43.15	44.45		54.57			51.45								42.51	46.65								
2191774			46.45	48.79									46.91	47.13			44.25		37.37		40.57	39.2	46.27		45.83					46.55	38.65	32.19	35.85		46.97	44.11	52.63				42.27	38.44		41.01	41.2									38.28		38.51	41.63	46.67	45.35				42.91		36.15	37.42			45.33								38.56								50.05			40.59		38.25	46.43								37.63			46.91		45.43		45.49		36.37	34.67666667	38.49	41			46.55									50.53			47.59							40.49	46.95					42.01	40.62333333					109.01	47.59						38.05	37.82	42.35	48.99	51.73	47.05		44.17		44.13	42.37			40.67			48.6					40.87			39.54		49.77	50.21				43.29					45.39666667		48.21						40.81					47.81			43.85	39.81		43.13									40.71	27.77		48.96	50.85			51.41										49.84							38.41	44.45		54.57											41.59	45.85								
2191775			47.03	46.99									46.19				45.35		38.27		40.37	39.71	45.59								34.81	37.87	36.85	42.81	44.96	49.63		45.39		45.65	43.13	33.35		40.71	41.21									37.75		38.39	42.31	47.39	45.39				42.91		37.71	37.42	40.91		46.31						37.13		37.45	41.51	43.95									40.89	34.69	38.85	46.43								37.77			46.23				44.27		35.63	34.61	36.17	41.43666667	48.19		47.61								56.75	48.47			50.55							41.52	45.79					41.51	68.45					109.03				47.17			35.35	40.13		49.39	52.05	49.73		44.17			45.43			41.43					48.69			45.23			40.37			53.13				44.45					45.26		47.65						42.53					51.21			43.16	39.99											48.77			50.16				51.49										53.17								44.59		50.89											42.51									
2191776			45.99	45.69							37.85		46.53		45.99		44.67			42.87	41.49	39.17	44.41								40.75	39.39	36.83	43.65	44.71	48.03	51.31	44.13			42.81			41.17	41.75	47.81								39.09		39.13	41.61	45.69		51.47						39.07			48.15								39.81	40.87	44.23						50.87		37.85	41.71		40.17									38.04		47.83	45.83	50.07			45.43		38.01	36.65666667	38.39666667	41.61666667	47.23		47.73									49.03	46.25		53.37								45.89					40.85						111.59	52.37			49.79			41.53	39.28	45.37	47.8	50.95	54.81					44.63666667			42.29			52.45		49.45			44.55	48.71		40.82		49.85	54.29				45.61					46.17		51.79											53.71			40.99	39.83											46.67			49.42				51.75								47.33		51.55								42.83													40.55	45.67								
2191777			45.33	48.35									47.95		44.27		44.07				41.51		43.59									37.35	36.98		45.31	49.49	51.71	44.25			43.17			41.17	41.22									38.31		37.95	40.34			50.23						37.63									42.27		38.61	40.22333333	42.51						50.87		37.21	39.75		41.71	45.49								37.94			45.47	50.07			45.19		37.35	38.71	36.25	40.29666667											42.51	46.33	47.29									39.92	48.05					41.63	40.13				48.97	48.67	48.65			45.57	47.19			38.62	42.55	46.35	52.19	51.66		44.65			43.57			40.89		50.21			50.73			43.93			40.63		48.21	52.12				45.17					44.77		48.33											50.79			43.79	38.65																		48.79																		41.19		179.87											40.39	44.11								
2191778			46.15	49.01							35.69				43.75		46.19				41.53		43.29									37.33	35.48		47.01	48.97	51.45	44.25			42.05		36.57	40.99	41.79	44.97										36.27	40.67	44.91		49.45						37.32											42.09	40.19666667	42.51						50.87		37.21	40.63		40.97									38.04		44.21	45.93				45.19		37.13	39.27	39.13	41.41666667			46.21									44.39	44.95									40.59	46.39						39.89				47.09	49.59666667	45.73			45.57	47.19		41.53	38.67		46.89	48.95	53.45					43.15			41.53		46.45			47.15			42.61			41.45		44.21	50.1				42.93					46.05		47.67											50.35			40.51	38.73														47.73				48.79								47.31										39.53													40.55	43.65								
2191779			44.23	46.11									45.95		43.75		41.71		36.91		38.53		41.83		49.63							39.63	36.06333333		43.36	48.59	50.87	42.89			40.35		34.71	40.17	40.65	42.81										37.57	40.81			47.85						36.52											38.94	41.03	42.51								36.79			39.47				46.17	43.89				35.89			45.33				45.09		35.17	37.56	36.09	40.69			47.23									42.99	44.93									39.03	43.87					40.71	44.57				48.97	49.35	48.43			47.19	48.19		39.35	37.72		45.49	47.43	48.59		43.01			42.75			39.55		45.78			47.57			40.91					42.97	48.14				43.41							49.25											49.67			40.79	40.16														46.79	46.51								42.91			45.33										36.75		48.15											38.73	44.6								
2191780											37.49		44.19				48.57		43.42		43.99	43.46	43.77		48.79							41.65	38.07	40.96	46.62	49.31		48.13			46.41		37.23	40.17	42.27	43.01										38.48	40.53666667		43.45	49.19						34.79			48.81						46.79		40.75	41.03	43.59	42.31					51.03		38.61		43.95	38.33				47.37	45.63				38.97			46.33						38.09	38.53	36.05	41.70333333			48.55									47.73				43.97							47.69					59.39			35.61		48.72	54.27	51.51	50.07		47.19			40.99	38.70333333	44.75	49.55	48.27	50.07		43.87			45.93			41.53		48.55						44.13	44.73				45.81	49.99				47.15		48.89					51.01								46.59	45.05						43.12							57.89							48.22	48.47								44.57			49.81									41.97	43.71					50.01								42.11	46.79						42.87		
2191781													50.19				52.35		41.89		45.27	44.46	44.67		48.65							41.73	39.54	41.35	46.17			48.13			68.25	49.81	44.75	42.19	43.82											38.40333333	42.01666667			49.85						34.79			48.24								41.71	43.25									40.43		42.48				45.71									69.57	49.75					41.39		40.05	42.57			148.09																				49.11					92.95			39.39		51.55	81.43	54.67						41.65	40.47	41.25		51.39				43.19		45.77			43.21	52.35		52.07					47.97	46.75					54.37			51.75			47.97	41.51													64.05						45.15				56.59										51.09	52.21														56.34							44.13													44.51	143.79						47.67		
2191782		46.75													50.95		52.57				44.89	45.63666667	72.33									42.37	39.12	44.53	43.33			48.75			67.99	45.69		44.93	44.59											40.92	41.37									37.37			87.04								42.09										42.05			41.53			45.71									85.71	51.51			47.37		114.47	41.65			50.27															49.31															39.39			55.29								41.59	35.55	61.97	53.93	51.13			43.19		84.27			43.21											43.25			54.07				47.49			42.41																																	48.39	53.71														57.19							44.17	46.87												44.51									
2191783		50.37																	45.95		44.17	44.4	71.65									42.45	40.28		45.21						68.43	183.31		41.83	44.81											40.08	42.96333333												49.57								41.99										41.03		54.49	42.19												85.69				48.11		114.69			44.07													49.89			49.31															39.39	71.29		74.22								41.55	45.11	98.47	53.67	57.33					83.73			43.21	53.09													53.67			53.85			47.97		34.49																																51.99	53.63														56.85							44.41	46.79												44.51									
2191784		50.81															52.17				44.01	46.53	71.53									42.63	40.25	46.51	45.81			48.91			67.99	55.49	41.35		47.27									45.25		40.58	42.80333333									37.47			49.81								43.37	43.85	45.23										38.93	40.43			48.39									84.79	53.13			47.19		114.89																49.93																					56.49	111.35							42.09	42.19	97.27	49.17	54.18					83.95			44.07	53.23				49.35			60.29						50.35						42.11		36.45												48.99					45.97	45.69														52.13	53.63								44.17						56.55						43.81	43.75	47.31												44.21							42.89		
2191785		51.09									45.57						51.29				41.03	44.75	46.15	49.37								41.83		42.73	43.16			47.61			240.55	49.7	35.89		45.25	44.55								43.77		39.23666667	42.1			48.13						37.77			48.95								41.81	40.39	43.45										37.69				44.19	44.47					39.39			85.01	50.19			45.55		40.27	42.36		42.77		50.97	52.73								42.19		47.23									44.99												52.6	49.29						42.03	41.31		48.47	46.15	52.42			45.47					42.79	51.79				49.35			47.37			39.31			52.73	56.01					42.45		47.61																	44.91	44.33	36.87											35.45		50.97	53.95														55.19						43.09	42.65	45.71				51.77								42.19							45.65		
2191786		50.75	48.21	47.79							46.43						48.31			36.55	41.47	42.87	46.96		47.55							41.11	35.37		43.92		53.11				44.21					44.13		48.99						42.69		38.35	40.45666667	46.03		46.91						36.97			46.91		51.07		45.25		40.53	42.65	37.49	41.57											40.1			48.35							38.59			40.39				44.97		39.87	42.66		40.04	46.69	50.78	47.55								40.69	46.75	50.19	51.59										49.25				43.95				41.27	47.91	51.33	55.33			48.69			40.27	39.73	42.65	46.24333333	45.97	52.22			43.63					41.45					50.79			44.75			43.37		44.63	51.01	51.65					43.99		46.21		47.25							37.49			43.91				51.91	42.77	39.09	39.39				49.45	50.79								47.99	54.41													48.81	52.81						40.53	41.43					51.03								41.71							47.95		
2191787		45.65	43.87								46.43						48.31			37.09		40.18	44.35		42.53			43.67				38.59			43.28		46.11			40.15	40.67							44.23								37.96	42.06	44.45		45.03						37.19	41.03	45.59	44.65				45.25		39.63	42.65		36.99		43.75									35.89		44.23	50.13	40.97		44.13							44.83	47.53	41.69		44.97				38.27	37.39	45.01	41.89	47.34									43.03	44.77	51.59								43.97	43.91					41.67			35.95	40.39	46.26	49.31	46.63			47.61			36.47	39.13		43.29	45.5	50.13			37.75		40.85			39.37					50.49			44.49			40.05		44.01	48.75	47.55									45.47			42.11				34.55		43.53						41.79	36.91	37.83					51.75						32.49			53.96										41.37			47.83	47.87							39.81					46.79								42.53	42.07						40.79		
2191788		48.91	43.91								43.51						48.31				38.65	40.51	47.18		47.53							39.09	34.55		42.69	48.75	54.25		44.05	41.23	43.23					43.63		45.81								37.11666667	39.29666667	45.75	42.45	47.21						35.27	42.49		43.59		48.55		44.15		39.45			40.85		43.83									38.01		45.17	52.59			44.51				36.31			45.37	47.15			44.17			40.3	36.07	39.53	45.51	44.53	47.43								39.97	43.03	43.88	49.83								40.03	45.39								36.83	40.39	47.33666667	52.75	53.97			45.63			39.95	38.93		44.06	48.16	51.23666667			38.51					39.81			51.09		46.85			43.53			40.05		47.63	51.43	53.35					42.57		45.87		47.09			45.25				34.55			44.89					41.05	37.43	37.09	41.29			52.91	51.63						31.55			55.76													49.25							39.13	38.85					48.2								42.43	42.8						44.55	39.75	
2191789		49.25	46.99							53.51	43.05						48.71					38.39	46.65	44.31	48.95							38.91	33.37	39.59	80.84	47.19	53.97	34.31		41.23	42.53				42.69		45.03									37.11	39.09	45.99		45.97						35.27	40.87		45.47		50.33		42.65					39.55		44.23									34.65		45.04	57.01		45.25	44.59						40.07		48.43			41.91		36.03	41.33		39.71	45.13		46.07	51.03								45.87		49.63								42.63									40.85	39.65	48.83	50.95	49.99			47.61			40.15	37.61	38.47		46.72	50.37666667								41.31					46.65			44.37			40.93			50.07	51.57							40.88		44.79			39.19				42.05		44.59	43.99		45.29			41.23	39.39	37.71	41.27	43.93		52.29	50.09						35.81			53.07										39.77			50.61	48.95							38.17	45.59				47.98								41.59	42.34						43.69	36.99	
2191790		50.87	47.63								44.89			51.55	53.87	52.97	47.13					40.37666667	45.8	47.27								42.17	36.06	44.07	83.05	46.74	56.19		48.39	43.65	44.57				46.01	45.89	47.01	48.93								39.63666667	42.6			50.75						38.17	42.45				51.65				43.63			43.77	45.59666667	45.17								96.57	40.06		53.8	61.39		48.37							45.95					44.37		38.47	48.19	40.45	41.95		44.59		54.01						39.25		48.05		51.29								43.43		51.27							37	42.25	46.91	82.45	53.59							38.01	41.63		49.31	52.26								42.49			53.57		50.32			44.89						52.49	50.09								41.47	49.86			42.99									48.13				42.93					46.93	50.33						35.09	40.43	48.61	54.91										41.91	49.17		50.37	49.29						40.63	41.09					47.98					41.35			41.01	43.89						44.43	44.61	
2191791		52.67	50.79								49.49			51.85	53.41		51.29					43.95	46.64333333	46.97	50.05							42.15	37.51	43.6	44.31				51.05						45.14	47.61		51.93								40.15	42.71			51.27	51.93								47.19									44.25	45.23										38.17		54.6			47.19							45.53			46.13		44.69		40.69	47.95		43.42										41.29		50.91		51.29																		42.11	47.61	55.07	175.39							40.83	43.99		49.76	54.83								42.21				50.69	51.75			64.19			42.97													50.29							40.61			45.57						43.37													40.09	51.41											42.39			52.17								41.41			50.31		48.91					43.11			41.01							46.97		
2191792		52.67	50.79								49.49			51.85	53.41		51.29					43.95	46.64333333	46.97	50.05							42.15	37.51	43.6	44.31				51.05						45.14	47.61		51.93								40.15	42.71			51.27	51.93								47.19									44.25	45.23										38.17		54.6			47.19							45.53			46.13		44.69		40.69	47.95		43.42										41.29		50.91		51.29																		42.11	47.61	55.07	175.39							40.83	43.99		49.76	54.83								42.21				50.69	51.75			64.19			42.97													50.29							40.61			45.57						43.37													40.09	51.41											42.39			52.17								41.41			50.31		48.91					43.11			41.01							46.97		
2191793		51.85	49.18											48.93	50.95666667		50.11					41.83	44.77	46.59								42.19	38.07	43.22	44.29				48.79		46.13				44.51											40.22	42.72	44.95						41.23			43.95	49.55	48.28		51.23				39.93			43.19	45.02												45.25	52.11									45.69			47.81		46.13		38.59	46.83		43.45										40.47	47.57	49.15		50.67														44.21			40.97		47.43	51.33	55.45							40.07	44.26		50.31	53.73								43.35								46.99	45.35		43.19												44.53	48.6										46.05		52.43				41.41						51.27						34.87	42.91												41.49			51.29								42.83			51.95		49.96					62.51			40.57							49.39		
2191794		50.99	48.14	48.23										51.07	51.44333333		46.75					41.79	44.89	45.85	47.35							41.17	38.07	42.55	45.25	47.29			47.79	42.17	45.69				43.89	45.01			46.01	46.51						39.24333333	43.09		44.31	52.41	50.33			40.15		35.79		50.47	47.95		52.61				39.11			42.43	46.69				47.41						40.94		45.85	54.93		48.63							47.71			48.25				39.31	43.31		42.43		49.89								39.85	48.47	47.81		50.43								41.47		49.27				44.03	40.63				47.74	54.29	54.93							39.79	42.67666667		49.28	53.21							38.95	42.57			45.57	52.75				47.25	43.93		42.75		45.81									42.51	42.29	48.55						42.33				45.39					42.89	37.39				46.43	49.05	50.01						34.98	40.27	44.36											37.43			51.29								39.23	45.85		50.39		49.6					43.23			39.59	42.74						49.33		
2191795		53.45	49.81	52.75									47.87		52.92		49.97		131.41			40.11	44.31		44.49							42.21	37.68	42.6	45.46	50.95			48.57	43.27	46.25				46.49				47.21	49.55						40.29666667	41.14		46.33	49.09	51.31					35.79		49.49	46.97		54.95						39.69	47.11	43.85				46.19						41.61		47.49	55.51	44.85								46.97	45.99		50.03				41.17	45.5		41.49										41.07	44.96	50.85		50.67								44.95		47.81					46.51	37.47	38.43											38.18	43.47	47.35	49.55								38.97	39.6								47.65														41.95666667		47.65										45.37						41.95												41.05	42.27			53.37									45.25			53.39								41.93			51.81		54.81					42.97			39.59									
2191796		52.91	50.1	46.13									45.39	48.81	50.41666667		43.57		41.15	35.85		40.09	41.51									41.31	36.37	43.73	43.68	49.71			44.83	41.27	43.81				42.48				46.99	47.73				36.49		36.36333333	40.05	45.47			50.15					35.49	42.17	48.23			50.55							43.31	42.73				44.85						36.80333333	39.47		57.93	44.85								47.33	45.73		48.99		46.61					40.99		48.17								38.43	44.42	42.55		48.51									44.83	46.95					40.15	39.31	39.51		45.39									39.97	42.14		49.31									39.57								45.29					43.17									38.48333333	41.15	46.64	51.19					40.99				44.07		51.81				40.01						48.11						39.67		47.35		49.27									41.93			50.37								39.61			49.41		46.56					42.11			38.77				44.83			48.53		
2191797		52.91	50.1	46.13									45.39	48.81	50.41666667		43.57		41.15	35.85		40.09	41.51									41.31	36.37	43.73	43.68	49.71			44.83	41.27	43.81				42.48				46.99	47.73				36.49		36.36333333	40.05	45.47			50.15					35.49	42.17	48.23			50.55							43.31	42.73				44.85						36.80333333	39.47		57.93	44.85								47.33	45.73		48.99		46.61					40.99		48.17								38.43	44.42	42.55		48.51									44.83	46.95					40.15	39.31	39.51		45.39									39.97	42.14		49.31									39.57								45.29					43.17									38.48333333	41.15	46.64	51.19					40.99				44.07		51.81				40.01						48.11						39.67		47.35		49.27									41.93			50.37								39.61			49.41		46.56					42.11			38.77				44.83			48.53		
2191798		51.99	48.2	46.03								41.61	47.55	47.47	50.59666667		43.91		43.19	35.87		38.65	42.66									39.41	37.05		43.92		58.41		42.75	39.15	42.77				42.68	45.05		43.67	44.35			43.41		36.91		39.17666667	42.21	45.75								38.89		48.19	46.49		51.65							41.70333333	43.66				46.39					39.63	39.88	39.31	45.73	50.13	44.55	47.03							46.77	46.33	45.87	48.49		43.83		40.53	44.63		42.55			46.85							39.99	44.86	43.19		48.55									46.65	47.74333333					43.02	41.05					52.91							39.31	42.45	45.43	49.87	48.93		45.07						39.41	46.21							43.95		41.99			44.21									40.28333333	42.79		52.31					43.65			45.69	45.3		50.69				38.85						50.87						39.25						49.15							44.05			51.43								43.83					48.51					41.19			41.15							46.49		
2191799			48.91	53.99								41.81	48.79	47.31	53.91		44.33		46.52				43.5	47.49			43.23					41.27		40.95666667	44.21		53.22333333		43.49	42.93	42.45				42.09666667	42.81		44.49	44.35			42.97				40.11	42.45									41.13	41.27		46.63	48.25	52.33				41.02			40.27	43.4		47.41		47.33						39.75	39.41	45.23	47.14	45.89	46.55	42.29						45.05	44.37	45.87	47.87		43.83		42.37			42.3	46.49	47.22	48.27							39.27	44.35	44.01	48.95	47.95	44.21	46.23	42.93					44.73		47				41.62	40.71	41.75		40.55		48.89	51.83		45.57					39.23	41.51	46.31	50.65	49.39			44.73				39.07	39.35	43.95	48.02	50.45		48.03		46.01	46.76					44.93		50.01							40.73		46.83	51.29	46.15				43.53		41.63				52.07										51.75					40.19			44.93				49.21		51.83		42.45			44.05			51.43				46.35				44.05					49.19		47.63			41.27		36.65	40.17			53.53				46.31	46.43	
2191800		45.51	47.65	47.93								42.19	47.01	46.69	50.51		46.63		155.02	38.35			43.95	45.75	46.51						38.17	41.79	37.55	41.67	44.81		63.43		42.15	43.01	45.71				42.29666667			47.94					41.73	38.05		37.36333333	38.65			48.57			44.65			37.79	42.86333333								43.17			40.15	44.15	48.19	49.77		42.68						40.31	39.17	48.15			45.11	39.53						41.81			46.06				38.51	43.85666667		42.62		47.85	47.38							40.89	40.95	38.89		49.45									47.83	48.7				45.94	45.83	37.49				50.19	53.01		45.39					39.27				49.81					44.27		36.67	40.35		48.51			51.97		48.47	44.93					44.99		50.89	46.31		44.03				44.09	47.19	45.47		46.27	44.17			43.27		42.77				51.35																		45.09						56.31		43.29									51.87										50.67					47.13			40.33									
2191801			50.11666667									43.87	46.52	47.39			46.63		47.04	41.78	40.03		44.19									37.97		42.51666667	45.5		63.43		47.63		113.01			40.83	43.69					46.25	52.11			40.47	39.27	44.51666667	40.93	42.07		49.57						49.33666667	45.39			50.77	55.83	46.85						43.78333333	45.13	51.11			49.23							43.15											41.01	46.89		50.35					45.28		43.99		49.53	48.5						41.91	41.63		42.07	49.61	52.21										50.82				45.99	42.9			41.97		49.24	53.39		47.85					47.81	44.16	49.33		50.01								40.67	47.03	47.79			49.25			53.42					45.15		50.53							40.43	47.76	47.91		46.99	45.97			44.63		44.51	42.09			52.09		48.01	44.55							48.91						40.03		46.47				49.57		52.43		43.41							48.21		50.53					59.75		44.41			50.93								41.9									
2191802	42.17	49.63	45.63666667	47.85								43.87	41.23	45.13	45.79		38.79		44.1	43.33	37.69		43.29				46.17				37.41	37.97		38.34	42.51		52.43		40.97	43.75	39.17			36.57	40.39	40.79		40.03				39.91	42.51	34.99	34.83	35.29	38.45			45.29	47.77		44.37	43.97		36.41666667	44.89		46.93		53.07				40.33			39.07666667	43.01	42.43	45.29		45.95							39.55	43.35		42.59		44.23666667						38.89	42.74		42.27				35.71	37.36		40.33		45.31	47.01			45.43		44.73			39.77	39.05	46.21	44.71		37.6							45.87	47.3				42.21666667	39.44	40.71	37.97				48.37							39.29	37.89	43.09	47	45.53			43.63		45.13			37.55		47.79					46.79	51.59	41.21				42.91			44.53		43.59	114.67			37.86	43.61			41.33	43.87			41.83		42.91					46.43		43.23							48.57		49.69				40.03		43.93				49.57					39.95						44.85		46.19	43.63				42.79					46.58								40.33									
2191803	46.93		49.33	41.55								43.87	48.81	48.91	50.43		44.21		42.25	37.8	40.08		44.4	42.35			45.93				37.05		40.39	39.22	43.29		50.79		41.79	43.75	112.25			37.89	40.82	43.23				46.47		59.43	43.03		36.77	37.71	39.75	39.83		46.29	47.09		46	43.97		37.30333333	41.04333333		47.39		54.81						39.73	39.63	45.35				46.73					41.81	36.99	40.45	44.51		42.59	46.43	44.55						36.83	43.25		50.35		45.99		41.79	38.83	38.89	41.17	46.07	46.78	48.41					49.41	39.93			40.25	51.35	51.97		43.58							45.87	46.57				43.40333333	41.32333333		45.69			51.45	50.83	51.45	43.37			43.97			41.97	46.41		48.37					44.93		39.37	39.69		47.79			47.55		46.53	46.55					41.79									38.99	47.21			47.01				41.95	40.41	44.58						44.91	42.35	39.19						51.41		48.95				39.39	44.31					47.95		57.29			39.95					49.53	44.17		45.59							50.23			50.13					42.79			41.65			51.01						
2191804	46.23		49.17									43.59	48.39	50.79	51.7	49.79			43.51	37.9	40.09										39.73			41.51666667				45.89	45.51	42.05	45.15			38.49	39.75			46.35		49.43			42.47		36.95	41.73	40.68			48.11	47.09					62.45	41.43666667		48.67		53.41				42.83		41.04	41.17	46.33		50.87		43.14					38.86	38.66	39.81	47.01				44.63						46.1	46.04		47.43		42.97		38.55	47.22		43.09	48.33	47.67	49.09			49.91		48.95	39.93	39.12		40.03	49.15	50.45	47.85		45.01						48.31	46.57				43.67	42.9					51.41	52.95		46.41					40.49	44.79	47.51	305.97	49.97			45.73				39.55	41.03				52.33			48.27	44.18	43.21			40.55	43.85			47.73			40.63			38.51	45.81			47.01				121.95	41.01	42.96	41.59			52.09	47.29		43.39									47.35					41.87	46.17	51.77			48.94					41.27								49.41							50.23			48.05					41.97		42.79								49.07		
2191805			45.63										45.57	51.59	52.93			43.09	40.37	37.49	39.08					42.15	46.51			64.17	38.55		34.67	38.67		41.11		47.77	41.39	42.97	41.81	37.13		39.43		41.57				45.97			41.41		38.47	37.88		37.31		42.53			44.59			35.81	45.85				54.33				44.39			33.83			59.81							37.95	36.9						45.33						38.43	46.25		47.65		44.77		29.71	35.21		41.95		47.13	45.23			48.74		47.57	36.63	35.3			53.77	41.45										46.33				43.6	41.17	38.99					51.81		49.93			42.55		38.97			46.37	45.91					44.61			38.15				51.23	47.97	49.91		44.19	43.99										38.85				46.15							43.83						53.09		45.05			40.65																52.59	51.61		44.47																					51.29					44.47												40.01
2191806			45.63										45.57	51.59	52.93			43.09	40.37	37.49	39.08					42.15	46.51			64.17	38.55		34.67	38.67		41.11		47.77	41.39	42.97	41.81	37.13		39.43		41.57				45.97			41.41		38.47	37.88		37.31		42.53			44.59			35.81	45.85				54.33				44.39			33.83			59.81							37.95	36.9						45.33						38.43	46.25		47.65		44.77		29.71	35.21		41.95		47.13	45.23			48.74		47.57	36.63	35.3			53.77	41.45										46.33				43.6	41.17	38.99					51.81		49.93			42.55		38.97			46.37	45.91					44.61			38.15				51.23	47.97	49.91		44.19	43.99										38.85				46.15							43.83						53.09		45.05			40.65																52.59	51.61		44.47																					51.29					44.47												40.01
2191807	39.41	39.93	40.62								32.69	37.39	38.99	41.91	38.81	40.09			34.4	34.87	32.92	30.91	37.21	38.09		38.77	33.15			48.85	37.51	31.03	31.59	33.77	36.47	40.41		30.67	39.79	34.65	34.95			30.55		37.58333333	37.16	37.99		43.39			34.15		28.09	34.23				41.29	43.39		38.59			34.19	33.01	38.11		45.35	40.93	34.91			32.17		33.79	36.27	39.59	38.31	42.89		36.37	42.81				31.39	32.31	35.13	36.09666667			46.63	39.39	36.17	34.81				34.47	38.76	40.27	45.35		32.89		35.28	34.27		34.24		39.65	39.2	36.45		43.29		36.67	35.69	32		40.83	43.77	33.91	34.83		33.45					34.25						38.51	38.07	37.13	35.47			41.49	42.47	46.01	36.51			40.65	38.45		33.85	35.37	41.59	40.76				40.49	32.35	33.75		31.63			42.51	43.45				39.15	33.05				36.61				39.07		33.95	32.91		31.71	33.99	45.53						36.38		37.57	36.17	33.67		37.03		36.13		33.65												32.89			41.01			40.79		50.84			36.55													32.61		41.31	42.37		37.29							33.03					36.65					
2191808	35.93	38.77	45.11				36.11				35.15	33.93	38.08	42.94	47.93	40.09			34.72	37.21	34.66		40.53	39.17		31.95	35.59			46.35	31.09	38.87	30.85	35.77	38.05666667	40.6	39.49		36.61	33.47	38.95	36.55		35.03	37.8	39.48	36.83	36.35		37.01			34.54	34.87			35.15	42.13	40.81	41.15	40.63		39.23			32.47	32		43.2	41.01	45.09	36.33			41.12		31.79	36.36		40.65	42.89	35.15	41.94					34.48	30.14	37.33	35.79				36.61	38.83					34.7	38.91	39.25	41.97		41.55	34.13	35.16	36.77		35.56		37.51	38.57	40.01		42.6		40.15	33.25						35.71		44.39					32.59						37.47666667	34.35	35.83					41.61	42.11	41.75			40.65	34.23	29.93	37.69	39.59	43.8	45.25			36.09	40.31		33.27	35.33	29.55			41.63	38.07		44.05		35.37	41.07						40.93		40.56		37.09			34.15	35.49	44.27		41.63				37.89	34.41	39.47	35.73	33.81		45.21		38.7	38.41	33.65				41.79											39.39		46.07			55.03			41.93					42.51										39.93	40.93		41.21							32.67	35.83	39.53			45.43			38.13		37.13
2191809	43.51	42.95	44.22				45.29				35.33	35.17	44.45	48.38	45.27	48.17			36.98	37.05	32.79			40.97		37.51	36.19			59.43	39.77	36.59	35.77	36.73666667	44.51	42.61			36.69	39.39	43.51	36.55		35.21	37.6	42.21		42.39					38.96				37.3			41.21			36.09			30.27	36.11	40.65	43.67	45.33	38.87	43.69			40.52		31.79	40.05	36.57	42.21	50.85		42					36.82	35.24333333		42.73				36.61	38.15					38.11	43.15				41.55		37.9	38.01		38.45		44.75	40.28333333	38.27		45.24		43.17	38.55	35.3	42.99	34.43	45.63	37.09	45.53		43.77		43.48			32.45	42.83	45.75				39.10333333		41.19	35.86				47.69	51.35	41.75			38.83		38.61	37.69		47.64	46.29		40.93	44.59	40.99	37.23		35.49	38.69			44.73	45.31		41.69		37.45	41.47								39.97		35.67			38.51				39.61				39.45	38.91		34.71	35.24			42.25	38.29																	44.99		40.97			43.91		40.51	40.91									44.79						48.51	46.97		41.15							40.49								36.81	41.29	
2191810	32.49	34.07	41.21				35.57	39.15	32.35		33.51	35.17	38.68	37.71		35.87			34.95	33.12	31.87	31.11	37.97			38.43	36.19			47.33	31.11	31.97	31.76	33.66333333	38.42	38.99			38.31	33.49	32.65				37.28	36.44333333				41.09			26.73				34.11	34.19		37.57			35.48	34.71		31.53	33.35	37.49	38.73	41.53	34.91			34.21	34.01		30.55	36.21		41.37	37.57		35.95					29.83	33.62		37.68	37.39			34.57	37.17	36.81		26.25		31.07666667	38.01				31.93			31.81		33.27	39.11	39.49	36.66333333	39.41		44.2		34.98	30.75	30.52	31.35		40.15	38.19	35.89		33.29		34.93				39.03	35.59				36.64333333		31.43	34.53	33.79		35.09	36.55		34.81			39.97	33.43	29.83				37.61			36.79			33.31		31.81	32.21		39.33	36.65				35.65					35.13	39.63				27.09	32.67	34.27		29.65	32.51	43.71		41.67				37.3	34.21		33.53	31.77	35.21	41.49	37.55	38.41		32.67	31.63			37.37		34.83			34.11	33.65	31.37	31.93			37.45			41.91				33.99	36.79			38.07						35.57		38.87		33.63		39.17	33.65		35.37					32.33	31.21	30.59	30.96							32.27	34.45	
2191811	32.49	34.07	41.21				35.57	39.15	32.35		33.51	35.17	38.68	37.71		35.87			34.95	33.12	31.87	31.11	37.97			38.43	36.19			47.33	31.11	31.97	31.76	33.66333333	38.42	38.99			38.31	33.49	32.65				37.28	36.44333333				41.09			26.73				34.11	34.19		37.57			35.48	34.71		31.53	33.35	37.49	38.73	41.53	34.91			34.21	34.01		30.55	36.21		41.37	37.57		35.95					29.83	33.62		37.68	37.39			34.57	37.17	36.81		26.25		31.07666667	38.01				31.93			31.81		33.27	39.11	39.49	36.66333333	39.41		44.2		34.98	30.75	30.52	31.35		40.15	38.19	35.89		33.29		34.93				39.03	35.59				36.64333333		31.43	34.53	33.79		35.09	36.55		34.81			39.97	33.43	29.83				37.61			36.79			33.31		31.81	32.21		39.33	36.65				35.65					35.13	39.63				27.09	32.67	34.27		29.65	32.51	43.71		41.67				37.3	34.21		33.53	31.77	35.21	41.49	37.55	38.41		32.67	31.63			37.37		34.83			34.11	33.65	31.37	31.93			37.45			41.91				33.99	36.79			38.07						35.57		38.87		33.63		39.17	33.65		35.37					32.33	31.21	30.59	30.96							32.27	34.45	
2191814		40.19	48.54				36.95	38.99	33.91		36.99	38.87	41.32	48.18	40.71	44.97			37.75	37.02	34.11	38.09		45.45	39.72	41.41	38.39				37.41	36.99	32.26	36.38	37.56333333				39.93	42.31	43.39	33.97	33.15			38.22				38.83			37.73	35.27		34.79	37.74	37.13		41.75			41.67	35.73		36.05666667	33.3	36.75	42.43	45.15	48.75				36.17		31.77				43.83		41.73				38.73	36.43	35.88	38.55	37.06			41.29	35.89	48.29		33.27			33.05	40.67	46.47	47.97		41.11		36.81			35.05		44.05	40.81	47.15		43.01		48.19	34.25	34.27	34.95		42.34	46.95			41.19		39.03			36.53		38.11				35.85	36.29	39.11					46.05					40.05	35.15	33.83		35.15	41.25	45.59			35.69	41.81	35.68	33.01		28.77		42.05	41.51	41.71				45.87								42.71		37.19	38.29	36.03		33.37	41.59			45.25	41.87			37.74	37.17	34.29				43.53	41.61	41.07	40.11	35.02									37.93	40.11	34.77							44.79		49.31		36.11	38.15									39.95				42.67		38.39	44.19		45.85						38.57	32.99	35.53				41.21			40.61	38.59	37.21
2191820			36.23				33.35		34.61		35.09	29.29	33.79	34.75	38.17	36.19			30.83	28.95	27.56	31.48	32.8	34.67							31.41	30.53	28.01	31.96	33.12333333	35.63		34.81	35.07	33.11		33.16	30.33		33.85	33.79		37.63				32.93		33.07		26.51	32.95		35.13	34.73			33.75			30.53666667	30.03	33.83	34.37	37.93	35.03	40.71		33.63		31.23		31.84	32.90333333	34.96	34.01		34.03					28.85	29.33666667		36.2			36.23		34.95		34.85			30.19	32.71		35.03		32.75	33.67	31.83	31.05		32.53666667	35.47	34.43	39.09	35.61		37.71		38.21		27.52	34.57	31.49	35.53	33.97					31.91		27.81	32.46	36.47	39.21				33.35	31.63	32.44				37.38333333			32.85	34.47		31.59	30.83	29.43	33.69	32.97	37.37	38.77			30.95	34.21	31.98	29.45	28.51	31.11	34.95	35.97	36.53	36.01			34.1	32.91	30.19		29.67		35.67		38.61			33.87		38.13		26.61	33.23			34.59				32.91	36.64		33.07	33.76	35.65	39.89	34.21	35.11	32.54	29.07		30.03	31.17	36.66					37.03		29.22		31.15	32.93	48.51					37.67			36.31				31.81	28.71				33.39				33.22			34.7									29.21	31.13	33.79	39.13						34.39	33.19
2191821		37.15	45.43								41.05	35.33	46.11	46.24	40.23				37.65	35.97	37.73	36.45	34.98	42.71							35.01	39.35	32.07	37.195	38.09	47.29		46.77				77.14	34.67		39.02	40.27	42.91	43.93				38.25		40.47		34.9	36.24	37.05	38.23	43.33			38.65			33.82	36.74		42.35	44.33	39.13	41.65			38.97		34.01	35.92		43.89	42.97		43.03					37.05	33.25666667		40.79666667			35.75		40.93					31.95	41.03	47.09	49.43			36.79	33.56				38.57							38.84		34.35	38.05	37.03	41.58	33.31	44.21				37.35		37.11	35.97		39.87				38.29	34.81	33.35				39.55						42.47		33.51	38.37	44.95	47.23					42.19	35.79	34.85	34.48	37.91			43.09	44.93				39.41	30.17		31.77									36.59		32.34									36.99		40.61		42.85			36.54		31.37	36.41										38.49		33.47		48.51							38.45	40.11	47.07		44.49		39.23									36.31		46.79								38.41	41.81	30.69	33.79							46.75	33.21
2191822			46.97								98.43	40.61	46.49	45.09	45.14				40.97	30.39	34.87	39.60333333	39.03	40.9				43.75			39.95	43.91	34.78	37.995	38.05666667			57.17				81.76	36.57	33.57	42.15	38.67	45.75			43.81			42.71	37.63		33.08	36.87666667	38.31		44.89	44.59		41.07			32.32	34.45		41.72			38.51		38.13	41.73			44.49			37.47		47.17				39.05	36.87	38.81	39.87	38.75			43.51		40.77					41.81	40.4	43.35				38.13	58.43			39.59		45.79	44.91			46.93		41.21		31.93	42.67		46.44	38.43	51.49					34.67	35.17			32.33				36.91	37.41	40.5	36.01	36.73		45.23			33.85			32.09		33.51		42.07	50.09						45.43	34.45										40.63						45.83			47.17		36.59	36.59		34.89	44.13		42.85								35.65					40.11		33.82											28.13		36.37									58.27		47.07			36.81					41.99				45.43	41.87		46.07									35.79									38.25666667	39.77
2193289		49.1	48.13								38.55			46.25				40.61	42.67	34.39	37.99	40.65	43.15							40.73		38.23	38.99	41.35	45.33	46.45	52.33	37.09			42.87				36.58	44.27	47.29					45.59	34.29			37.2	40.75	46.01	47.41				41.31	37.33		40.23	41.13		48.33						39.01			40.36	44.15						45.39			36.55	35.67	38.43	44.93				44.39				42.04	37.99	47.15	47.56333333				40.35		35.37	38.79	39.3	41.36333333	48.47	47.45	50.11							33.55	40.79			46.43					38.95			39.12						39.53				43.63		47.23				42.31	45.25	39.23		38.11	44.91		52.67	48.12					44.01	40.39		38.69		45.11									42.11		46.4	51.83	51.75				39.43			41.69	46.61	46.27	49.43											51.95			44.6												40.16	48.1									47.97							57.55							39.47	44.75		47.61	51.87										40.13				48.25					
2193290		44.67									41.77			46.23					42.03		38.25	39.92	42.97		47.27					41.59		36.77	35.47	41.67	43.56333333	46.09	49.67	35.41			41.87	39.13			38.19666667	43.49	47.29					45.01	37.75		37.71	36.16	38.99666667	45.29	45.19				41.31	36.43		38.09	39.13		44.59						38.19			39.82333333	44.42						43.93			35.97	35.67	38.07	43.5				43.01				40.41	37.99	45.47	46.71666667				43.09		41.01	38.19	38.65	41.31666667	49.63		49.73							32.77	40.89			47.59					38.95			38.76						41.47	40.13			43.45	48.91	45.07		47.53		41.39	44.15	37.85	39.35	37.05	40.72		52.67	48.04					43.81	40.39		38.45		46.7					47.55				42.11		45.31	51.65	50.93				39.43	33.37	40.29	40.47	47.96333333	47.41	51.15	46.65				45.09	30.55					51.77			40.16333333												40.03							49.79			47.97							53.36							40.31				49.79										38.97									
2193291		44.62	45.89								38.83			48.71			41.45				38.6	40.27	41.37							44.85		37.41	38.27	43.12	46.03	48.55		38.29			43.91	39.59	33.41		36.79	43.85	47.35					44.73				36.51	39.22333333	45.73	45.41				41.31	36.31		38.92	38.51		45.8						40.01			39.66	43.67	45.97					46.01			37.85	35.67	36.07	45.69								42.28		45.57	44.80333333				43.95		39.59	39.14333333	39.7	40.99666667	47.29		49.33								40.31			50.41					42.29									44.8	40.39			42.63	48.91					45.19	46.31			38.26	42.61		52.27	50.21					44.55	41.79		40.29	49.49	44.07							42.79		39.27		45.63	51.45	51.33				39.43	33.93			48.79666667	46.51						46.59	31.41			47.57		53.83			37.43												40.83	31.65																53.59								44.71			48.65																			
2193292		48.43	46.76	41.59										46.43			40.99			39.17	36.35	38.64	40.92							43.43		36.09	34.72	40.85	45.35	45.73		36.85			41.81		31.57		40.99	42.05	46.83					43.31				34.45	38.8		44.37					38.27		37.3	39.07		44.07						38.01			39.23666667		47.35	46.25				45.07				38.01	37.29	46.17				46.85				40.33		43.17	45.88333333				44.19		41.07	39.45666667	38.69666667	40.14	47.89		46.91								40.73			48.21					42.45			39.83							40.75			38.95						44.99	45.91			36.37		48.47	51.65	44.91					43.05	41.79		37.21		44.83	49.79						41.59		38.31		44.84	51.49	52.19				39.31	39.21	39.61		47.40333333	46.67						45.51	43.63					49.47			42.09	38.81										39.67								48.21										53.47											49.61																			
2193293		48.21	46.89	45.17										45.89			42.91			40.03	37.56	40.63	41.65							45.07		30.71		41.95	47.97	48.89		39.15			43.87	39.17	33.53		41.96	42.37	48.13					43.31				37.59	41.11	46.29	45.67					38.27		37.79	39.95		47.96		44.23				41.89			38.86	49.55						47.65					38.73	45.99				44.13				41.31		45.75	46.69666667				45.61		39.61	39.61	39.02333333	41.89666667	48.9	48.73	49.59								41.07			48.23					42.45										43.04			45.35				48.89		47.05				37.99	42.06	48.81	51.65						42.39	40.89		39.33								43.19			41.65		44.8	51.59					40.19		41.96		48.36	48.49		43.85										51.17			44.53											41.15																										44.19			49.81							56.25												
2193294		49.29	47.73	48.75										45.61			43.57			40.29	38.95	40.51	42.5			40.81				45.07		30.81		41.9	46.79	49.15		39.67				39.03		39.59	42.65	42.93	47.05					45.29				36.41	40.36	44.97	45.11				44.81	38.15		38.13					44.77							39.11			49.05									38.71	47.83								40.69		47.15	47.13666667				45.71			36.14	40.69	43.65	47.96		50.33								41.77		47.13	45.66					36.61			43.33	46.39					40.25				44.65			48.25	51.79		44.89				39.93	43.53		54.69									41.15								41.91			41.33		43.77	52.39					40.25		40.93		47.53	48.43							39.65			49.13		49.87			45.27		42.57		48.31							40.83		40.59					56.01								46.31			57.21								44.37			48.55							44.13			42.23									
2193295		48.24	43.83	42.07										46.31			41.49			39.81	45.95	40.6	41.43			40.81				45.07		30.73		41.13	46	47.22						36.75		39.59	41.6	41.15	45.63					42.45			41.49	36.75	40.25	45.25	44.59	45.57			44.81	37.11		38.13			45.49		44.77							38.01	49.27		44.59									38.41	47.21				47.47				37.55		47.05	45.41				44.65			37	41.03	41.59	46.32										41.11			49.31					36.61									44.23										41.99				37.98		49.41	50.25	47.43		45.87						39.85								40.39						50.93					36.95		43.33		49.33	45.75							44.29					51.67	48.39		35.67				48.31							41.29							56.01	50.79							46.31											42.09			48.01							43.55			32.59									
2193296		48.58	46.86	41.03										48.09			42.83				40.99	40.33	41.97	45.13		40.81				38.35		32.05			44.57	48.37						39.95		39.59	40.94	40.45	46.07					41.83				36.17666667	39.91		45.73				46.33			38.84				51.09								41.09		47.69	44.45				48.33				41.43	38.95					47.07				36.41	41.51	47.31	47.56333333				44.65		40.87	36.65		41.45666667	49.76										42.27			46.17					36.67				47.38					39.79	44.95	44.13			51.97		50.17	50.43		41.99				38.19	43.35		49.87	49.97								39.71								39.67	46.11		42.11		48.11	51.4					40.25		43.87			43.97		45.45				44.37	44.29								42.31											43.53								49.59					43.69			49.09		57.17							40.63	45.75			48.05							43.37			39.89									
2193297		43.85	45.96	38.85										90.15			42.83		44.79			40.35	44.5			41.27						32.91	37.17		45.58	53.63						37.05		40.97	42.93	41.77	51.25					40.63	38.81			37.05	42.41	47.99	42.03				43.19			34.67			46.33	47.69							32.61		47.47			29.31			49.23				41.43		43.35				47.81				37.09	40.11	44.29	46.03				43.13		39.87	37.45	35.85	39.575			49.07								42.23			46.45					38.05		39.45		47.07		44.15			42.47	40.01	43.05			45.45			52.61		45.21			42.01	38.67		50.39		47.81		44.59			45.43			38.31								40.49			40.71			50.11	46.49				36.89		35.03	43.03	49.57	46.13		45.31					27.95					50.12		45.45		35.91										38.81				46.67				49.57									45.57				44.09				37.79	45.75		43.23	45.55							43.53			40.05	43.35								41.31
2193298				44.87									48.01	48.99			42.05		41.53		41.43	39.05	44.45							42.05		38.75	37.36		45.32	52.29					42.03			40.27		43.05	41.03						42.55	39.98		38.38	42.03	46.35	43.03				44.07			37.39	39.71		49.07	52.01							39.01	41.33							47.45						45.93				48.63				37.07		46.41	46.84				43.03		38.91	37.49	38.88	41.04333333	47.13		48.31								41.45		47.73	46.84							39.15	38.63	46.01					39.95		40.41			48.09			51.39		44.25				38.27	42.59	48.93				45.61		42.83	45.19			38.03	50.03							41.11					44.67	50.29					38.91		40.36	40.85	53.95			44.45				44.71				48.53		51.71		44.67		37.67				46.65						43.39	36.95	32.51			51.05			51.23			49.37							51.05								42.45			49.15							43.23			40.05	44.49								41.77
2193299				44.87									48.01	48.99			42.05		41.53		41.43	39.05	44.45							42.05		38.75	37.36		45.32	52.29					42.03			40.27		43.05	41.03						42.55	39.98		38.38	42.03	46.35	43.03				44.07			37.39	39.71		49.07	52.01							39.01	41.33							47.45						45.93				48.63				37.07		46.41	46.84				43.03		38.91	37.49	38.88	41.04333333	47.13		48.31								41.45		47.73	46.84							39.15	38.63	46.01					39.95		40.41			48.09			51.39		44.25				38.27	42.59	48.93				45.61		42.83	45.19			38.03	50.03							41.11					44.67	50.29					38.91		40.36	40.85	53.95			44.45				44.71				48.53		51.71		44.67		37.67				46.65						43.39	36.95	32.51			51.05			51.23			49.37							51.05								42.45			49.15							43.23			40.05	44.49								41.77
2193300			49.25	42.07									48.21	46.57			43.29		41.86		38.03	39.64333333	42.87							39.97		36.53	35.11	42.99	45.1	47.89					40.43	37.73		40.81	42.7	41.93	44.57							38.55		38.76	39.53		44.83				41.99		37.51	37.59	38.73										39.06	40.43	48.09666667	46.45	47.43				49.77					39.81	47.77				48.63				37.33		43.23	43.78				44.79		41.27	40.13	42.53	41.45	47.97	48.29	46.08								41.05			45.36	46.11						37.47	38.53	46.19		41.57			39.95	42.59				44.36			51.87		50.23				39.1	41.71		51.67			44.53			44.85666667			40.55								45.45					44.43	50.75					40.45			40.85	47.79			44.45				44.71	35.81					51.87			41.33	36.43				47.71						42.91	36.21	32.93		48.55	47.37			48.61													49.25					44.51		51.03										37.61	36.45	44.81								41.77
2193301			48.49	36.71									46.19	47.59			44.71		42.17	37.31	41.51	39.13	45.87							47.43	45.4	38.81	36.79		45.6	51.77		42.83			43.65	38.91		41.23	43.07		45.22	45.67						40.18		38.70333333	42.05		45.13				49.21		38.25	38.27	39.29										35.25	36.71	60.03		49.67		58.11		49.77		37.45			38.51	43.49								39.09		45.83	67.17				44.79			38.98	42.51	42.47666667	48.23		50.79								57.25		49.61	46.6	52.35								46.93						45.35	42.23			47.55	123.79		54.57		50.23			42.33	39.67			51.79					46.67	45.61666667			42.69			52.47					46.61			40.53		48.35	53.66					40.45				49.89		50.37					45.41	36.63					52.95			45.15	41.01		43.87								42.91		34.59		50.15	51.37		50.17				53.01															63.63		51.03											42.08								45.67	
2193302			47.25	36.71									49.09	47.39			44.25		41.91		41.23		46.37		44.49					46.55	41.11	38.77	36.89	42.94	45.93		50.69				43.15	37.91		41.23	41.74		44.71							42.53		38.75	42.19	48.51	47.13				49.83		38.73	38.2			49.83								36.82		44.83		45.47		47.87		49.27		36.89		37.05	38.39	47.19								38.64		45.36	46.07		45.43		47.21		39.85	38.61666667	41.33	41.19666667			51.43								55.35		48.35	49.25	44.55								47.33					42.4	42.24					109.75							54.11	39.01	43.65	48.22	46.63					46.45	43.97			40.67			49.83					40.87	43.43		39.84		50.07	53.13				45.19					48.15		50.59					43.19	35.67			47.07		51.59			42.65	40.09		43.51								43.45				49.21	50.85			51.25					48.51												39.9	44.75		54.91											42.48	45.97								
2193303			46.45	48.79									46.91	47.13			44.25		37.37		40.57	39.2	46.27		45.83					46.55	38.65	32.19	35.85		46.97	44.11	52.63				42.27	38.44		41.01	41.2									38.28		38.51	41.63	46.67	45.35				42.91		36.15	37.42			45.33								38.56								50.05			40.59		38.25	46.43								37.63			46.91		45.43		45.49		36.37	34.67666667	38.49	41			46.55									50.53			47.59							40.49	46.95					42.01	40.62333333					109.01	47.59						38.05	37.82	42.35	48.99	51.73	47.05		44.17		44.13	42.37			40.67			48.6					40.87			39.54		49.77	50.21				43.29					45.39666667		48.21						40.81					47.81			43.85	39.81		43.13									40.71	27.77		48.96	50.85			51.41										49.84							38.41	44.45		54.57											41.59	45.85								
2193304			47.15	43.29									48.13	48.21			45.35		38.33		40.89	40.67	44.25		44.49					46.55	38.65	38.77	36.35	41.47		49.03	53.85				44.49	38.97		41.87	40.36	48.13	44.03							38.17		37.86333333	42.01	47.51	45.79	50.41		45.15	48.71		36.15	37.99	40.99		47.47								38.73	40.74	45.91						50.05			49.67	37.57	39.41	47.43								39.78		43.49	47.45				46.73		40.23	38.62	38.91	40.47	49.35										40.79	49.11	48.05	50.71	50.73								49.37					42.76	43.55			42.33		110.57							53.03	37.2	43.09	50.37	51.85	52.73		48.15		44.13	43.65			40.99			48.97		47.99						38.17			49.28				43.29					46.75666667		49.37						43.27					52.03			39.89	39.81		43.13								44.41	40.71		35.71	47.51	50.85			53.37										49.97							38.41	42.77		54.55											41.59	46.11							44.77	
2193305			46.57	46.05									46.85				44.67		37.27		39.3	39.54	44.49								36.85	39.83	36.39	39.19	44.89	48.03	49.83	43.97			43.13	34.17	37.91	40.71	41.93	47.21								38.15		37.78	40.69	47.07	45.53	49.63			48.71		36.09	37.98			46.85								36.89	39.34	45.42						50.15			42.25		40.17	46.43								37.91			43.79				44.27		40.07	34.57	39.31	41.1	46.99		46.99								55.29	49.61	46.21		50.73								48.19					42.65	40.5				47.29	109.77	51.95			47.17			52.47	38.48	45.37		51.67	54.81		46.23			43.95			41.41		47.61						42.81			36.31		49.79	49.7				43.19					46.22		48.39						34.95			48.79		51.37			43.62	39.25											46.25			49.12	54.99		71.39	51.15								45.51		51.88333333								43.01		50.51								43.07			41.87									
2193306			45.99	45.69							37.85		46.53		45.99		44.67			42.87	41.49	39.17	44.41								40.75	39.39	36.83	43.65	44.71	48.03	51.31	44.13			42.81			41.17	41.75	47.81								39.09		39.13	41.61	45.69		51.47						39.07			48.15								39.81	40.87	44.23						50.87		37.85	41.71		40.17									38.04		47.83	45.83	50.07			45.43		38.01	36.65666667	38.39666667	41.61666667	47.23		47.73									49.03	46.25		53.37								45.89					40.85						111.59	52.37			49.79			41.53	39.28	45.37	47.8	50.95	54.81					44.63666667			42.29			52.45		49.45			44.55	48.71		40.82		49.85	54.29				45.61					46.17		51.79											53.71			40.99	39.83											46.67			49.42				51.75								47.33		51.55								42.83													40.55	45.67								
2193307			46.15	49.01							35.69				43.75		46.19				41.53		43.29									37.33	35.48		47.01	48.97	51.45	44.25			42.05		36.57	40.99	41.79	44.97										36.27	40.67	44.91		49.45						37.32											42.09	40.19666667	42.51						50.87		37.21	40.63		40.97									38.04		44.21	45.93				45.19		37.13	39.27	39.13	41.41666667			46.21									44.39	44.95									40.59	46.39						39.89				47.09	49.59666667	45.73			45.57	47.19		41.53	38.67		46.89	48.95	53.45					43.15			41.53		46.45			47.15			42.61			41.45		44.21	50.1				42.93					46.05		47.67											50.35			40.51	38.73														47.73				48.79								47.31										39.53													40.55	43.65								
2193308			46.15	49.01							35.69				43.75		46.19				41.53		43.29									37.33	35.48		47.01	48.97	51.45	44.25			42.05		36.57	40.99	41.79	44.97										36.27	40.67	44.91		49.45						37.32											42.09	40.19666667	42.51						50.87		37.21	40.63		40.97									38.04		44.21	45.93				45.19		37.13	39.27	39.13	41.41666667			46.21									44.39	44.95									40.59	46.39						39.89				47.09	49.59666667	45.73			45.57	47.19		41.53	38.67		46.89	48.95	53.45					43.15			41.53		46.45			47.15			42.61			41.45		44.21	50.1				42.93					46.05		47.67											50.35			40.51	38.73														47.73				48.79								47.31										39.53													40.55	43.65								
2193309			45.27	45.11									45.07				42.37				40.83		42.18		45.95							38.39	34.61		42.91	48.01	47.61				40.25		34.69	40.45	41.55	41.72								35.05		35.28	40.98			45.15						36.58											38.04	38.05	41.77								35.69	40.39	36.57	38.99					43.91				36.88			45.33				43.19		35.17	36.33	36.25	40.59666667			46.27									43.37		47.59								38.43	42.61					40.75	38.89			41.05	47.09	49.3	41.87			45.03	44.67		38.75	37.52	40.85	45.61	46.45	51.77		41.91			40.82			38.01		48.85			43.47			38.93	43.97				41.21	48.08				43.41					42.59		47.25											48.61			39.95	38.19						44.37									46.51	48.05		47.37					40.73													36.53													40.65	43.35								37.85
2193310				50.57							37.21		49.29				44.65		41.99		41.89		45.13		48.65							38.39	37.21	41.55	45.81	47.8	52.73	48.13			44.41		35.95	40.45	44.15	42.91										36.37666667	41.86			46.91						34.79			47.17									39.87	43.73						51.03		38.61		43.79	42.71					45.63				38.57			46.49				43.19		40.09	38.91	40.65	41.82			48.6									47.73	45.83															42.71	106.55	33.59	35.61	43.55	47.3	51.31	49.57			47.19			40.95	38.86333333	40.91	46.69	48.01	49.59		43.53			41.99			41.95		47.23	51.21					41.71	44.77				43.85	54.37			52.01	47.85							51.51															43.23						51.27									48.47								44.57			50.19										43.1													42.11	47.57						42.61		
2193311			47.69								37.87		48.55				49.85		43.14		44.85	43.71	45.51		48.57							39.71	38.98	45.43	44.87						67.23	189.27	44.75	42.19	44.11	42.69										37.76333333	43.09666667			49.05						35.19		45.09	48.61								40.15	42.05									39.57		41.77		71.93										46.45	85.49				47.61		39.67		41.99	41.81			149.23										49.89	52.89									46.59	66.83				43.49			39.39		48.6	80.21				48.33				39.83	41.61	47.79	52.27	53.57					45.77			42.49	52.35		49.49	45.91	49.35			45.47	49.63					51.53			49.17	46.41			40.61	33.39												48.55						43.66				56.05										51.67	48.47								46.15						56.59					46.91		43.56		50.01											39.97	94.98						44.57		
2193312		50.37																	45.95		44.17	44.4	71.65									42.45	40.28		45.21						68.43	183.31		41.83	44.81											40.08	42.96333333												49.57								41.99										41.03		54.49	42.19												85.69				48.11		114.69			44.07													49.89			49.31															39.39	71.29		74.22								41.55	45.11	98.47	53.67	57.33					83.73			43.21	53.09													53.67			53.85			47.97		34.49																																51.99	53.63														56.85							44.41	46.79												44.51									
2193313		50.37																	45.95		44.17	44.4	71.65									42.45	40.28		45.21						68.43	183.31		41.83	44.81											40.08	42.96333333												49.57								41.99										41.03		54.49	42.19												85.69				48.11		114.69			44.07													49.89			49.31															39.39	71.29		74.22								41.55	45.11	98.47	53.67	57.33					83.73			43.21	53.09													53.67			53.85			47.97		34.49																																51.99	53.63														56.85							44.41	46.79												44.51									
2193314		52.05	51.25								46.69										43.69	46.54	64.25		47.57							42.71	41.77		46							54.35	42.89			46.59								45.03		40.62	43.125																				43.15	43.12	45.23										39.03	41.33	50.17											84.83				47.43		91.83			43.43		45.67											49.91																					56.11								40.91		97.31	52.19	53.53					83.73			43.41	53.09							213.49						49.47						42.43		36.45																		45.97						68.73								52.75	53.63														55.97							43.35	46.43				53.35								44.19									
2193315		48.69	60.89	47.79							45.57						49.43				42.25	44.05	46.79									41.83			43.3						240.47		35.95		44.45			54.19						45.03		38.25	41.55666667			49.97									50.19		55.09						41.89	41.17																							49.03	40.55				45.55			42.63		44.05	49.09	48.58									42.05	47.29	50.19	53.37										49.25				42.95	43.73				48.81	51.95	55.47							41.01		47.99	52.19	53.2			44.77		45.65			43.19	51.47							45.75			42.45		45.55	52.23	54.79					40.85		46.77					44.41							46.95					43.51	43.91												35.45		52.37	53.95														55.19						43.89	42.77					51.27								42.67							45.05		
2193316		49.15	47.55	50.77							43.51		43.65				48.31				41.35	42.52	47.35		49.01							40.43			44.08333333				44.05		43.81					44.33		48.99						42.03		38.83666667	41.10333333	46.69	45.29	46.47						36.97					49.47		44.15		39.95		37.99	41.71							50.59			38.15	38.56		43.11	50.29							38.59							44.31		38.65	41.79	38.45	41.35		44.65	49.75666667									47.13	49.69	53.37								41.53		51.39				41.85					47.41	51.2	53.43			45.63			37.23	39.43		46.57	47.95	51.47			42.43					42.69666667					46.69			44.65	49.71		42.47		45.47	51.21	51.53					42.57		45.43					40.79				34.55			46.25				51.09	42.77	38.11	39.39				50.95	50.81								48.17	55.36													48.99							40.35	41.75					49.61							40.57	41.71							43.19		
2193317		48.91	43.91								43.51						48.31				38.65	40.51	47.18		47.53							39.09	34.55		42.69	48.75	54.25		44.05	41.23	43.23					43.63		45.81								37.11666667	39.29666667	45.75	42.45	47.21						35.27	42.49		43.59		48.55		44.15		39.45			40.85		43.83									38.01		45.17	52.59			44.51				36.31			45.37	47.15			44.17			40.3	36.07	39.53	45.51	44.53	47.43								39.97	43.03	43.88	49.83								40.03	45.39								36.83	40.39	47.33666667	52.75	53.97			45.63			39.95	38.93		44.06	48.16	51.23666667			38.51					39.81			51.09		46.85			43.53			40.05		47.63	51.43	53.35					42.57		45.87		47.09			45.25				34.55			44.89					41.05	37.43	37.09	41.29			52.91	51.63						31.55			55.76													49.25							39.13	38.85					48.2								42.43	42.8						44.55	39.75	
2193318		48.91	43.91								43.51						48.31				38.65	40.51	47.18		47.53							39.09	34.55		42.69	48.75	54.25		44.05	41.23	43.23					43.63		45.81								37.11666667	39.29666667	45.75	42.45	47.21						35.27	42.49		43.59		48.55		44.15		39.45			40.85		43.83									38.01		45.17	52.59			44.51				36.31			45.37	47.15			44.17			40.3	36.07	39.53	45.51	44.53	47.43								39.97	43.03	43.88	49.83								40.03	45.39								36.83	40.39	47.33666667	52.75	53.97			45.63			39.95	38.93		44.06	48.16	51.23666667			38.51					39.81			51.09		46.85			43.53			40.05		47.63	51.43	53.35					42.57		45.87		47.09			45.25				34.55			44.89					41.05	37.43	37.09	41.29			52.91	51.63						31.55			55.76													49.25							39.13	38.85					48.2								42.43	42.8						44.55	39.75	
2193319		49.25	47.65							53.19	43.17		47.19	45.63			45.67				39.73	36.73	46.49		49.73							38.99	35.17		61.81666667	43.59	53.97		46.41		43.05					43.33	47.99	46.61								36.94333333	39.64	45.59	43.55	46.41						35.27	41.83		46.18		54.71		44.19					40.97	43.93	44.73									35.43		46.19	57.01		46.39	44.59				37.13		42.39		49.63			43.75		38.35	39.8		41.17		44.53	48.99	49.91						39.73		46.47	45.25	44.67								42.79									38.29	41.17	48.83	50.62	53.77			48.01				37.35			47.96	51.50333333								40.93			48.37		46.61			43.47			41.13			49.89	52.83									47.33			39.19			43.85			45.25	44.93		44.85			41.87	38.89	37.71				57.07	51.17						35.09			53.66										41.21			47.14							39.97	38.25					48.02					40.53			41.59	43.44						45.25	41.39	
2193320		50.87	47.63								44.89			51.55	53.87	52.97	47.13					40.37666667	45.8	47.27								42.17	36.06	44.07	83.05	46.74	56.19		48.39	43.65	44.57				46.01	45.89	47.01	48.93								39.63666667	42.6			50.75						38.17	42.45				51.65				43.63			43.77	45.59666667	45.17								96.57	40.06		53.8	61.39		48.37							45.95					44.37		38.47	48.19	40.45	41.95		44.59		54.01						39.25		48.05		51.29								43.43		51.27							37	42.25	46.91	82.45	53.59							38.01	41.63		49.31	52.26								42.49			53.57		50.32			44.89						52.49	50.09								41.47	49.86			42.99									48.13				42.93					46.93	50.33						35.09	40.43	48.61	54.91										41.91	49.17		50.37	49.29						40.63	41.09					47.98					41.35			41.01	43.89						44.43	44.61	
2193321		52.77	49.31								48.57			52.23	52.3		48.83					44.27	48.08									41.91	37.51	43.75	44.64				51.29		47.85				47.03	46.55		51.93								40.47	43.31			50.27							44.71		48.33		51.85				43.27			43.97	49.73										38.11		48.66			47.79							45.95			45.59				40.59	42.97		43.2				51.91						40.47		50.59		49.45								47.31						45.09		39.95	41.23		46.86	53.81								39.09			50.15	54.63								42.49					51.75			64.19															45.49	52.01						44.49						54.01				36.15						52.43																						53.51								42.83			50.21		51.61								41.01								46.69	
2193322		52.77	49.31								48.57			52.23	52.3		48.83					44.27	48.08									41.91	37.51	43.75	44.64				51.29		47.85				47.03	46.55		51.93								40.47	43.31			50.27							44.71		48.33		51.85				43.27			43.97	49.73										38.11		48.66			47.79							45.95			45.59				40.59	42.97		43.2				51.91						40.47		50.59		49.45								47.31						45.09		39.95	41.23		46.86	53.81								39.09			50.15	54.63								42.49					51.75			64.19															45.49	52.01						44.49						54.01				36.15						52.43																						53.51								42.83			50.21		51.61								41.01								46.69	
2193323		50.99	50.31											49.09	50.07		49.61		172.37			40.29	45.68									42.13	38.03	43.88	44.35	49.03			48.03		46.13				43.64											40.74333333	42.99			48.05							44.01	48.77	48.63		51.23							43.57											42.09		45.45	44.81									45.47					45.55		39.05	46.95		41.43										40.47	48.47	49.15		50.15														63.59		40.45	41.11		47.43	50.49								40.33	44.99	44.69	50.73	52.31								43.53								47.97	45.35		42.85											36.35	44.95	50.13						44.11																50.59						36.43	42.91															53.51								44.51			51.95		50.51					62.81			41.31									
2193324		50.85	51.28											51.25	51.29666667		49.33		41.17				42.45									41.41	38.69	42.52	43.38	48.93					43.27				46.97				46.01	48.09						40.15666667	42.86			50.69	50.81			41.57		35.79	44.45	49.93	47.57		53.77						44.17	44.6	44.19				50.23								45.25	46.31							38.55		45.87			48.69				40.91	46.47		42.39666667		49.89								39.69	48.47	50.81		48.89										64.57					43.01	40.63					58.81							40.45	44.54		49.28								38.95	43.78								214.03			42.81											40.56333333	44.63	50.01																41.95						52.27						37.25	42.43		53.27													52.67								59.69			51.43		50.89					43.23			39.59									
2193325		53.45	49.81	52.75									47.87		52.92		49.97		131.41			40.11	44.31		44.49							42.21	37.68	42.6	45.46	50.95			48.57	43.27	46.25				46.49				47.21	49.55						40.29666667	41.14		46.33	49.09	51.31					35.79		49.49	46.97		54.95						39.69	47.11	43.85				46.19						41.61		47.49	55.51	44.85								46.97	45.99		50.03				41.17	45.5		41.49										41.07	44.96	50.85		50.67								44.95		47.81					46.51	37.47	38.43											38.18	43.47	47.35	49.55								38.97	39.6								47.65														41.95666667		47.65										45.37						41.95												41.05	42.27			53.37									45.25			53.39								41.93			51.81		54.81					42.97			39.59									
2193326		51.17	45.47	52.83									44.97	48.59	50.93		48.65		43.43	36.21			43.85									40.85	37.67	43.83	43.73	47.59			44.17		44.23				43.02					46.55				38.43		37.83	40.15	46.39			51.89			39.63		36.01	44.42	48.19			52.03							43.2	43.17				46.39						43.03	39.87		51.41	44.67								47.93			48.61		43.95			44.39		40.49			50.67							38.43	44.22	43.93		50.69										49.33					43.79	41.48	39.86											40.43	43.97		50.13									40.75								46.33					44.11									41.19	43.01	47.63	52.67					43.65				44.01					44.13							51.71						39.77													41.93			52.47								44.63			50.75		50.85								41.15									
2193327		51.17	45.47	52.83									44.97	48.59	50.93		48.65		43.43	36.21			43.85									40.85	37.67	43.83	43.73	47.59			44.17		44.23				43.02					46.55				38.43		37.83	40.15	46.39			51.89			39.63		36.01	44.42	48.19			52.03							43.2	43.17				46.39						43.03	39.87		51.41	44.67								47.93			48.61		43.95			44.39		40.49			50.67							38.43	44.22	43.93		50.69										49.33					43.79	41.48	39.86											40.43	43.97		50.13									40.75								46.33					44.11									41.19	43.01	47.63	52.67					43.65				44.01					44.13							51.71						39.77													41.93			52.47								44.63			50.75		50.85								41.15									
2193328		46.79	51.95	46.03								41.61	43.23	44.55	44.09666667		42.89		42.18			37.89	41.91									37.8	37.05		43.1		55.93		40.73	39.35	41.51				41.97							41.69		36.91		36.40333333	40.46	41.31						38.45		35.05	40.29	42.89	46.65		48.33				38.25			40.57666667	43.74	45.43			43.71					38.75	36.6	38.93	43.31	38.77	42.63								44.09	44.77		45.91		41.33			41.2		39.89											46.87	41.99		47.25								41.17							41.61	40.59					52.53							39.03	41.49	44.87	48.99						44.13			39.77								44.85		40.57			44.3									38.93	42.25	45.05	52.51					42.83			45.01			50.69																40.83																51.43													48.39					41.47			41.15			48.63				43.35		
2193329		43.19	49.05	47.93								40.23	46.39	45.47	45.86		39.43		43.5				42.4	44.57			41.87					36.75			43.17		55.93		40.77	39.42	39.59				41.60333333	42.35		44.55				41.27		36.91		37.49666667	37.39			47.51				38.39		37.67	41.82		45.51		52.33							40.85666667			47.41		43.49						37.89	38.99	41.85		41.41	44.01	40.37						43.39			42.97		41.33			38.8	39.49	41.21	44.45	47.08	46.72			45.11				39.11	41.8		48.47	47.59	40.95	46.23	41.69							45.31				40.76	38.45	41.75				46.99	49.53							38.69	41.15		49.35	47.93			43.19		44.47			39.11	43.03	48.37			47.23			44.39					44.52		49.01		49.57	43.03				36.57		45.59	51.25	46.15				43.16		39.41				49.85				34.97											38.09					49.53				51.83		42.19			43.43			51.43				43.85				43.89					49.09		46.07			41.01		39.15	40.17			50.17				43.83	45.77	
2193330		45.51	47.65	47.93								42.19	47.01	46.69	50.51		46.63		155.02	38.35			43.95	45.75	46.51						38.17	41.79	37.55	41.67	44.81		63.43		42.15	43.01	45.71				42.29666667			47.94					41.73	38.05		37.36333333	38.65			48.57			44.65			37.79	42.86333333								43.17			40.15	44.15	48.19	49.77		42.68						40.31	39.17	48.15			45.11	39.53						41.81			46.06				38.51	43.85666667		42.62		47.85	47.38							40.89	40.95	38.89		49.45									47.83	48.7				45.94	45.83	37.49				50.19	53.01		45.39					39.27				49.81					44.27		36.67	40.35		48.51			51.97		48.47	44.93					44.99		50.89	46.31		44.03				44.09	47.19	45.47		46.27	44.17			43.27		42.77				51.35																		45.09						56.31		43.29									51.87										50.67					47.13			40.33									
2193331	42.17	49.63	45.63666667	47.85								43.87	41.23	45.13	45.79		38.79		44.1	43.33	37.69		43.29				46.17				37.41	37.97		38.34	42.51		52.43		40.97	43.75	39.17			36.57	40.39	40.79		40.03				39.91	42.51	34.99	34.83	35.29	38.45			45.29	47.77		44.37	43.97		36.41666667	44.89		46.93		53.07				40.33			39.07666667	43.01	42.43	45.29		45.95							39.55	43.35		42.59		44.23666667						38.89	42.74		42.27				35.71	37.36		40.33		45.31	47.01			45.43		44.73			39.77	39.05	46.21	44.71		37.6							45.87	47.3				42.21666667	39.44	40.71	37.97				48.37							39.29	37.89	43.09	47	45.53			43.63		45.13			37.55		47.79					46.79	51.59	41.21				42.91			44.53		43.59	114.67			37.86	43.61			41.33	43.87			41.83		42.91					46.43		43.23							48.57		49.69				40.03		43.93				49.57					39.95						44.85		46.19	43.63				42.79					46.58								40.33									
2193332	42.17	49.63	45.63666667	47.85								43.87	41.23	45.13	45.79		38.79		44.1	43.33	37.69		43.29				46.17				37.41	37.97		38.34	42.51		52.43		40.97	43.75	39.17			36.57	40.39	40.79		40.03				39.91	42.51	34.99	34.83	35.29	38.45			45.29	47.77		44.37	43.97		36.41666667	44.89		46.93		53.07				40.33			39.07666667	43.01	42.43	45.29		45.95							39.55	43.35		42.59		44.23666667						38.89	42.74		42.27				35.71	37.36		40.33		45.31	47.01			45.43		44.73			39.77	39.05	46.21	44.71		37.6							45.87	47.3				42.21666667	39.44	40.71	37.97				48.37							39.29	37.89	43.09	47	45.53			43.63		45.13			37.55		47.79					46.79	51.59	41.21				42.91			44.53		43.59	114.67			37.86	43.61			41.33	43.87			41.83		42.91					46.43		43.23							48.57		49.69				40.03		43.93				49.57					39.95						44.85		46.19	43.63				42.79					46.58								40.33									
2193333	38.51		44.64									32.73	40.59	43.97		37.45	34.35		32.69	33.89	33.54	35.57	37.59	42.77		42.89	34.07				32.89		33.31	32.74	39.06	40.59	52.21		41.81	36.28	38.85		34.89		33.4	38.22				46.01		40.17			29.67	33.51	35.93	35.41		37.33	37.35		36.83	32.35		34.86333333	33.35		38.25	43.47	46.05						35.39	35.60333333					36.97					32.37	30.27	35.47	33.43		42.59	40.41	39.55						29.45	34.77		42.27		34.77		36.65	32.87	35.19	32.80333333	41.31	39.99	44.57	41.83		48.13		38.13				32.37	41.05	38.23		33.55	35.77					35.69		45.04				36.78333333		39.93	34.19	33.27		47.09	44.55		34.85			35.25			37.43		43.69	41.89					33.89		31.53			33.25			30.63			40.45	38.95					40.15		44.73	36.69					29.95	38.59			40.17				35.53		37.63	34.67				35.23	40.22	37.46	35.31	35.35							37.39				41.27						41.23		44.29									44.17		45.59									39.47						39.89			34.85			39.37	40.25			39.17	35.91	38.61
2193334	39.03		44.57									32.71		43.76	46.34	40.99	42.63		41.35	33.52	34.18	31.67	43.35	39.03		42.45					33.89	33.73	34.95	37.8		40.63		45.89	40.61	35.62	37.87			33.9		38.87		38.83		44.71			34.63		33.09	35.95	37.02			42.47	47.09		43.11			34.97	35.08333333		46.83	47.97	44.83				39.69		34.85	37			44.43		40.34					35.19	32.59	38.83	36.37				43.02						30.31	45.65	42.35	46.59		42.97		37.38	34.9		34.15			41.01			46.47		42.67	36.17	36.25			39.89	41.45		40.11	45.01							46.57				36.45		38.27					43.39		46.41			35.25			36.73		43.46	41.61			42.85		43.21			36.01				46.25	45.37			42.26								43.61	36.89		39.03			34.59				40.17				40.85		42.55			43.39	46.63		38.65666667										47.35										67.81		45.36			39.93						44.17		43.67							40.01								39.53		36.05					43.31					
2193335	39.39		41.06									32.71		42.67	38.81	37.05		38.77		33.81	30.23	31.75	36.97	38.51	35.79	42.15	33.15			48.85	29.31		32.51	32.74333333	37.09	38.03		32.65	34.19	35.33	35.39			32.43	30.41	37.18	39.31	33.15		35.17			29.63		29.41	30.53				37.13	35.27		34.97			32.97	31.03666667			42.91	41.43	36.37						31.56	35.43		39.37		36.83						28.7		35.93				35.26		36.75				30.26	33.53		35.01		33.73		31.44	31.53		34	37.25		38.14	36.39		41.63		36.85	36.63	36.27		31.95	43.77	36.85	35.75		34.03						34.73	32.75				32.49	35.67	38.99	34.21			41.93			35.31			33.41	34.97	32.21		35.17	33.49	37.85					32.33		29.97	32.57		37.11		35.41	34.03			33.23	30.69				35.81	36.35			38.39					31.07	33.99			35.57				34.17	31.67	35.81	36.13			40.57				33.37	30.45												29.63		41.33					43.29			35.39		37.11			33.01								34.37		39.87	37.61	38.19	35.91								30.77		37.05		39.97			32.57		
2193336	39.39		41.06									32.71		42.67	38.81	37.05		38.77		33.81	30.23	31.75	36.97	38.51	35.79	42.15	33.15			48.85	29.31		32.51	32.74333333	37.09	38.03		32.65	34.19	35.33	35.39			32.43	30.41	37.18	39.31	33.15		35.17			29.63		29.41	30.53				37.13	35.27		34.97			32.97	31.03666667			42.91	41.43	36.37						31.56	35.43		39.37		36.83						28.7		35.93				35.26		36.75				30.26	33.53		35.01		33.73		31.44	31.53		34	37.25		38.14	36.39		41.63		36.85	36.63	36.27		31.95	43.77	36.85	35.75		34.03						34.73	32.75				32.49	35.67	38.99	34.21			41.93			35.31			33.41	34.97	32.21		35.17	33.49	37.85					32.33		29.97	32.57		37.11		35.41	34.03			33.23	30.69				35.81	36.35			38.39					31.07	33.99			35.57				34.17	31.67	35.81	36.13			40.57				33.37	30.45												29.63		41.33					43.29			35.39		37.11			33.01								34.37		39.87	37.61	38.19	35.91								30.77		37.05		39.97			32.57		
2194820		44.67									41.77			46.23					42.03		38.25	39.92	42.97		47.27					41.59		36.77	35.47	41.67	43.56333333	46.09	49.67	35.41			41.87	39.13			38.19666667	43.49	47.29					45.01	37.75		37.71	36.16	38.99666667	45.29	45.19				41.31	36.43		38.09	39.13		44.59						38.19			39.82333333	44.42						43.93			35.97	35.67	38.07	43.5				43.01				40.41	37.99	45.47	46.71666667				43.09		41.01	38.19	38.65	41.31666667	49.63		49.73							32.77	40.89			47.59					38.95			38.76						41.47	40.13			43.45	48.91	45.07		47.53		41.39	44.15	37.85	39.35	37.05	40.72		52.67	48.04					43.81	40.39		38.45		46.7					47.55				42.11		45.31	51.65	50.93				39.43	33.37	40.29	40.47	47.96333333	47.41	51.15	46.65				45.09	30.55					51.77			40.16333333												40.03							49.79			47.97							53.36							40.31				49.79										38.97									
2194821		47.2	44.95								40.77			46.95							38.6	39.84	40.3	42.47		40.47				44.85		36.91	34.89	41.97	45.35	46.43		32.29			41.49		33.89		37.04	41.91	46.83					44.73				36.01	39.21	41.93	44.79					33.75		37.09	37.03		44.25						38.19			39.84		45.97					45.07			36.41	35.67	38.45	44.31				39.65				41.57		44.45	44.665				43.95		39.93	36.47666667	38.86333333	40.67666667	48.12		48.81								40.65			49.47					42.29			39.83						42.55	39.24				48.91		46.71	48.57		45.19	45.91			36.19	41.76333333	46.5	51.71	47.67					42.53	39.59		38.79	49.09	47.62							41.89		36.29		45.11	51.61					37.09	33.93			47.16	46.33		43.19				45.51	31.41					51.37			41.49												43.37	33.15					51.77											53.37								44.33		44.91	49.35				41.95															
2194822		48.43	46.76	41.59										46.43			40.99			39.17	36.35	38.64	40.92							43.43		36.09	34.72	40.85	45.35	45.73		36.85			41.81		31.57		40.99	42.05	46.83					43.31				34.45	38.8		44.37					38.27		37.3	39.07		44.07						38.01			39.23666667		47.35	46.25				45.07				38.01	37.29	46.17				46.85				40.33		43.17	45.88333333				44.19		41.07	39.45666667	38.69666667	40.14	47.89		46.91								40.73			48.21					42.45			39.83							40.75			38.95						44.99	45.91			36.37		48.47	51.65	44.91					43.05	41.79		37.21		44.83	49.79						41.59		38.31		44.84	51.49	52.19				39.31	39.21	39.61		47.40333333	46.67						45.51	43.63					49.47			42.09	38.81										39.67								48.21										53.47											49.61																			
2194823		43.75	45.67	34.41										44.65	46.57		38.73			37.97	36.53	39.59	40.53			39.59				38.71		30.65		41.89	42.7	48.89					38.25	36.95			39.13	41.33	45.85					40.73				35.91	37.65	45.31	43.39				39.27	35.07		34.4			44.87		41.05				39.09			37.74	46.25		48.35				47.65					37.69	43.35				42.51				40.44		35.45	44.5				45.61		39.55	36.81	38.17	40.225	44.29	44.05	46.69								40.93			47.11								39.33							42.41				48.31	43.21	45.55	45.41		47.05				37.11	40.32	46.05	47.73	45.97		44.11				35.15		37.81	48.07							39.59			37.83		41.11	45.53	50.29				38.05		41.96		40.43	47.05		43.85					40.75					51.23			42.93											41.15								49.97										53.17								42.01			47.03				43.09			43.91									54.51			
2194824		48.24	43.83	42.07										46.31			41.49			39.81	45.95	40.6	41.43			40.81				45.07		30.73		41.13	46	47.22						36.75		39.59	41.6	41.15	45.63					42.45			41.49	36.75	40.25	45.25	44.59	45.57			44.81	37.11		38.13			45.49		44.77							38.01	49.27		44.59									38.41	47.21				47.47				37.55		47.05	45.41				44.65			37	41.03	41.59	46.32										41.11			49.31					36.61									44.23										41.99				37.98		49.41	50.25	47.43		45.87						39.85								40.39						50.93					36.95		43.33		49.33	45.75							44.29					51.67	48.39		35.67				48.31							41.29							56.01	50.79							46.31											42.09			48.01							43.55			32.59									
2194825		40.3	40.95								34.53			46.51			37.87			37.33		39.21	41.57			39.59				39.43				38.4	40.75							35.43		36.39	39.33	39.95	45.63					39.05	34.96		36.75		38.46	44.65	44.39				40.09			35.25				47.93	37.05							38.89	42.47	39.73			43.79							38.41	44.23				42.27				33.39		38.15	42.06							36.61	35.19	39.4	46.03	43.75	43.49								40.01			46.45														41.05					48.31		44.83			42.41				36.62		48.17	45.67	46.65		43.23						37.25								40.39	41.87				42.14		48.59				36.95		37.07	34.75	44.95	44.25		40.79				39.75	42.73	39.73				45.75		43.39												36.57	40.25																					40.75				41.43			48.01							39.65		35.37	32.59									
2194826		44.31		35.99							37.77			45.71			38.53					37.56	41.3	43.53	43.51	39.59				36.31				42.95	42.08									34.15	39.55	39.53	46.07								31.19	32.83	37.41	44.23	43.49				43.37			34.67				45.29								37.89		42.17	41.97	34.79			39.35				36.75	37.65	39.39				45.13				37.11		41.13	42.62				39.37		38.22		34.61	39.55	45.35													46.71					34.51									39.79		41.11			48.19		45.95	44.11		39.07				36.79			47.39	42.93								38.01								39.67					43.15	47.44					36.95		37.63			43.27		45.45				44.37	40.61					52.17		42.09												33.07					48.93			49.59									43.13	53.91			44.09					37.93			46.09										32.55	40.45								41.25
2194827		43.85	45.96	38.85										90.15			42.83		44.79			40.35	44.5			41.27						32.91	37.17		45.58	53.63						37.05		40.97	42.93	41.77	51.25					40.63	38.81			37.05	42.41	47.99	42.03				43.19			34.67			46.33	47.69							32.61		47.47			29.31			49.23				41.43		43.35				47.81				37.09	40.11	44.29	46.03				43.13		39.87	37.45	35.85	39.575			49.07								42.23			46.45					38.05		39.45		47.07		44.15			42.47	40.01	43.05			45.45			52.61		45.21			42.01	38.67		50.39		47.81		44.59			45.43			38.31								40.49			40.71			50.11	46.49				36.89		35.03	43.03	49.57	46.13		45.31					27.95					50.12		45.45		35.91										38.81				46.67				49.57									45.57				44.09				37.79	45.75		43.23	45.55							43.53			40.05	43.35								41.31
2194828			38.93	52.15									46.59	47.33			42.05		37.61		35.57	39.05	42.31							37.69		35.53	34.51		42.84	46.53					37.75			36.95		39.31	45.16						38.93	35.62		36.98	37.67	44.69	43.19							34.74			40.87	45.21							35.25	36.71	39.53			37.05			39.39						42.19				48.63				37.09		44.15	39.53							36.99	35.78	39.57		41.85									41.43			44.16	43.73				39.01		35.47	38.45	42.21		43.23			39.95		39.05			46.51		44.75	46.59		38.71				35.6	37	43.57		45.29		41.97			35.63		31.31	35.73								39.97					43.32	51.4					37.05		41.89		47.79	36.65		34.77				44.71						41.89														35.79				46.69	47.65			44.02										51.05								37.61		43.71	45.85										40.05	39.87								33.45
2194829			38.93	52.15									46.59	47.33			42.05		37.61		35.57	39.05	42.31							37.69		35.53	34.51		42.84	46.53					37.75			36.95		39.31	45.16						38.93	35.62		36.98	37.67	44.69	43.19							34.74			40.87	45.21							35.25	36.71	39.53			37.05			39.39						42.19				48.63				37.09		44.15	39.53							36.99	35.78	39.57		41.85									41.43			44.16	43.73				39.01		35.47	38.45	42.21		43.23			39.95		39.05			46.51		44.75	46.59		38.71				35.6	37	43.57		45.29		41.97			35.63		31.31	35.73								39.97					43.32	51.4					37.05		41.89		47.79	36.65		34.77				44.71						41.89														35.79				46.69	47.65			44.02										51.05								37.61		43.71	45.85										40.05	39.87								33.45
2194830			44.85	47.77					40.53				40.43	39.59			40.27		40.21		38.03	35.95	39.47							39.97	32.57	33.73	28.41	37.17	40.75	47.89	47.23				36.85	36.19		36.63	35.47	38.85	41.55			38.43			36.33	35.45		34.82	39.13		42.53	47.95			41.99			37.14											35.94	35.43	39.29				46.53		39.39				33.09	37.25					43.69				33.04		35.52	38.77				37.91		37.41	36.65	35.91	37.86333333	42.11	46.75	43.91								35.09			47.75	46.11				46.37		37.47	35.31	43.51		40.29			33.83			35.25		46.87	42.35	49.63	51.85		38.71			35.61	33.77666667		41.07	47.41	45.37		40.73			37.08		31.67	35.79	39.23								39.87	31.53	35.61		41.02	45.95					40.45		38.03	35.05	38.41			39.75				38.27	34.81		35.49			45.79				34.55		38.59								42.91	34.09	32.93		43.87	40.57			36.07			49.11					39.07	42.39	48.77								41.87		39.99								39.11		31.61	31.99	42.53								34.37
2194831			48.49	45.65									47.15	47.13			45.57		42.03		40.21	39.29	45.17							47.43	41.59	40.73	36.51	42.65	45.9						43.59	40.51		39.63	43.17	44.45	42.67	45.67						42.19		38.85	41.31		45.13						38.73	39.09	38.25										32.35	38.55	46.07		50.55							40.01	39.67	38.51	41.37								39.61		46.49	47.75				45.67		42.67	38.57	42.51	41.94333333	48.51	49.07	49.35								43.69		49.61	47.75									47.35					41.94	42.31				45.69	123.49		51.87		48.39			48.61	39.55		48.39	50.33					46.45	42.64			42.79			49.73					44.03			41.85		47.97	53.54					40.45				49.89		53.05					44.05	36.61					49.53			44.77	40.95		43.67		50.79						42.91		33.35		50.05	51.37						53.31							51.23							41.71	45.47		51.03								43.63			41.55	68.41							44.97	42.57
2194832			49.05	45.65									48.97	48.17			45.35		38.63		39.79	40.67	44.83		44.49					48.91	40.95	40.31	39.83	40.99	45.29		51.81				45.09	38.37		41.93	42.33	46.93	45.13							42.53	35.95	39.37666667	41.96	47.21	46.29	50.95		44.19	49.83		34.55	38.98			49.82								36.82	43.51			46.93						38.01		38.33	39.91	48.51								40.12		47.03		45.73			46.83		38.29	38.49	41.05	42.09			51.19								41.87		48.67	50.95	44.55								48.01					43.63	45.91					124.01							54.11	39.2	43.55		46.63						45.095			42.53			49.33						44.79		41.7			50.29				45.63				41.13	49.05		58.65						36.89					51.45			42.65											44.41				49.35	50.85													54.35							40.21	45.41		52.05								43.53			41.59	46.15							44.99	
2194833			47.15	43.29									48.13	48.21			45.35		38.33		40.89	40.67	44.25		44.49					46.55	38.65	38.77	36.35	41.47		49.03	53.85				44.49	38.97		41.87	40.36	48.13	44.03							38.17		37.86333333	42.01	47.51	45.79	50.41		45.15	48.71		36.15	37.99	40.99		47.47								38.73	40.74	45.91						50.05			49.67	37.57	39.41	47.43								39.78		43.49	47.45				46.73		40.23	38.62	38.91	40.47	49.35										40.79	49.11	48.05	50.71	50.73								49.37					42.76	43.55			42.33		110.57							53.03	37.2	43.09	50.37	51.85	52.73		48.15		44.13	43.65			40.99			48.97		47.99						38.17			49.28				43.29					46.75666667		49.37						43.27					52.03			39.89	39.81		43.13								44.41	40.71		35.71	47.51	50.85			53.37										49.97							38.41	42.77		54.55											41.59	46.11							44.77	
2194834			47.15	43.29									48.13	48.21			45.35		38.33		40.89	40.67	44.25		44.49					46.55	38.65	38.77	36.35	41.47		49.03	53.85				44.49	38.97		41.87	40.36	48.13	44.03							38.17		37.86333333	42.01	47.51	45.79	50.41		45.15	48.71		36.15	37.99	40.99		47.47								38.73	40.74	45.91						50.05			49.67	37.57	39.41	47.43								39.78		43.49	47.45				46.73		40.23	38.62	38.91	40.47	49.35										40.79	49.11	48.05	50.71	50.73								49.37					42.76	43.55			42.33		110.57							53.03	37.2	43.09	50.37	51.85	52.73		48.15		44.13	43.65			40.99			48.97		47.99						38.17			49.28				43.29					46.75666667		49.37						43.27					52.03			39.89	39.81		43.13								44.41	40.71		35.71	47.51	50.85			53.37										49.97							38.41	42.77		54.55											41.59	46.11							44.77	
2194835			47.79	48.69													45.49		38.27		39.76	39.43	44.19		49.43						39.91	39.83	37.41	40.59	46.69	48.99	52.93	40.31			166.83	35.89		42.81	41.89		42.24									39.69	40.57	43.94	46.01	49.53			50.45		35.33	38.97			49.79								36.91	40.13	45.74									50.73		39.79	47.43								39.29			44.23				47.41		42.58	37.43	40.09	41.96	48.61		48.23									50.31			53.19				62.59			45.75	47.73					43.93	42.21			81.13	47.65	111.31							52.47	37.82	45.37		52.21	55.29		48.15			46.415			42.37		44.17						46.39			36.65		48.45	47.3				44.85					45.77		50.85						43.71			49.23		54.41			39.99															50.04	54.99																					43.33		51.25								57.31			41.87	46.57								
2194836			48.09	50.29							37.69		46.53	48.41	46.31		46.77				39.84		44.39		48.01						44.37	40.55	37.95	43.91	47.99	50.29		43.05			43.17			42.81	43.25	47.13								37.09		37.37	41.23	47.05	46.29	51.01						39.07			48.11								37.29	41.95	44.57								37.69	50.43	44.05	40.21									37.82		47.05	45.76				46.09		38.61	39.29	40.85	42.44	47.23											48.53	43.43		53.37							39.73	45.73					42.71	42.28				51.91	112.01	52.99						46.88	38.19	43.31	48.81	50.95	54.81		44.65			44.385			42.41		47.21						45.11			38.05		45.37	54.23				43.21							49.87											53.67			43.55				45.97								46.67			49.5				52.73										50.91								38.39													40.55	45.77								
2194837			44.57	48.11							37.31				45.97		45.69				40.37		42.54		47.99							41.77	35.64		50.45	48.87	52.27	39.99			41.51			40.99	38.67	43.55	41.11							38.83		36.25	40.06	45.71		43.61						37.54												40.14							49.89		36.53	41.05		40.99					44.87				37.84		43.01	45.62				44.05		37.07		38.93	41.87												44.39		49.39								40.16	46.17					43.17	39.89		36.07		47.09	50.38	45.29			45.03	45.21		41.31	38.15	43.97	46.13	49.69	52.73					42.85666667			41.27		45.85			44.43			42.61			40.93		45.87	50.58				42.27					46.28		48.15											49.59			41.27												35.53			46.92				47.37								44.25										38.37													39.07	67.12								39.35
2194838			44.57	48.11							37.31				45.97		45.69				40.37		42.54		47.99							41.77	35.64		50.45	48.87	52.27	39.99			41.51			40.99	38.67	43.55	41.11							38.83		36.25	40.06	45.71		43.61						37.54												40.14							49.89		36.53	41.05		40.99					44.87				37.84		43.01	45.62				44.05		37.07		38.93	41.87												44.39		49.39								40.16	46.17					43.17	39.89		36.07		47.09	50.38	45.29			45.03	45.21		41.31	38.15	43.97	46.13	49.69	52.73					42.85666667			41.27		45.85			44.43			42.61			40.93		45.87	50.58				42.27					46.28		48.15											49.59			41.27												35.53			46.92				47.37								44.25										38.37													39.07	67.12								39.35
2194839			45.27	45.11									45.07				42.37				40.83		42.18		45.95							38.39	34.61		42.91	48.01	47.61				40.25		34.69	40.45	41.55	41.72								35.05		35.28	40.98			45.15						36.58											38.04	38.05	41.77								35.69	40.39	36.57	38.99					43.91				36.88			45.33				43.19		35.17	36.33	36.25	40.59666667			46.27									43.37		47.59								38.43	42.61					40.75	38.89			41.05	47.09	49.3	41.87			45.03	44.67		38.75	37.52	40.85	45.61	46.45	51.77		41.91			40.82			38.01		48.85			43.47			38.93	43.97				41.21	48.08				43.41					42.59		47.25											48.61			39.95	38.19						44.37									46.51	48.05		47.37					40.73													36.53													40.65	43.35								37.85
2194840			45.57	50.57							36.49		47.13				45.19		38.24		41.03		44.93		46.37							38.91	37.25	41.5	44.73	48.37					42.53	38.17		40.45	41.95	43.62								39.55		35.89	40.85666667			46.01						35.19			47.75								38.31	40	43.21								37.57		36.99	40.17					41.57						45.97	46.21				43.19		37.17	38.91	39.46	41.01666667			49.43										44.91	48.49								39.47		44.75				41.17	42.39	41.21	36.19		47.3	50.36	49.31			45.85	44.67		40.49	37.88	41.61	44.75	48.01	49.72		43.53			40.26			39.53	47.09	49.39	48.01	45.91	43.47			41.69	45.75				49.61	50.89			47.87	46.41					44.13		49.73								45.71						45.29	41.56						48.35									48.47	50.87							43.03											44.81		42.18	42.99												39.97	45.23						41.19		
2194841			47.69								37.87		48.55				49.85		43.14		44.85	43.71	45.51		48.57							39.71	38.98	45.43	44.87						67.23	189.27	44.75	42.19	44.11	42.69										37.76333333	43.09666667			49.05						35.19		45.09	48.61								40.15	42.05									39.57		41.77		71.93										46.45	85.49				47.61		39.67		41.99	41.81			149.23										49.89	52.89									46.59	66.83				43.49			39.39		48.6	80.21				48.33				39.83	41.61	47.79	52.27	53.57					45.77			42.49	52.35		49.49	45.91	49.35			45.47	49.63					51.53			49.17	46.41			40.61	33.39												48.55						43.66				56.05										51.67	48.47								46.15						56.59					46.91		43.56		50.01											39.97	94.98						44.57		
2194842		50.37	51.11	52.41										70.15			49.59		47.17		43.57	44.99	71.09		45.49							42.49	41.01	44.83	46.26333333						67.09	112.85	44.19	44.63	44.95	46.73										39.79	43.07666667			60.71									47.93								41.35	42.29	45.55								41.03		40.61	43.63	72.39								38.97			100.03				46.91		114.67	40.43	44.91	43.52											63.05		49.89			43.51																		52.14	56.65						40.75	40.23	45.11	50.03	51.51	52.93								42.25	53.09				49.05			45.27						53.67				47.41		46.19		33.67																	45.67	44.51				50.37		53.25								52.15	52.96								53.59						54.27							42.13	46.23	48.87											44.19									
2194843		50.37	51.11	52.41										70.15			49.59		47.17		43.57	44.99	71.09		45.49							42.49	41.01	44.83	46.26333333						67.09	112.85	44.19	44.63	44.95	46.73										39.79	43.07666667			60.71									47.93								41.35	42.29	45.55								41.03		40.61	43.63	72.39								38.97			100.03				46.91		114.67	40.43	44.91	43.52											63.05		49.89			43.51																		52.14	56.65						40.75	40.23	45.11	50.03	51.51	52.93								42.25	53.09				49.05			45.27						53.67				47.41		46.19		33.67																	45.67	44.51				50.37		53.25								52.15	52.96								53.59						54.27							42.13	46.23	48.87											44.19									
2194844		48.43	49.21								39.35						50.57				37.43	44.97	47.57		46.31							41.37	40.77		46.36333333		50.21				45.37	43.19	44.19			46.31		47.21								40.52	42.44333333	49.45		47.51								46.55	65.52								41.81	42.79	45.09									192.13		43.05	53.3											85.19				44.13			41.19	38.13	43.08		45.67									57.75		50.95	50.07								47.63						41.69		42.41		41.43	48.09	128.86	53.41			45.95				41.27	44.31	48.19	51.51	54.33								41.81	51.03				44.87			45.73	69.81		43.17			52.85			48.29	63.97		43.99		31.97				47.99	42.91												42.29	39.35						51.07		47.81						50.69	50.73								44.43													43.35	45.93									44.51			44.19							46.55		
2194845		50.03	48.91	50.77							41.29						48.77					43.95	46.73		45.61							41.71		46.23	46.39		50.35				45.81				41.57	45.21		52.57						43.97		39.31	41.27	48.47		50.05									48.97				45.17				41.75	41.91												40.29									39.75			71.25				44.13		39.01	46.85	38.45	42.28		45.13									43.03	48.33	47.79	49.09								46.57		50.61				41.85					47.61	128.68	56.09						46.37	40.83		59.65	51.37	56.27								40.05	52.03							44.91			42.33			53.03	51.45					40.85		45.05					42.93							47.45					43.51	39.45						52.61						33.37		51.25	50.33								44.55						53.29							42.57					49.61								42.67							47.67	44.55	
2194846		49.15	47.55	50.77							43.51		43.65				48.31				41.35	42.52	47.35		49.01							40.43			44.08333333				44.05		43.81					44.33		48.99						42.03		38.83666667	41.10333333	46.69	45.29	46.47						36.97					49.47		44.15		39.95		37.99	41.71							50.59			38.15	38.56		43.11	50.29							38.59							44.31		38.65	41.79	38.45	41.35		44.65	49.75666667									47.13	49.69	53.37								41.53		51.39				41.85					47.41	51.2	53.43			45.63			37.23	39.43		46.57	47.95	51.47			42.43					42.69666667					46.69			44.65	49.71		42.47		45.47	51.21	51.53					42.57		45.43					40.79				34.55			46.25				51.09	42.77	38.11	39.39				50.95	50.81								48.17	55.36													48.99							40.35	41.75					49.61							40.57	41.71							43.19		
2194847		47.91	44.61								42.75		45.89	43.71			46.87					40.73	46.99		49.41							40.29	35.77		45.97	50.35	52.59				42.79					45.17	48.35	45.61						39.67		37.40333333	40.79	46.05	44.11	48.63						35.27			45.24		51.83		44.43		38.01			41.21		43.75									37.62		46.19	53.89			42.77				37.13		43.77	45.85				44.17		38.17	41.69	36.07	42.17	46.99	44.53	48.79								39.27	46.47	45.12	47.07								42.05	45.35									41.07	46.75666667	49.83	50.33			45.63			40.73	38.93		42.74	47.81	53.16					41.95			42.95					45.13			42.73			41.39			51.39	53.65					44.39			43.41	47.09		47.79	41.59				43.07									40.09	35.91	41.73			52.63	50.47						31.55		48.19	55.23								43.61					47.03							40.03	40.63					48.01					42.27			42.25	43.83						46.99	39.39	
2194848		47.91	44.61								42.75		45.89	43.71			46.87					40.73	46.99		49.41							40.29	35.77		45.97	50.35	52.59				42.79					45.17	48.35	45.61						39.67		37.40333333	40.79	46.05	44.11	48.63						35.27			45.24		51.83		44.43		38.01			41.21		43.75									37.62		46.19	53.89			42.77				37.13		43.77	45.85				44.17		38.17	41.69	36.07	42.17	46.99	44.53	48.79								39.27	46.47	45.12	47.07								42.05	45.35									41.07	46.75666667	49.83	50.33			45.63			40.73	38.93		42.74	47.81	53.16					41.95			42.95					45.13			42.73			41.39			51.39	53.65					44.39			43.41	47.09		47.79	41.59				43.07									40.09	35.91	41.73			52.63	50.47						31.55		48.19	55.23								43.61					47.03							40.03	40.63					48.01					42.27			42.25	43.83						46.99	39.39	
2194849		47.91	48.51							54.29	43.25		46.65	46.43			45.67				40.11	39.45	46.37									41.05	35.79	39.45	63.15	50.41	51.43				42.77					43.83666667		45.61								38.55	43.05	45.77		48.17						35.97	42.01	48.29	48.18				44.45				42.69	42.12	46.97										36.71		47.81	56.67			44.47				37.13		43.75	43.65	49.77			44.13		38.87	43.23		42.69		48.99	49.99							37.43		48.57	47.37	49.19								43.39									36.87		46.39	49.96	55.05			48.01				39.91			49.3	52.09								41.91			50.21	48.99	47.43			45.37		40.47	41.31			50.55	53.71								41.93	49.35		48.91	42.15			43.85	40.55			45.31		48.83			44.71	42.47												34.33		49.27	54.13													50.55							40.69	44.15					48.92					43.67			42.69	43.75						48.49	43.33	
2194850		48.97	52.2								44.89			47.19			46.97		173.91			42.59	44.81									41.63	36.24	39.53	63.50333333	49.41	57.85		44.83		45.93				45.79	44.77666667		48.77								39.58333333	42.87			49.45						38.17	44.09	48.89	47.29				44.47		42.93			42.91	45.59	44.97								44.05	40.29		47.7	54.02		47.81	44.13				37.13		45.47					44.37		39.79	43.09		41.31666667				51.91						39.59		48.05		49.45								43.79						43.61		39.95	38.49	41.75	46.17	49.9								38.71			48.98									43.05			51.15	49.61				46.73			43.26			52.55									42.41	49.13		48.91				43.65						51.51				35.19						51.15						36.39																50.12	52.91						41.07	41.09					48.54					41.45			41.01	43.93						49.97	45.59	
2194851		52.77	49.31								48.57			52.23	52.3		48.83					44.27	48.08									41.91	37.51	43.75	44.64				51.29		47.85				47.03	46.55		51.93								40.47	43.31			50.27							44.71		48.33		51.85				43.27			43.97	49.73										38.11		48.66			47.79							45.95			45.59				40.59	42.97		43.2				51.91						40.47		50.59		49.45								47.31						45.09		39.95	41.23		46.86	53.81								39.09			50.15	54.63								42.49					51.75			64.19															45.49	52.01						44.49						54.01				36.15						52.43																						53.51								42.83			50.21		51.61								41.01								46.69	
2194852		50.73	51.52											51.71			47.91		172.09			42.69	44.56									41.53	36.75	43.42	44.39	51.49			49.13		45.95				46.79	45.01		52.17								40.25	43.88										44.93	49.31	50.23		51.11				42.95			44.35	47.29	48.87									38.11		44.79										44.19					45.25			37.99		42.89666667				50.81						40.47		50.97		49.45								47.53						62.91		39.95	41.23		47.03									39.17	43.11	46.89	49.86	53.89								44.3				52.37				48.45														41.27	45.39	51.21												54.19				35.69																									44.71			53.51													51.49					41.45			43.05	48.53							46.69	
2194853		50.99	50.31											49.09	50.07		49.61		172.37			40.29	45.68									42.13	38.03	43.88	44.35	49.03			48.03		46.13				43.64											40.74333333	42.99			48.05							44.01	48.77	48.63		51.23							43.57											42.09		45.45	44.81									45.47					45.55		39.05	46.95		41.43										40.47	48.47	49.15		50.15														63.59		40.45	41.11		47.43	50.49								40.33	44.99	44.69	50.73	52.31								43.53								47.97	45.35		42.85											36.35	44.95	50.13						44.11																50.59						36.43	42.91															53.51								44.51			51.95		50.51					62.81			41.31									
2194854		50.85	49.51666667	49.27										49.81	48.53		47.85		41.75				42.47									40.87	37.88	42.41	43.87	50.29				43.93	42.43				42.51					49.87						40.01	41.18				48.45			40.91			43.67	49.93	48.46		53.65							42.15	44.09				47.63								44.41	55.09									56.53					45.55		41.33			42.25		49.25										49.57		49.63															43.53	40.63												40.85		47.55	51.31									43.56								214.03			42.81									41.83		40.23	45.11													53.57			44.47	42.39												38.68																52.75								59.85					49.59					43.79			41.59	59.91							46.19	
2194855		50.67	50.29										48.45	49.42	52.74		49.97		43.83				44.31									41.73	38.05	42.89	45.12				45.25	43.37	45.33				45.47					49.87						40.16333333	40.56				52.33			60.57			43.29	49.93	47.87		50.43							42.25	43.63				51.13						41.71		46.71	56.09	46.21											49.69		45.89		41.39	40.25		41.27										41.47		42.77		48.39										49.61					47.11	40.63	37.93											40.65	44.71	47.27	51.67									41.01								212.19												41.99		40.89		47.63															44.13													41.05	42.27															53.39											51.81		53.97					43.77			41.59									
2194856		43.43	46.59	45.65										44.91	45.03		42.69		41.41	35.25			40.58								39.37	40.85	33.29	39.93	44.01				40.97	40.52	40.33				41.48							44.29				35.54333333	39.8	44.57			42.75			39.85		35.67	42.43		44.07			42.57			38.49			41.13	43.17	45.67			44.87						37.95	38.71		48.33	44.67		39.67						42.29			47.23		43.95		36.75	44.29	38.33	39.13											47.17	42.75		47.53										48.07					42	41	33.07											40.05	43.97	45.97	50.13									40.31		46.85						45.09					44.11							42.07		40.57	42.25	48.21	52.77					43.05						52.35			44.13													40.59																50.05													50.99								41.15							45.81		
2194857		43.43	46.59	45.65										44.91	45.03		42.69		41.41	35.25			40.58								39.37	40.85	33.29	39.93	44.01				40.97	40.52	40.33				41.48							44.29				35.54333333	39.8	44.57			42.75			39.85		35.67	42.43		44.07			42.57			38.49			41.13	43.17	45.67			44.87						37.95	38.71		48.33	44.67		39.67						42.29			47.23		43.95		36.75	44.29	38.33	39.13											47.17	42.75		47.53										48.07					42	41	33.07											40.05	43.97	45.97	50.13									40.31		46.85						45.09					44.11							42.07		40.57	42.25	48.21	52.77					43.05						52.35			44.13													40.59																50.05													50.99								41.15							45.81		
2194858		46.79	51.95	46.03								41.61	43.23	44.55	44.09666667		42.89		42.18			37.89	41.91									37.8	37.05		43.1		55.93		40.73	39.35	41.51				41.97							41.69		36.91		36.40333333	40.46	41.31						38.45		35.05	40.29	42.89	46.65		48.33				38.25			40.57666667	43.74	45.43			43.71					38.75	36.6	38.93	43.31	38.77	42.63								44.09	44.77		45.91		41.33			41.2		39.89											46.87	41.99		47.25								41.17							41.61	40.59					52.53							39.03	41.49	44.87	48.99						44.13			39.77								44.85		40.57			44.3									38.93	42.25	45.05	52.51					42.83			45.01			50.69																40.83																51.43													48.39					41.47			41.15			48.63				43.35		
2194859		41.49	46.85	40.35									44.99	44.99	42.77		38.27		40.39				40.67								37.31		33.19		41.33		55.11			38.88	39.59				40.35							38.43				36.53	37.05			46.65				37.17		35.97	38.43		44.69		46.07						35.93	38.67			46.55		40.82						35.05	36.89	40.07		41.41	41.39	40.23						41.23	40.77		45.41		38.05		38.29	38.78333333		38.85			45.66	49.77		44.23		41.39			38.77		45.77	45.53		38.22	41.43											37.31	41.33	38.65				45.51	48.43		42.09					37.17	41.50333333		47.13	47.05			42.59		42.19		37.79	38.17		45.99	50.33		45.24		42.39	42.46					43.13				45.65	42.27		40.57		35.76		44.29	50.39	42.33				42.83		39.19				49.05	43.09			37.91											38.11									54.01		42.19						49.43				43.75				43.01							41.81			40.29		38.93	38.25			50.15				41.83	44.69	
2194860	41.29	45.51	44.93	41.37								42.19	42.73	42.35	43.09				149.6				40.02	45.21	39.93	42.41	37.57				38.17	37.97	35.01		41.31		53.47		39.43	37.77	39.51				40.03666667			42.43				40.81	34.83	38.05		33.22333333	36.57			45.63				43.67		34.8	40.19				46.15							35.96			46.05		39.52						35.07	37.67	43.91			45.11	42.69						39.55	43.07		42.59		37.13		37.91	37.84		39.97	42.01	41.93	42.58	44.97		45.01		41.21			37.73	37.69	42.73		42.53	36.92	40.19					39.03		45.05				40.62	38.34	38.41					46.05								40.36		48.7	46.07			43.61		45.55			37.46		48.51		48.15	51.39			43.68			37.49					36.41		42.01				37.32	42.71	45.47	49.99	40.95	37.93			43.27	37.23	40.29				47.59												43.05						43.53				43.95		51.93		42.07									46.71					43.07					46.73		44.05			47.13			40.33			50.17						
2194861		36.37	40.17										41.23	39.86			34.23		34.22	32.97	31.21		36.69			35.21	34.99				30.71				34.28	38.99	36.81		29.23	36.99	39.17				34.62	40.73						34.17	33.09	30.81	28.37	31.75	34.54			40.11	37.53		35.47	32.77		32.21	31.93		39.49		42.53						32.97	33.47		37.31	42.59		37.3							32.19	33.39				36.51						34.83	34.11		42.27		35.77		30.79	33.44		34.43	38.09	40.43	39.73	41.25		40.71						33.65			36.27	37.6	38.69					34.93	42.75	36.66				39.35	37.79	34.75	32.49	33.55		37.19	41.99						32.41		38.73		38.03	41.15			33.97		37.19		30.5			40.63		39.99				36.59					36.75			37.27		34.51	36.61			32.08	38.59	39.87		39.47				34.25	37.23	37.63	36.23		38.63				34.37		29.79							40.27			32.21	32.33						41.05		44.79		35.67							35.79		36.21	34.95									41.65						35.29		33.61			42.43				35.65	38.87	
2194862		36.37	40.17										41.23	39.86			34.23		34.22	32.97	31.21		36.69			35.21	34.99				30.71				34.28	38.99	36.81		29.23	36.99	39.17				34.62	40.73						34.17	33.09	30.81	28.37	31.75	34.54			40.11	37.53		35.47	32.77		32.21	31.93		39.49		42.53						32.97	33.47		37.31	42.59		37.3							32.19	33.39				36.51						34.83	34.11		42.27		35.77		30.79	33.44		34.43	38.09	40.43	39.73	41.25		40.71						33.65			36.27	37.6	38.69					34.93	42.75	36.66				39.35	37.79	34.75	32.49	33.55		37.19	41.99						32.41		38.73		38.03	41.15			33.97		37.19		30.5			40.63		39.99				36.59					36.75			37.27		34.51	36.61			32.08	38.59	39.87		39.47				34.25	37.23	37.63	36.23		38.63				34.37		29.79							40.27			32.21	32.33						41.05		44.79		35.67							35.79		36.21	34.95									41.65						35.29		33.61			42.43				35.65	38.87	
2196350		44.15	42.83								39.73			41.87					42.03		37.43	36.39	41.37		46.23					36.51		34.41	33.91	39.53	41.15	43.99		35.41			38.27				39.25666667	41.91	41.71					39.61	36.89			34.47	38.81666667	44.85	43.95							34.51			42.99666667						35.15			39.66333333	45.39						43.93			34.91	33.69	37.29	41.29				38.01				40.02		43.37	44.01				37.75		39.23	34.66	36.91	40.40333333	44.78	45.33	48.09					31.39		34.01	40.51			45.99								38.71						40.99	37.63	37.59			42.81	41.89		41.79		41.39	45.71	37.85	37.79	35.43666667	43.16	48.09	51.87	44.43		42.85			41.75	34.77		37.49		47.42							39.75		39.66		44.79	51.65	49.19				37.09	31.93	37.65	38.51	44.94	43.45	46.69	42.45				45.09	41.11					45.35			38.03											41.49	41.51	33.15		48.31				48.61										51.69							36.22	40.19		45.47	47.87				42.61						38.97									
2196351		40.36	50.69											46.63							37.13	36.62	40.91		44.69	36.17				40.61		36.83	34.05	33.91	42.69	45.9					38.75	33.09			40.1	42.05	46.53					44.57				33.93	39.74	41.45	43.41				35.71			36.67		43.95	44.81						38.19			39.45							41.65				33.69	38.51	44.25				38.21				40.21		44.03	43.08				39.89		34.51	37.53	38.45666667	40.39	46.61		48.93								40.55			47.07								38.51						39.79	39.92				46.07	44.49		46.81		43.87				35.79	42.00333333	44.27	50.19	45.45666667					43.27	39.59		38.23	48.11					46.21			41.35		41.43		45.11	51.01					37.09	32.87	36.3	39.91	47.30333333	45.73	50.15	43.19				41.83	43.67	41.07				49.73			38.55	37.19											42.17	35.03						50.93										52.21							40.11	40.77		45.17	46.89				41.95						37.47									
2196352		46.72		39.65										45.75	44.39		40.99			37.95	37.37	38.4	40.04		43.67	37.83				38.71		33.87	32.69	39.67	44.41	44.98					39.07	35.27			40.1		46.83					40.73	38.65			34.19	38.53	45.19	44.45				41.31	36.43		34.7									37.63			39.20333333		45.49	47.23				43.93				34.69	38.49	43.29				46.85				39.33		40.97	42.85				42.01		30.81	37.18	36.37	39.34333333	43.43		47.59								40.71			45.83								39.09	42.67					42.31	39.89			38.35	47.11			47.55		43.01	45.91			36.28	40.39	48.05	47.75	44.19		44.29			41.65	39.59		36.25	46.41										37.83		41.79	48.95	48.47				37.55	37.51	37.75		45.79	44.31	48.77	45.79				42.53	43.67					48.37			36.25											39.25		33.23						50.69										53.47								42.01			47.17				44.79					39.03										
2196353		43.75	45.67	34.41										44.65	46.57		38.73			37.97	36.53	39.59	40.53			39.59				38.71		30.65		41.89	42.7	48.89					38.25	36.95			39.13	41.33	45.85					40.73				35.91	37.65	45.31	43.39				39.27	35.07		34.4			44.87		41.05				39.09			37.74	46.25		48.35				47.65					37.69	43.35				42.51				40.44		35.45	44.5				45.61		39.55	36.81	38.17	40.225	44.29	44.05	46.69								40.93			47.11								39.33							42.41				48.31	43.21	45.55	45.41		47.05				37.11	40.32	46.05	47.73	45.97		44.11				35.15		37.81	48.07							39.59			37.83		41.11	45.53	50.29				38.05		41.96		40.43	47.05		43.85					40.75					51.23			42.93											41.15								49.97										53.17								42.01			47.03				43.09			43.91									54.51			
2196354		40.3	40.95								34.53			46.51			37.87			37.33		39.21	41.57			39.59				39.43				38.4	40.75							35.43		36.39	39.33	39.95	45.63					39.05	34.96		36.75		38.46	44.65	44.39				40.09			35.25				47.93	37.05							38.89	42.47	39.73			43.79							38.41	44.23				42.27				33.39		38.15	42.06							36.61	35.19	39.4	46.03	43.75	43.49								40.01			46.45														41.05					48.31		44.83			42.41				36.62		48.17	45.67	46.65		43.23						37.25								40.39	41.87				42.14		48.59				36.95		37.07	34.75	44.95	44.25		40.79				39.75	42.73	39.73				45.75		43.39												36.57	40.25																					40.75				41.43			48.01							39.65		35.37	32.59									
2196355		40.3	40.95								34.53			46.51			37.87			37.33		39.21	41.57			39.59				39.43				38.4	40.75							35.43		36.39	39.33	39.95	45.63					39.05	34.96		36.75		38.46	44.65	44.39				40.09			35.25				47.93	37.05							38.89	42.47	39.73			43.79							38.41	44.23				42.27				33.39		38.15	42.06							36.61	35.19	39.4	46.03	43.75	43.49								40.01			46.45														41.05					48.31		44.83			42.41				36.62		48.17	45.67	46.65		43.23						37.25								40.39	41.87				42.14		48.59				36.95		37.07	34.75	44.95	44.25		40.79				39.75	42.73	39.73				45.75		43.39												36.57	40.25																					40.75				41.43			48.01							39.65		35.37	32.59									
2196356		33.91		34.47							32.64			40.83			35.67			35.21		32.88	39.97	40.59	38.91	36.85				58.33					37.68										35.06	38.11	40.15						32.41			30.93	35.49	41.55	39.13							31.33			38.67	40.54								34.29			39.85	33.33			39.35				31.85	35.13	35.05								29.44		35.79	37.42						29.25	32.43	34.61	34.96	40.03	40.49	38.56								31.23			37.87					34.51											34.07					42.83	37.25		39.07			32.13	31.79666667		37.05		44.09							29.65					39.99				32.99		34.13			43.15	40.66					31.77		36.67		36.09	36.95		38.09				35.63	35.39			33.02		40.77		34.43		32.75		33.07	38.05							33.07	30.49			37.49	43.61			45.45					33.53		34.23		38.05	40.21								34.09							38.73						26.49	36.87								
2196357		37.83	38.05	37.03										46.25			34.95				34.83	34.91	38.61		47.25	41.27									39.97	45.49					33.21				33.43	37.85							32.41	26.99		33.73	38.79	41.45	38.01							31.77			39.45	40.3								35.21	37			37.05			39.69				35.93						39.95				33.23		44.29	39.21								32.93	35.825		40.05	40.45								35.15		41.83	37.87					38.05		35.79				34.33			33.31		33.15			45.71					38.83				34.49		44.21		42.53		43.69			35.58		31.29	35.45								37.47		34.13				40.48					36.89		34.13		40.11	46.13		37.29				34.93	34.69					43.77				35.91										35.65	36.23			36.91				46.07									43.47	39.49								37.61		43.23	45.55										32.45	38.09								33.55
2196358			38.8	36.11					40.53				36.39	38.03			34.55		33.47		31.26	31.31	37.79		43.45					37.69			30.03		37.23	39.33	37.17				34.35	28.39		31.89	33.01	35.61							33.84	32.43		29.2		35.77	37.15	36.35						31.54			34.79	36.57666667							36.21	33.79	37.15			33.93			39.39				31.59						42.71				29.35		33.03	34.26						25.07		32.18	33.41	33.01		37.79								30.69		35.43	36.19	36.03				35.95		35.47		36.47		34.17			33.83		33.15	28.59	33.91	34.85			35.77		38.71			32.91	31.8	33.47	34.23	38.13	40.73					33.71		29.89	35.71				35.35						30.47			38.06	36.27					32.29		35.75		35.27			34.77				32.55			29.79	35.49		41.89	33.87	34.25				35.77	35.83							34.17	36.21			34.81	39.17			39.14					31.79		32.96	34.42	34.71	39.91								32.15			36.65										30.29	33.9								33.61
2196359			38.8	36.11					40.53				36.39	38.03			34.55		33.47		31.26	31.31	37.79		43.45					37.69			30.03		37.23	39.33	37.17				34.35	28.39		31.89	33.01	35.61							33.84	32.43		29.2		35.77	37.15	36.35						31.54			34.79	36.57666667							36.21	33.79	37.15			33.93			39.39				31.59						42.71				29.35		33.03	34.26						25.07		32.18	33.41	33.01		37.79								30.69		35.43	36.19	36.03				35.95		35.47		36.47		34.17			33.83		33.15	28.59	33.91	34.85			35.77		38.71			32.91	31.8	33.47	34.23	38.13	40.73					33.71		29.89	35.71				35.35						30.47			38.06	36.27					32.29		35.75		35.27			34.77				32.55			29.79	35.49		41.89	33.87	34.25				35.77	35.83							34.17	36.21			34.81	39.17			39.14					31.79		32.96	34.42	34.71	39.91								32.15			36.65										30.29	33.9								33.61
2196360			44.85	47.77					40.53				40.43	39.59			40.27		40.21		38.03	35.95	39.47							39.97	32.57	33.73	28.41	37.17	40.75	47.89	47.23				36.85	36.19		36.63	35.47	38.85	41.55			38.43			36.33	35.45		34.82	39.13		42.53	47.95			41.99			37.14											35.94	35.43	39.29				46.53		39.39				33.09	37.25					43.69				33.04		35.52	38.77				37.91		37.41	36.65	35.91	37.86333333	42.11	46.75	43.91								35.09			47.75	46.11				46.37		37.47	35.31	43.51		40.29			33.83			35.25		46.87	42.35	49.63	51.85		38.71			35.61	33.77666667		41.07	47.41	45.37		40.73			37.08		31.67	35.79	39.23								39.87	31.53	35.61		41.02	45.95					40.45		38.03	35.05	38.41			39.75				38.27	34.81		35.49			45.79				34.55		38.59								42.91	34.09	32.93		43.87	40.57			36.07			49.11					39.07	42.39	48.77								41.87		39.99								39.11		31.61	31.99	42.53								34.37
2196361			47.43	49.65									45.37	45.77			46.65		41.69		38.24		42.71							41.03	40.77	39.43	36.73	41.34	44.67		51.93				107.37	38.9		39.63	42.54	43.97								42.23		38.18333333	41.9		45.49				46.91		34.93	36.67			48.97	45.97							43.37	38.68	45.19		46.33							41.83		37.25	41.27								39		46.11	46.17				44.07		41.89	38.08333333	39.53	41.07666667	47.83		48.73								43.73		46.53	49.63					44.71				45.25					44.27666667	43.2				47.99	122.49		49.11		48.39			43.72	38.39	41.03	47.51	49.37	50.93		45.09			44.97			42.79									43.11		41.87		47.25	50.28					38.99				48.53		55.37					39.87	37.33					46.55			44.77	40.51		43.37								42.33	44.17			50.15	51.37			51.09			53.29					48.65		53.05							39.35	45.21										43.69			41.55	45.55							44.47	40.39
2196362			49.05	45.65									48.97	48.17			45.35		38.63		39.79	40.67	44.83		44.49					48.91	40.95	40.31	39.83	40.99	45.29		51.81				45.09	38.37		41.93	42.33	46.93	45.13							42.53	35.95	39.37666667	41.96	47.21	46.29	50.95		44.19	49.83		34.55	38.98			49.82								36.82	43.51			46.93						38.01		38.33	39.91	48.51								40.12		47.03		45.73			46.83		38.29	38.49	41.05	42.09			51.19								41.87		48.67	50.95	44.55								48.01					43.63	45.91					124.01							54.11	39.2	43.55		46.63						45.095			42.53			49.33						44.79		41.7			50.29				45.63				41.13	49.05		58.65						36.89					51.45			42.65											44.41				49.35	50.85													54.35							40.21	45.41		52.05								43.53			41.59	46.15							44.99	
2196363			47.37	43.29									49.19	49.19			47.97		39.41		41.57	39.39	44.53		44.49					49.89	41.49	40.43	38.25	40.81		49.07					44.49	41.89		41.7	43.59		43.12							38.57		39.35	41.71	48.37	46.35	53.49			50.45		34.35	39.64			50.23								38.89	40.93	44.9								38.01		39.61	41.31	47.43								40.43		46.13	65.77	50.45			46.73		35.59	38.85	38.78333333	40.66			50.29								41.87	50.25	50.01						47.81				47.27					44.7	43.35			44.16		111.25								37.69	44.79	49.74	52.69			48.57		46.89	46.605			41.65	45.57										39.55			48.57				45.67					48.01		51.33											54.25			36.25	40.31										44.41				47.89	54.85	57.25		53.37								48.15		50.87							38.95	43.69		54.55								44.03			54.65	69.8							45.67	
2196364			47.37	43.29									49.19	49.19			47.97		39.41		41.57	39.39	44.53		44.49					49.89	41.49	40.43	38.25	40.81		49.07					44.49	41.89		41.7	43.59		43.12							38.57		39.35	41.71	48.37	46.35	53.49			50.45		34.35	39.64			50.23								38.89	40.93	44.9								38.01		39.61	41.31	47.43								40.43		46.13	65.77	50.45			46.73		35.59	38.85	38.78333333	40.66			50.29								41.87	50.25	50.01						47.81				47.27					44.7	43.35			44.16		111.25								37.69	44.79	49.74	52.69			48.57		46.89	46.605			41.65	45.57										39.55			48.57				45.67					48.01		51.33											54.25			36.25	40.31										44.41				47.89	54.85	57.25		53.37								48.15		50.87							38.95	43.69		54.55								44.03			54.65	69.8							45.67	
2196365			53.79	42.79											45.59		45.69		38.57		42.43	38.63			48.19						43.89	40.61	39.71	39.57	48.99	49.31	53.37				167.19	36.63		40.58	43.01		45.52									40.71	41.45	44.89	44.03	48.93			50.45		35.33	38.96											38.81	41.41	44.65											40.03	50.55								39.29		47.11	47.39				45.93		41.55	40.01		42.64	47.59		49.05									50.05			53.19				47.39				47.11					61.47	44.03		36.01	42.18		198.6		48.73						39.85		101.69	52.21	51.91		49.45			47.03666667			43.81		49.23																45.59					52.35		56.25					45.41			45.47			54.23			44.95	40.47			44.29											50.56	52.71		54.73	52.13								46.51		54.01			47.99					45.05										43.97			41.75	134.27								
2196366			50.07	45.07											45.89		45.25				42.55		45.55		49.43						40.11	40.61	38.17			46.21	54.17	43.05			42.23			40.93			41.05							38.13		37.69	40.04	47.39	45.23	46.99						39.07	38.71		49.19								39.47	38.25	51.09								37.69	48.61	38										39.29		47.11	46.15				46.09		43.17	39.31		41.83	48.47	41.95									44.35	46.87		49.39	51.45							44.11	48.77					44.43					51.91	52.31	50.61						41.31	38.93	45.07		49.69	51.39					45.72			41.17		48.99									36.65		44.39	50.42				45.69							51.37						43.71		43.57			52.01			44.13	39.45														47.67	47.27	54.49		50.25										51.85			47.13																		39.07	45.63								43.67
2196367			44.57	48.11							37.31				45.97		45.69				40.37		42.54		47.99							41.77	35.64		50.45	48.87	52.27	39.99			41.51			40.99	38.67	43.55	41.11							38.83		36.25	40.06	45.71		43.61						37.54												40.14							49.89		36.53	41.05		40.99					44.87				37.84		43.01	45.62				44.05		37.07		38.93	41.87												44.39		49.39								40.16	46.17					43.17	39.89		36.07		47.09	50.38	45.29			45.03	45.21		41.31	38.15	43.97	46.13	49.69	52.73					42.85666667			41.27		45.85			44.43			42.61			40.93		45.87	50.58				42.27					46.28		48.15											49.59			41.27												35.53			46.92				47.37								44.25										38.37													39.07	67.12								39.35
2196368			45.13	44.23									45.41		42.81		42.79				40.37		45.11		48.63							37.91			49.69	48.19	51.27	39.47			42.15	36.47		40.11	35.05		41.45							40.03		36.42	39.72333333	45.89		43.61			44.53			36.56			47.19									39.62							47.67		36.53	39.53		37.73					41.77				37.1		40.01	43.86				41.45		35.55	36.05	37.49	41.12333333	46.71		46.1									46.51		48.91	46.51														41.11		36.07		47.71	49.68	43.53	42.91		45.03	43.31		39.67	37.63		45.31	47.77	50.91					41.64333333			40.47		45.35	49.45					40.87					42.15	52.65				42.05				38.01	42.95		51.37	48.13										47.27			41.67	38.17											37.37			45.45	47.27	55.79		50.25								43.83		51.03								37.03		46.07											39.07	104.2								37.25
2196369		41.99	44.83	45.65									45.09				43.39				41.01	36.45	40.72		45.65							37.35	36.17	41.65	44.43	44.77	48.69				40.25	33.23		40.45	41.03	42.91								38.61		35.03	40.27	45.29					44.81			36.39											37.49	38.59	42.37								35.19	40.39	35.81	38.65	44.91				41.29				36.77		45.19	45.01				41.45		35.27	37.68	36.65	40.48333333	47.01		46.99									42.15		47.59								38.77	43.13						37.67		36.07	41.13	46.97	48.46	49.97			45.03	44.67		38.75	36.79		44.79	45.69	46.79		41.91			40.63			40.97		45.05	45.88	46.71				38.45	44.33				45.02	49.61				45.17				36.19	42.91		47.25								45.37			46.51			40.73	38.01											37.11	36.59		46.17	51.14	48.05		47.55					41.11			44.49										38.55		45.27										36.63	38.89	67.98								37.45
2196370		43.23		50.07									45.13				45.19		38.43		39.89	39.69	44.87		49.03							38.33		42.29	43.97		47.19				41.59	33.61		39.14	44.45	43.23								39.55		35.66333333	39.67666667			45.87			46.19			37.05			47.43								37.59	40.27											36.37	39.69	47.83				42.29				37.35		47.31	45.72				44.27		35.69	38.85	39.1	41.19	47.57		49.03											48.57								39.23						41.19	40.73	41.15	36.19		45.92	49.76	48.35			47.21	47.27		40.59	38.08	41.25	44.19	47.79			45.95			41.6			39.47	48.33		46.99	46.71				42.09	45.61				45.63	51.05			46.99	45.17				44.37				46.35							45.67						44.03	41.63					45.85	48.33						39.89		47.31	49.59	50.63							41.97		41.87									45.25		41.97												37.29	41.56	44.09						41.29		
2196371		45.67	42.41	52.17									47.77	59.61			47.27		38.7		43.23		45.47		49.09							38.59		43.73	44.87						67.23	33.61	42.55	42.11	42.61	43.93										37.17	41.84			48.25			46.19			37.52		45.59	49.51								40.15	41.71	43.45								39.57		40.13		44.99										46.45	47.05				44.05		35.69	38.36	43.93	40.41			98										46.91	47.21								42.87	47.07								36.19		86.22333333	50.04	50.63			48.33			40.75	39.27	40.15	47.79	49.03	48.99								40.73	51.69		47.39	45.57	45.13			43.35	47.81					51.29			49.17	44.75			40.61					46.35													40.70333333	42.78					45.81	51.05		41.87						47.67	51.27								45.11					52.61						45.35		42.13	43.27	48.25											42.28	45.29						41.99		
2196372		50.37	51.11	52.41										70.15			49.59		47.17		43.57	44.99	71.09		45.49							42.49	41.01	44.83	46.26333333						67.09	112.85	44.19	44.63	44.95	46.73										39.79	43.07666667			60.71									47.93								41.35	42.29	45.55								41.03		40.61	43.63	72.39								38.97			100.03				46.91		114.67	40.43	44.91	43.52											63.05		49.89			43.51																		52.14	56.65						40.75	40.23	45.11	50.03	51.51	52.93								42.25	53.09				49.05			45.27						53.67				47.41		46.19		33.67																	45.67	44.51				50.37		53.25								52.15	52.96								53.59						54.27							42.13	46.23	48.87											44.19									
2196373		47.59	49.23	52.41							39.77		49.11	291.11			46.03		47.45		43.07	44.05	47.39		44.97							41.23	39.53	44.09	45.77		50.21				44.15	39.78	41.51	44.63	43.27	46.71										39.45	42.26333333			47.82						37.49		46.19	50.08						39.55		39.23	41.69	44.71										39.13	42.11									38.97		46.41	47.23				45.13		38.55	39.62		42.43666667	49.91		49.55								56.93		49.89	49.91								46.27						42.01		42.41		41.17	49.81	51.45				45.95			40.75	40.19	42.39	48.11	51.51	52.93								42.97	51.11				49.05			45.73			43.17			52.89			50.35	46.41		45.51		40.6				47.71								47.01					42.34	39.19				48.67				47.81						50.19	50.73								44.67			48.45			52.25					45.75		42.13	45.41	47.41								43.99			44.19	46.79						47.95	43.87	
2196374		48.43	49.21								39.35						50.57				37.43	44.97	47.57		46.31							41.37	40.77		46.36333333		50.21				45.37	43.19	44.19			46.31		47.21								40.52	42.44333333	49.45		47.51								46.55	65.52								41.81	42.79	45.09									192.13		43.05	53.3											85.19				44.13			41.19	38.13	43.08		45.67									57.75		50.95	50.07								47.63						41.69		42.41		41.43	48.09	128.86	53.41			45.95				41.27	44.31	48.19	51.51	54.33								41.81	51.03				44.87			45.73	69.81		43.17			52.85			48.29	63.97		43.99		31.97				47.99	42.91												42.29	39.35						51.07		47.81						50.69	50.73								44.43													43.35	45.93									44.51			44.19							46.55		
2196375		50.03	49.43	50.99							41.49						48.21					43.08	46.93		48.77							41.05		44.93	46.41		49.53				45.65			43.61	43.01	44.87		52.57						42.45		38.22	41.65666667	48.47		50.27									76.57				45.41		44.15		40.39			45.25								68.69	38.05	38.93									39.03			43.23				44.13		39.01		39.79	42.6		44.93										41.05	45.66	52.41			44.37					47.35						41.91		42.61			47.61	52.65	53.81			48.51			41.43	40.41	44.31	47.33	53.13	56.27								42.65	50.43				49.35			44.67					46.75	53.03			49.99			45.59		46.89					42.93							46.85					43.19	38.97						51.85								51.25	53.27	51.95							44.77											47.65		41.95					50.85					44.51		41.65	42.99							47.67		
2196376		47.63	48.59								43.93		49.29				46.87					41.99	45.36		48.91							41.03			46.63666667		51.75				43.87				43.26			45.93						40.85	34.43	38.68	42.51	47.21		48.03						36.97			47.98				44.43		39.95		39.97	41.19							48.31				38.72		43.83	53.21							38.47		45.13	85.29				42.41		39.27	39.88333333	38.45	40.71		45.03	57.34333333									47.13	50.13									42.79						41.97		43.01			46.47	53.21	53.95			45.99			38.33	40.35		47.49	49.63	51.39								41.6	51.09			48.97				44.65			41.93		46.61	52.85	51.99					44.39						49.31					43.07			47.25					42.73	38.31	38.73	41.73			50.95	51.85								48.48	55.49								45.49					51.13								42.83					50.43					43.3		40.57	42.99							46.41		
2196377		46.77	48.59								43.79		46.17	44.97	50.07		46.27					41.93										40.45	36.26		46.30333333	50.33	50.23				42.63		39.23		45.55	46.19	48.99	45.55						40.05		38.33	42.02	46.57		48.57						35.97			49.49				44.43		39.21			42.07											36.71		130.07	55.47							38.11		43.91	59.89				43.43		38.25	37.08	42.31	43.19	47.27	45.03	49.97666667									48.31	46.17	47.07			45.99					43.47						41.79		39.99		41.25	46.81	48.48	55.37			45.99				39.59	43.73	43.81	49.4	53.25								42.51666667				49.43	45.13			42.67						51.43	53.13								42.13	46.63		47.79	42.83				42.39					50.07			43.22	40.07					57.25	50.57								48.48									43.67					50.33							39.81	41.45					48.38					41.90333333		41.65	40.65	43.27						43.89	42.33	
2196378		46.77	48.59								43.79		46.17	44.97	50.07		46.27					41.93										40.45	36.26		46.30333333	50.33	50.23				42.63		39.23		45.55	46.19	48.99	45.55						40.05		38.33	42.02	46.57		48.57						35.97			49.49				44.43		39.21			42.07											36.71		130.07	55.47							38.11		43.91	59.89				43.43		38.25	37.08	42.31	43.19	47.27	45.03	49.97666667									48.31	46.17	47.07			45.99					43.47						41.79		39.99		41.25	46.81	48.48	55.37			45.99				39.59	43.73	43.81	49.4	53.25								42.51666667				49.43	45.13			42.67						51.43	53.13								42.13	46.63		47.79	42.83				42.39					50.07			43.22	40.07					57.25	50.57								48.48									43.67					50.33							39.81	41.45					48.38					41.90333333		41.65	40.65	43.27						43.89	42.33	
2196379		47.91	48.51							54.29	43.25		46.65	46.43			45.67				40.11	39.45	46.37									41.05	35.79	39.45	63.15	50.41	51.43				42.77					43.83666667		45.61								38.55	43.05	45.77		48.17						35.97	42.01	48.29	48.18				44.45				42.69	42.12	46.97										36.71		47.81	56.67			44.47				37.13		43.75	43.65	49.77			44.13		38.87	43.23		42.69		48.99	49.99							37.43		48.57	47.37	49.19								43.39									36.87		46.39	49.96	55.05			48.01				39.91			49.3	52.09								41.91			50.21	48.99	47.43			45.37		40.47	41.31			50.55	53.71								41.93	49.35		48.91	42.15			43.85	40.55			45.31		48.83			44.71	42.47												34.33		49.27	54.13													50.55							40.69	44.15					48.92					43.67			42.69	43.75						48.49	43.33	
2196380		50.61	52.47							54.29	44.89			48.94	47.55		48.11		174.81			41.6	44.75		45.49							41.05	37.47	40.29	45.33	50.42	53.95		47.09		45.41				46.39	45.45		50.07						49.51		39.44	43.62			47.43							42.01	49.93	48.7				44.45		43.33			43.68	47.89	48.26								37.07	40.24	41.05	46.3	53.47			44.13						44.91					44.31		39.79	37.27		42.48										38.63		48.77		49.45								43.99	50.79					62.69		39.95	36.43	41.23	46.45									39.14		47.75	48.73	50.87								43.35			51.09	49.81				59.03			42.53			47.93								44.21	45.57	50.01	53.57					44.55				45.97		53.55					40.57											37.95		50.41			131.41											49.96							41.71	44.15					50.08					41.45			41.83	47.53						49.45	45.33	
2196381		50.73	51.52											51.71			47.91		172.09			42.69	44.56									41.53	36.75	43.42	44.39	51.49			49.13		45.95				46.79	45.01		52.17								40.25	43.88										44.93	49.31	50.23		51.11				42.95			44.35	47.29	48.87									38.11		44.79										44.19					45.25			37.99		42.89666667				50.81						40.47		50.97		49.45								47.53						62.91		39.95	41.23		47.03									39.17	43.11	46.89	49.86	53.89								44.3				52.37				48.45														41.27	45.39	51.21												54.19				35.69																									44.71			53.51													51.49					41.45			43.05	48.53							46.69	
2196382		50.61	51.61											50.67	48.65		45.73		174.63				45.38									41.59	36.89	43.14	43.98	50.83			45.67		45.41				46.37	45.91				48.53						37.14333333	42.1		45.09								44.93		50.4						42.51		43.37	45.78		49.84									37.11	41.13	45.51										42.35					43.53			39.33		44.07				51.97						40.47		50.97		50.49								46.35							40.93	39.93			47.05	51.25								39.59	44.93		52.13	53.47		42.95						44.37			51.57					47.97			41.99											35.49	45.95	51.71	55.15																																											52.03													51.03					45.93			43.05	48.67								
2196383		50.89	50.2											50.16	50.78		49.27		172.37			40.29	45.26									41.91	36.23	43.36	44.07	51.37			47.21	44.41	45.77				47.29			50.47		48.31						40.36	40.64										44.13		49.23		49.91							45.25	42.87										109.97	41.05	46.65	55.09									45.21					45.55					42.43										39.79		50.69		50.15																40.45				51.01								41.31			51.21									44.03								48.17			43.03											35.49	45.13	50.65												54.25																35.81																53.03													51.67								41.31	60.15								
2196384		50.85	49.51666667	49.27										49.81	48.53		47.85		41.75				42.47									40.87	37.88	42.41	43.87	50.29				43.93	42.43				42.51					49.87						40.01	41.18				48.45			40.91			43.67	49.93	48.46		53.65							42.15	44.09				47.63								44.41	55.09									56.53					45.55		41.33			42.25		49.25										49.57		49.63															43.53	40.63												40.85		47.55	51.31									43.56								214.03			42.81									41.83		40.23	45.11													53.57			44.47	42.39												38.68																52.75								59.85					49.59					43.79			41.59	59.91							46.19	
2196385		46.23	47.23	48.83										46.95	46.88		45.75		46.27	36.07		39.07	41.99								38.67		36.03	42.3	42.15		55.23		42.03	42.09	42.75				39.46			46.29		47.03		44.23				37.28333333	40.07				47.51			38.61			42.43					47.07			39.75			42.28	43.63	47.1			44.87						39.57		44.79	56.75									43.61			47.07		44.95			43.33		41.34												43.67		48.83			44.97												41.32	40.63	37.93			48.03								40.03	44.02		50.45									41.81							45.49	46.63		41.77										42.07		40.16	43.39		53.43														44.51													34.49								57.77								51.27													67.13					43.45			41.59			50.01						
2196386		43.43	46.59	45.65										44.91	45.03		42.69		41.41	35.25			40.58								39.37	40.85	33.29	39.93	44.01				40.97	40.52	40.33				41.48							44.29				35.54333333	39.8	44.57			42.75			39.85		35.67	42.43		44.07			42.57			38.49			41.13	43.17	45.67			44.87						37.95	38.71		48.33	44.67		39.67						42.29			47.23		43.95		36.75	44.29	38.33	39.13											47.17	42.75		47.53										48.07					42	41	33.07											40.05	43.97	45.97	50.13									40.31		46.85						45.09					44.11							42.07		40.57	42.25	48.21	52.77					43.05						52.35			44.13													40.59																50.05													50.99								41.15							45.81		
2196387			43.66	44.11										42.75	42.96		39.03		39.33		33.49	36.13	39.91								36.57		33.31	36.75	40.58		54.15		41.75	38.55	39.73		34.69		42.49	41.65						40.31				36.41	39.95							38.09		35.49	35.65		42.53			39.83			38.11			38.89	39.73	44.33			42.69					35.67	34.46			46.17			39.67	41.69					42.29	39.07				39.39		36.67	40.99	37.65	37.59				48.18										43.57			41.03					39.33		44.21					40.63	38.55				46.35	47.73		41.35					39.17	41.63	42.47	46.89			41.53						38.93	45.26	46.03		50.97	43.43		43.43666667	44.53	40.09				43.85					41.39		42.07		37.84333333	41.63	46.67	51.37	47.41										49.09																																50.05								41.31					48.49		44.59			40.59			39.95			51.57				45.81		
2196388		44.07	47.51	40.03											39.99		39.51		40.24			37.27	41.38								36.71		35.17		40.47		54.15		39.77	39.59	38.07				41.68		47.03					39.47				37.35	38.99						37.69	37.87		34.70333333	37.11		43.49			39.11						39.81666667	40.63	44.33			40.28					35.51	35.96333333		42.45				39.57						43.47	44.63		45.19		39.31		37.13	40.33	37.03	39.19						45.15								47.25			41.65					41.19							40.37	38.55				46.39	48.61	47.45	41.35					38.89	41.85	43.13	48.23				44.61		43.77			38.93	43.81						44.45	42.33	40.03	41.83			43.43					42.91		40.57		36.23	41.65		50.95											50.21			43.63																					51.09								49.43				46.01									48.17					41.73			41.15			50.03						
2196389			42.49										40.85		40.53		37.85		37.94		33.69		41.15			40.91					34.39		33.19		37.74		51.89			39.99	35.79				39.13							38.19	35.65		32.29	33.50333333	34.17							42.35		33.41666667	34.31		39.17		43.57		40.89				33.65	35.37			44.95		39.75						33.63	33.71	40.07			40.75	33.71						39.71					38.05		30.45	39.77		36.09666667		42.41	45.55			42.25					37.85	35.37	42.63	44.41		37.15	35.17							42.93				36.05		35.86		36.09			45.49		39.13				37.23	35.41	37.49		46.86	47.19			37.31		37.87			35.45		45.99		49.16			38.71	38.24					41.35				42.71			35.81		35.78333333	39.21	42.53	49.13							34.83				48.65	37.57	35.81		37.91	33.91										38.17		36.43							48.97		41.11										37.87				39.91	41.47			41.27			41.67			37.73			38.25			46.33				38.41	42.65	
2196390		38.59	41.35										37.69	37.99	39.81				34.9		33.04		39.13	38.61		41.19	37.57				33.49		32.41		35.57	42.33	47.69			36.07	36.23				37.19	39.39						36.03	33.33	35.17	30.55	31.99	32.25	36.77		43.75				43.76		34.45666667	34.87		42.21	39.57	45.09						32.79	34.97			42.17		35.71						33.63	33.59	34.95			39.39	36.11						38.25	40.37		37.17		37.69		31.09	35.49		34.89		42.23	40.13			40.61					36.89	34.13			36.27	33.93	40.19							42.05				34.47	38.39	37.79	29.43										34.03		38.42			42.37		36.15	37.41					37.21		40.63		43.81				39.04														37		40.01	44.69	38.71	37.93				37.23	40.29				47.59	38.75	39.19	36.59									41.19			37.25	34.75		39.43				43.95		46.88											42.01	38.87				36.09	42.49			42.57	41.67		41.17				38.69		38.25			46.75				34.69	39.37	
2196391		36.37	40.17										41.23	39.86			34.23		34.22	32.97	31.21		36.69			35.21	34.99				30.71				34.28	38.99	36.81		29.23	36.99	39.17				34.62	40.73						34.17	33.09	30.81	28.37	31.75	34.54			40.11	37.53		35.47	32.77		32.21	31.93		39.49		42.53						32.97	33.47		37.31	42.59		37.3							32.19	33.39				36.51						34.83	34.11		42.27		35.77		30.79	33.44		34.43	38.09	40.43	39.73	41.25		40.71						33.65			36.27	37.6	38.69					34.93	42.75	36.66				39.35	37.79	34.75	32.49	33.55		37.19	41.99						32.41		38.73		38.03	41.15			33.97		37.19		30.5			40.63		39.99				36.59					36.75			37.27		34.51	36.61			32.08	38.59	39.87		39.47				34.25	37.23	37.63	36.23		38.63				34.37		29.79							40.27			32.21	32.33						41.05		44.79		35.67							35.79		36.21	34.95									41.65						35.29		33.61			42.43				35.65	38.87	
2197880		39.83	40.9											40.65					35.55		36.2	35.68	40.51	40.55	43.81	36.17				36.51		33.51	33.35	39.28	40.8						35.49				38.88	40.77	42.47					36.71	34.23			34.07	38.25666667	44.65	43.61							33.21	36.41		42.81						36.43			40.49	43.36333333			39.17			41.65			33.43	33.69	36.89	41.2				36.27				39.49		42.81	41.555				37.75		32.57	35.295	37.31	40.00333333	45.24	44.37	46.91					31.39		33.01	37.17		41.31	42.71														37.25	36.83	33.35			41.87	41.69				39.09		36.29	36.13	34.23666667	41.41	43.84	50.19	44.13		38.65			39.15	34.77		37.25		41.45	43.98	43.05					38.33		38.22		44.79	50.75				39.01		38.01	35.57	37.03	45.60333333	43.49	43.73	41.57				37.11	37.83	38.19				45.35			36.79			38.25									39.27		38.81	47.51		44.77	42.35	44.05							39.19		43.07	48.79						38.47	35.54	38.37		44.55	45.37				40.83			38.15			35.11	38.47								
2197881		40.36	50.69											46.63							37.13	36.62	40.91		44.69	36.17				40.61		36.83	34.05	33.91	42.69	45.9					38.75	33.09			40.1	42.05	46.53					44.57				33.93	39.74	41.45	43.41				35.71			36.67		43.95	44.81						38.19			39.45							41.65				33.69	38.51	44.25				38.21				40.21		44.03	43.08				39.89		34.51	37.53	38.45666667	40.39	46.61		48.93								40.55			47.07								38.51						39.79	39.92				46.07	44.49		46.81		43.87				35.79	42.00333333	44.27	50.19	45.45666667					43.27	39.59		38.23	48.11					46.21			41.35		41.43		45.11	51.01					37.09	32.87	36.3	39.91	47.30333333	45.73	50.15	43.19				41.83	43.67	41.07				49.73			38.55	37.19											42.17	35.03						50.93										52.21							40.11	40.77		45.17	46.89				41.95						37.47									
2197882		45.71	42.82											43.62	44.77		40.27				37.13	37.55	40.33		43.51	37.51				38.71		34.07		36.67	41.39	48.25									36.07		45.39					42.53	35.41			34.43	37.36	43.95	44.73				36.99			34.33					40.25				37.53			36.85	44.93		46.03	42.07			43.93					38.39	40.93				39.71				40.24		41.71	42.815				42.01			36.05666667	36.67	39.2	43.61		43.15								37.77			42.73								39.09	42.15					39.61	38.89	33.81			46.07					43.01				35.28	38.71	46.37	48.41	43.59		41.83				39.59		36.39	45.93			47.36							36.29		40.59	51.33					34.27	32.35	37.75		45.25	40.49		42.93				42.53	40.59	38.31				48.03			36.25				39.41							39.25	40.59	33.95						47.47										52.55								41.37			45.71				42.33			38.31		38.79	35.83						48.67			
2197883		43.37	42.23											43.73	45.43		38.93			37.21	35.47	39.37	40.13		42.61	37.51				38.71				38.04	40.01	41.73					37.59	35.63			36.68		42.35					39.43	36.41			29.45	35.93	43.33	43.27				39.27			34.04			43.29		39.47							37.63		42.11	44.55				41.45				34.57	37.29	39.21				45.91				38.59		37.27	41.79666667				42.23		36.87	36.29	36.98	38.35	43.95	43.27	44.13								38.73			42.73								37.99	40.55							33.81		39.13	47.11	43.21	43.19	45.41		42.41			37.35	35.24	38.25	43.75	45.61	45.14		44.11				35.15		35.25								37.15					41.11	43.41					38.05		37.1		46.49	44.53		42.31				41.23	39.37	39.05				48.57		39.29	36.37											39.03	40.25							47.47										51.49				38.31				37.69			45.39				41.19			38.51			35.81						48.75			
2197884		36.29	40.61											41.09	38.95		33.09		29.59	34.37		35.57	39.19	41.23	41.89	37.91				39.43				38.01	36.73										31.99	38.45	40.15					36.55	31.4	26.97			34.5	42.17	41.37				34.09			32.26				39.46	34.59							36.75			42.77	34.53	36.67							36.35	37.99								34.78		35.47	38.765						31.14	31.86	32.59	35.89	41.52	42.39	39.66											42.53									36.53	39.17				34.17					38.08	41.69		35.11		35.37				32.51	35.79	40.59		40.51		36.73			33.29	35.15		35.99		39.85		36.25				37.09	34.61	30.53			38.93	42.77					33.41		37.07		37.78	38.23		40.79				35.87	38.57	34.03	34.37	34.87		44.97		37.05					40.35							33.41	40.25	27.63						40.25										41.51			40.03	38.21				36.69			40.57				38.73			35.29		32.55		36.51					39.09			
2197885		36.29	40.61											41.09	38.95		33.09		29.59	34.37		35.57	39.19	41.23	41.89	37.91				39.43				38.01	36.73										31.99	38.45	40.15					36.55	31.4	26.97			34.5	42.17	41.37				34.09			32.26				39.46	34.59							36.75			42.77	34.53	36.67							36.35	37.99								34.78		35.47	38.765						31.14	31.86	32.59	35.89	41.52	42.39	39.66											42.53									36.53	39.17				34.17					38.08	41.69		35.11		35.37				32.51	35.79	40.59		40.51		36.73			33.29	35.15		35.99		39.85		36.25				37.09	34.61	30.53			38.93	42.77					33.41		37.07		37.78	38.23		40.79				35.87	38.57	34.03	34.37	34.87		44.97		37.05					40.35							33.41	40.25	27.63						40.25										41.51			40.03	38.21				36.69			40.57				38.73			35.29		32.55		36.51					39.09			
2197886				37.03										38.97			30.85		28.57	33.01		23.07	38.29		38.07	36.85				57.63	30.27			32.31	35.44									33.35	31.13	34.67	36.29						33.32			29.17	33.1	40.23	36.77							30.41			35.41	38.11	34.09							30.87			38.13	33.33			35.33					34.37	34.89								32.22		34.77	35.11666667						29.01		31.84	32.775	37.54		38.04							30.11	29.51			37.45																32.43			36.07			33.77		38.41			31.11	30.62	32.43	37.03		37.01							29.65	34.43				35.51			35.47	32.69		30.53			35.96						31.77				32.89			37.03				32.17	32.39			30.84	37.55	39.45		34.43	33.13	32.79		33.44								30.57	27.63		31.91	36.71	39.08								32.91		32.9	32.81		38.25			37.51				31.23	31.92							36.59			33.37			29.99	33.23								
2197887				35.01										38.77			33.97				29.39	32.23	38.31			37.21									35.21	40.25									30.35	37.23							29.85			28.83		36.65	37.01				33.69			31.33				40.05								33.11	37.47			33.33			35.35				30.33										30.17		33.91	33.83						29.55		31.34	32.61	36.07		37.16								29.85			36.26					28.43		30.77		36.03		32.47			31.21		32.45			34.6	37.73		36.05		37.91			29.79	31.81	31.55	34.69							32.61		28.69	34.03			36.43	35.69					32.75	30.23			35.53	36.72333333					31.55				34.54			33.33				31.15	34.69			31.27				35.63	32.91	33.41		33.73								33.27	36.23			36.8	41.95								32.45		30.94	32.55		37.53								31.81			36.21							33.45			30.6	32.64								33.61
2197888			38.8	36.11					40.53				36.39	38.03			34.55		33.47		31.26	31.31	37.79		43.45					37.69			30.03		37.23	39.33	37.17				34.35	28.39		31.89	33.01	35.61							33.84	32.43		29.2		35.77	37.15	36.35						31.54			34.79	36.57666667							36.21	33.79	37.15			33.93			39.39				31.59						42.71				29.35		33.03	34.26						25.07		32.18	33.41	33.01		37.79								30.69		35.43	36.19	36.03				35.95		35.47		36.47		34.17			33.83		33.15	28.59	33.91	34.85			35.77		38.71			32.91	31.8	33.47	34.23	38.13	40.73					33.71		29.89	35.71				35.35						30.47			38.06	36.27					32.29		35.75		35.27			34.77				32.55			29.79	35.49		41.89	33.87	34.25				35.77	35.83							34.17	36.21			34.81	39.17			39.14					31.79		32.96	34.42	34.71	39.91								32.15			36.65										30.29	33.9								33.61
2197889				34.49										38.59			33.69		33.27		30.53	27.2	34.22	37.89						35.73					34.61	35.75	36.29				31.83	28.07	30.49	33.41	28.85		34.18			31.69			32.17666667			27.86			38.27	35.85			32.97			31.54			33.89	39.93	37.03						30.65	30.51	36.33			35.31			35.35										36.85				30.83		32.25	33.1						28.23		30.83	32.01	33.01		36.58								29.69		31.61	35.14	36.03								35.45		31.83			31.23		31.77	28.17	32.75	33.63	36.45		33.67		38.73			30.21	30.01666667	31.07	32.93	34.43								28.19	33.49	32.63		34.17				36.01			29.77			34.13	34.67					32.29				34.74			34.39				31.33				34.89	35.01	40.45		32.01	33.11			35.73	34.23							34.17				35.91	39.17			41.47					31.69		32.00333333	33.62		37.55							31.26	31.02			35.73							33.55			31.33	31.73								
2197890			37.17	34.87									37.15	38.59			40.51		35.33		35.71	34.13666667	38.02							41.03	34.43		26.83	36.61	40.08	40.27	40.49				35.59	33.83		36.63			43.83			40.47			36.47666667	33.43		31.03	36.79	41.19	42.41	47.31			36.47			36.67				32.79	37.75			39.89			37.57	34.13	41.77		37.95		40.71		38.17		29.33		32.55	31.37					38.71				31.79		34.09	36.87				36.31		29.37	35.01	31.2	36.07	40.47	37.01	42.29								32.39		42.95	36.13	41.45				44.71				42.63		41.35			33.83	34.63		35.27		36.93	41.75		49.11		38.73			31.41	32.67		37.55	36.59	40.37					34.14		30.27	34.71666667	39.67		42.87						35.01	30.21			39.09	45.4					32.29				36.95		37.77	42.03				32.31	36.01	31.87		37.79		43.83		35.45	36.43			36.09	35.67						33.55	42.33	32.79		33.01	41.44	41.87	46.83		37.91							36.98	36.85	35.95	40.43							31.61	39.63										35.27		32.91	32.55	39.09								
2197891			45.39	50.81									46.79	47.03			46.65		42.78		38.44	39.27	41.95							41.03	43.73	40.95	38.67	39.13	44.67						39.35	37.33		41.41	38.47											38.62	40.76	46.03	42.03						37.51	37.34				46.71								38.77	43.65			41.19					37.31	43.43	25.67	37.87	42.43								39.57		45.77	46.3				44.07		40.13	38.17666667	39.71	40.595	45.65		49.29								43.77		48.05	49.63	47.87				44.71				46.03					44.41666667	43.33		36.01		47.16	49.19		48.45					44.23	38.39			50.83	51.65		46.13			44.31			41.41							50.37		41.63		39.63		45.31	51.33					38.99				50.79		51.15					44.57		40.51	40.71	46.69		46.77			44.08	41.09		43.89							47.09	44.05	46.33			50.35							53.29					49.35		53.05							39.61	43.63										43.61		39.13	41.71	141.57							44.47	41.25
2197892				41.17									49.91	71.49	50.27		46.65		39.29		42.04	40.93	44.57							48.91		41.53	40.1	41.41		44.59	109.53				46.15	40.63		41.93	40.67	44.67	46.59									40.13	43.18		46.51	52.85					34.55	39.68	43.17											43.75			51.03						38.17		27.69	41.27									40.91		47.61	72.39	50.63			46.33		38.49	40.44	41.89666667	43.17			51.19								43.83		49.53										48.65					45.37				42.37		124.19	50.55	47.73					48.55	38.92	44.45		54.67	51.55					46.05666667			43.37											43.11			53.32								42.19	49.43		58.65											54.45			44.5					52.61						44.75				50.09	54.85	57.63					53.29														40.79	43.09													41.71	94.89							45.81	
2197893			47.37	43.29									49.19	49.19			47.97		39.41		41.57	39.39	44.53		44.49					49.89	41.49	40.43	38.25	40.81		49.07					44.49	41.89		41.7	43.59		43.12							38.57		39.35	41.71	48.37	46.35	53.49			50.45		34.35	39.64			50.23								38.89	40.93	44.9								38.01		39.61	41.31	47.43								40.43		46.13	65.77	50.45			46.73		35.59	38.85	38.78333333	40.66			50.29								41.87	50.25	50.01						47.81				47.27					44.7	43.35			44.16		111.25								37.69	44.79	49.74	52.69			48.57		46.89	46.605			41.65	45.57										39.55			48.57				45.67					48.01		51.33											54.25			36.25	40.31										44.41				47.89	54.85	57.25		53.37								48.15		50.87							38.95	43.69		54.55								44.03			54.65	69.8							45.67	
2197894				48.49							39.09				48.53		47.69				40.24333333	39.39			46.93					50.77		41.55	40.63	41.29	46.01	50.09					46.73	45.46		42.45	43.39		45.2									40.05	43.59	48.71	45.41	51.43					40.67	39.27			51.17	56.11								42.83									38.09		41.87	41.53	50.55								41.2				46.87					114.13	40.44	41.55	43.01			52.25								42.17	51.37			51.95								49.23					54.01	46.37			81.41		342.95		49.93						39.61	45.61	74.19	52.15	52.23				48.47	47.13			44.05																							52.35		55.33								44.77			53.11				40.47										44.79				47.69	55.69	57.23	54.51	53.09													45.33				38.95	43.21										44.73			54.65	135.37								
2197895			53.79	42.79											45.59		45.69		38.57		42.43	38.63			48.19						43.89	40.61	39.71	39.57	48.99	49.31	53.37				167.19	36.63		40.58	43.01		45.52									40.71	41.45	44.89	44.03	48.93			50.45		35.33	38.96											38.81	41.41	44.65											40.03	50.55								39.29		47.11	47.39				45.93		41.55	40.01		42.64	47.59		49.05									50.05			53.19				47.39				47.11					61.47	44.03		36.01	42.18		198.6		48.73						39.85		101.69	52.21	51.91		49.45			47.03666667			43.81		49.23																45.59					52.35		56.25					45.41			45.47			54.23			44.95	40.47			44.29											50.56	52.71		54.73	52.13								46.51		54.01			47.99					45.05										43.97			41.75	134.27								
2197896			47.45	45.07									43.25				41.81				40.27		45.67								40.11	39.05				44.83	54.91				42.15	39.53		40.56	42.37	43.23	43.36							41.37		36.93	42.89	47.43	43.53	50.39		43.99				35.8			48.47								37.47	38.01							48.63						47.03				43.79				38.25			43.94				44.27		36.95	36.13		41.23			49.80333333									47.31		50.45	46.51				58.13			44.37	49.77					44.49	42.42				46.01	50.37	48.31	44.33		44.55				39.07			51.29	50.55					42.12			41.15											39.79		45.39	54.13				43.57					51.17		53.37											50.79			44.29	41.51			46.37								38.57			45.81	52.14	55.01		48.91										51.03			47.13																		39.37	44.19								40.83
2197897			45.13	44.23									45.41		42.81		42.79				40.37		45.11		48.63							37.91			49.69	48.19	51.27	39.47			42.15	36.47		40.11	35.05		41.45							40.03		36.42	39.72333333	45.89		43.61			44.53			36.56			47.19									39.62							47.67		36.53	39.53		37.73					41.77				37.1		40.01	43.86				41.45		35.55	36.05	37.49	41.12333333	46.71		46.1									46.51		48.91	46.51														41.11		36.07		47.71	49.68	43.53	42.91		45.03	43.31		39.67	37.63		45.31	47.77	50.91					41.64333333			40.47		45.35	49.45					40.87					42.15	52.65				42.05				38.01	42.95		51.37	48.13										47.27			41.67	38.17											37.37			45.45	47.27	55.79		50.25								43.83		51.03								37.03		46.07											39.07	104.2								37.25
2197898			44.83	43.09		45.63							45.41		45.18		40.71	39.87			38.24333333	36.96	44.07									37.33			46.14	48.19	48.38				40.19	36.29	36.27	39.36	38.73	41.91	43.21							40.05		35.99	41.2			47.2		42.01				36.56			44.39								36.01	39.09							45.35			38.99		35.63				42.67	42.55				37.11		40.01	43.69						38	37.3	37.71	41.23666667			47.69666667									44.55		46.97	46.51							42.21	45.13						40.61	39.35	36.07		44.11	49.22	42.19	41.09		45.57	42.73		35.75	36.63	42.15	45.25	47.77	49.07					40.05			41.14			49.45								38.43		42.15	51.83				41.73				38.43	44.63		53.09	47.57							41.79	42.77		48.19		40.97	41.36	38.23		44.41									38.41			45.98	47.27			49.01										49.73						44.59		38.74		44.41											39.07	105.03								37.23
2197899		41.99	43.53	44.17									44.65		46.01		41.97	37.77			39.89	36.22	43.09		46.43							36.73		41.34	44.00333333	44.43	46.93	39.47			40.47	33.19		38.93	44.45	42.63							38.31	40.03		35.71	40.56333333			47.85			44.81			36.63			42.89								35.49	42.23	42.41									38.71	35.53	38.65	45.37			44.69	42.23				37.19		41.47	45.02				41.45		36.19	37.67	37.53	40.51666667	46.75		48.81									42.23		46.19								39.29	45.21					40.53	40.71		36.07	39.99	44.05	49.31	51.03			45.57	43.31		40.09	37.72		44.99	45.69	52.69					41.30333333			40.77	47.03		47.08	46.71				38.45	41.15		37.03		45.09	51.07				43.11				37.21	42.61		51.23	46.93							45.23	42.43					41.51	36.49												36.25		46.21	47.67			49.83					41.75													38.56		47.97										36.03	38.85	42.05								37.11
2197900		43.23		50.07									45.13				45.19		38.43		39.89	39.69	44.87		49.03							38.33		42.29	43.97		47.19				41.59	33.61		39.14	44.45	43.23								39.55		35.66333333	39.67666667			45.87			46.19			37.05			47.43								37.59	40.27											36.37	39.69	47.83				42.29				37.35		47.31	45.72				44.27		35.69	38.85	39.1	41.19	47.57		49.03											48.57								39.23						41.19	40.73	41.15	36.19		45.92	49.76	48.35			47.21	47.27		40.59	38.08	41.25	44.19	47.79			45.95			41.6			39.47	48.33		46.99	46.71				42.09	45.61				45.63	51.05			46.99	45.17				44.37				46.35							45.67						44.03	41.63					45.85	48.33						39.89		47.31	49.59	50.63							41.97		41.87									45.25		41.97												37.29	41.56	44.09						41.29		
2197901		46.27	42.95	51.67									45.49	289.59			47.35		40.95		40.89		45.45		49.95							38.59		42.53	44.44333333						42.35	33.61	41.51	39.7	42.37										36.09	36.41666667	42.24333333			47.52						37.96			49.22								38.03	40.61	44.15		46.27							39.11	38.44						43.73				37.49		45.77	46.49				45.29		36.75	38.85	39.81	40.88333333		47.97	99.07											48.19								39.35	46.73					41.47		40.77	36.19	39.89	44.96333333	49.47	50.35			46.47			40.75	39.03		45.69	50.35	48.49					42.17			41.73	51.11		48.55	46.75				44.59	42.81	39.33	37.79			52.49			50.35	44.75								46.35													40.75666667	41.08				45.35	45.81			42.55						48.77	48.53								43.67		43.67									44.97		42.17	44.85											37.21	40.12	46.11						43.71		39.51
2197902		47.59	49.23	52.41							39.77		49.11	291.11			46.03		47.45		43.07	44.05	47.39		44.97							41.23	39.53	44.09	45.77		50.21				44.15	39.78	41.51	44.63	43.27	46.71										39.45	42.26333333			47.82						37.49		46.19	50.08						39.55		39.23	41.69	44.71										39.13	42.11									38.97		46.41	47.23				45.13		38.55	39.62		42.43666667	49.91		49.55								56.93		49.89	49.91								46.27						42.01		42.41		41.17	49.81	51.45				45.95			40.75	40.19	42.39	48.11	51.51	52.93								42.97	51.11				49.05			45.73			43.17			52.89			50.35	46.41		45.51		40.6				47.71								47.01					42.34	39.19				48.67				47.81						50.19	50.73								44.67			48.45			52.25					45.75		42.13	45.41	47.41								43.99			44.19	46.79						47.95	43.87	
2197903		45.17	47.95								38.45		46.03	48.61			46.03		46.43		42.33		46.53		45.33							39.53	39.53		44.78333333						45.13	40.21	41.51	42.95	43.13	44.79									37.65	37.47	42.02333333			49.91						37.09			47.93						39.49		40.15	40.35	44.31		46.27						38.77	40.01	39.44						46.01				38.69		49.15	47.23				44.67		38.21	40.48		41.62333333	49.47	48.19	49.66											49.85								43.45						41.39	40.95	41.75		40.63	49.59	50.43	51.61			45.95			40.89	40.28	42.39	47.03	50.35	52.43				46.25				42.85	50.21			50.47	44.87			44.59			40.39		47.29	51.77			51.45	45.49				33.65	46.11			48.57							43.27	46.57					44.51	38.27				46.09	47.97			45.65							50.73								43.17											46.95		40.83	44.87									44.85			44.33	46.03						42.29	43.87	
2197904		46.53	48.53	49.59							38.75		44.33				47.93				42.35	42.45	46.73		45.99							41.73	40.75	43.75	45.39666667						45.37		41.81	42.95	44.17	44.29		49.31							37.99	37.62	41.53			48.42									48.08				44.31		39.57		42.02	42.23	44.71					46.01			39.47	43.49	38.57	40.99				47.19					38.99		47.6	47.23				44.05		38.25	40.45	38.13	43.67											132.91		49.11	52.41								46.67						41.09		43.03		41.61	50.63		52.85			45.95			36.13	40.09	44.31	45.19	48.67	55.87		46.31			43.53			42.55	51.03			46.33	44.87			42.95			42.35		47.21	52.67			48.49	46.27				46.89	45.93			47.99	42.75							46.77					42.11	39.49						49.75		45.75							50.73								43.59											47.71		41.85	45.53									44.51				66.57						49.01		
2197905		50.03	49.43	50.99							41.49						48.21					43.08	46.93		48.77							41.05		44.93	46.41		49.53				45.65			43.61	43.01	44.87		52.57						42.45		38.22	41.65666667	48.47		50.27									76.57				45.41		44.15		40.39			45.25								68.69	38.05	38.93									39.03			43.23				44.13		39.01		39.79	42.6		44.93										41.05	45.66	52.41			44.37					47.35						41.91		42.61			47.61	52.65	53.81			48.51			41.43	40.41	44.31	47.33	53.13	56.27								42.65	50.43				49.35			44.67					46.75	53.03			49.99			45.59		46.89					42.93							46.85					43.19	38.97						51.85								51.25	53.27	51.95							44.77											47.65		41.95					50.85					44.51		41.65	42.99							47.67		
2197906		48.07	48.91								44.45		48.23				46.27					42.58	44.56									39.91			46.51	51.33	50.39				44.59			42.09	45.79		49.07	49.59						40.85		38.29	42.98333333	47.21		49.47									47.59						39.41		39.57												38.11		45.6	51.85									45.25	68.17				42.41		38.55	40.03		41.74		45.03	50.15666667									40.17		49.67								43.34						42.09	44.01	44.13			46.695	49.55	52.67			45.99				40.95	42.97	46.51	52.11	52.19								41.72								44.05			41.87		46.87	51.69	52.37											49.09	44.39				42.39			47.43		51.17			44.18	37.65					55.81	52.43								48.79				49.47					44.41													39.01					49.43					44.41		42.01	42.99							43.89	43.39	
2197907		46.77	48.59								43.79		46.17	44.97	50.07		46.27					41.93										40.45	36.26		46.30333333	50.33	50.23				42.63		39.23		45.55	46.19	48.99	45.55						40.05		38.33	42.02	46.57		48.57						35.97			49.49				44.43		39.21			42.07											36.71		130.07	55.47							38.11		43.91	59.89				43.43		38.25	37.08	42.31	43.19	47.27	45.03	49.97666667									48.31	46.17	47.07			45.99					43.47						41.79		39.99		41.25	46.81	48.48	55.37			45.99				39.59	43.73	43.81	49.4	53.25								42.51666667				49.43	45.13			42.67						51.43	53.13								42.13	46.63		47.79	42.83				42.39					50.07			43.22	40.07					57.25	50.57								48.48									43.67					50.33							39.81	41.45					48.38					41.90333333		41.65	40.65	43.27						43.89	42.33	
2197908		46.85	46.73										47.89	45.23	51.67		44.17															40.99	38.03		45.69	45.13	50.75				43.67				45.55	46.29	46.69	49.59						40.45		38.83666667	42.58	46.29		46.77													43.61					41.75		48.85					51.15				36.71		47.50333333	56.85							38.11		43.83	74.97						38.91	40.23	41.67	43.19		49.39	50.35							37.43		40.93	45.33	48.83			47.01					43.26	47.93							42.39			47.44333333	49.15	52.37			47.25				39.77	43.11	44.15	50.85									41.84				44.61	48.09			43.71						51.07									43.47	49.39		48.71				44.69	42.39			47.35		52.19			44.17	39.07						50.81																	44.13												40.23						46.75					44.28333333		41.57	40.65	44.05						49.01	44.21	
2197909		48.47	50.13										49.17	48.67	46.75		45.83				41.49	41.85	45.56333333									41.89	36.31		45.40333333	47.68	51.51				45.45				45.95	44.37		47.25						46.71		37.93	41.92	46.47		48.25						37.13		49.21	48.77				44.45					43.07	47.41		42.99								36.71	41.51	48.64	55.11			43.91				38.11		45.63	44.03						39.81	38.59		42.13		49.21	97.45							39.69		48.57	48.16	49.59								43.77	46.23	44.87									46.96	49.8	54.93							40.05		47.35	50.8	53.15								42.71			50.67	49.67				45.77		41.23				52.79								41.53	44.09	50.33		48.71				43.71				46.15		51.25			42.55	41.11												36.63		48.63			117.25																		40.69	44.07					48.41							41.55	42.69							46.23	43.33	
2197910		48.63	52.04											48.72	49.39		46.03		41.45				42.67									41.35		37.87	45.19666667	48.63	52.49		47.07		45.41				46.01	47.17		49.61		48.67				49.15		39.03	42.87			45.31							42.29	49.93	50.03						42.55			43.09		49.6									185.05	40.69	46.19	55.01			44.21						45.83								39.33		41.89		48.53		44.99						40.47	44.43	49.67	49.53	50.49								44.73								39.93			46.55	51.85								40.57	44.73	48.01	50.55	52.87								44.13				49.81							42.95			51.37								47.13	45.57	52.01	53.57											55.17			46.27		39.99											37.95					130.95								42.73			52.03							43.15	41.45		49.69										42.99	43.19		48.55					49.45	58.81	
2197911		50.61	51.61											50.67	48.65		45.73		174.63				45.38									41.59	36.89	43.14	43.98	50.83			45.67		45.41				46.37	45.91				48.53						37.14333333	42.1		45.09								44.93		50.4						42.51		43.37	45.78		49.84									37.11	41.13	45.51										42.35					43.53			39.33		44.07				51.97						40.47		50.97		50.49								46.35							40.93	39.93			47.05	51.25								39.59	44.93		52.13	53.47		42.95						44.37			51.57					47.97			41.99											35.49	45.95	51.71	55.15																																											52.03													51.03					45.93			43.05	48.67								
2197912		50.61	51.61											50.67	48.65		45.73		174.63				45.38									41.59	36.89	43.14	43.98	50.83			45.67		45.41				46.37	45.91				48.53						37.14333333	42.1		45.09								44.93		50.4						42.51		43.37	45.78		49.84									37.11	41.13	45.51										42.35					43.53			39.33		44.07				51.97						40.47		50.97		50.49								46.35							40.93	39.93			47.05	51.25								39.59	44.93		52.13	53.47		42.95						44.37			51.57					47.97			41.99											35.49	45.95	51.71	55.15																																											52.03													51.03					45.93			43.05	48.67								
2197913		49.73	49.27											49.33	49.92		47.67		43.21			40.11	43.79									40.65	37.36	43.15	43.87	51.95	56.89		44.77	44.63	45.51				46.37	46.41		49.17		47.47						39.86	40.43										42.21		49.29		49.57				42.61			43.34333333	41.97				48.29						39.64	40.75	46.65			47.89	43.67						44.85					43.53					41.61										39.79		45.69		46.85			45.37													40.45				51.99			48.39					41.31			52.37	52.12								44.11								48.89			43.01											39														54.31																36.11																51.93																					41.93	60.15							46.17	
2197914		49.77	49.62	45.99										47.82	48.22		45.19		43.5			40.09	41.55		48.67						38.67		36.55	43.1	43.53		57.65		46.87	43.37	55.77				45.83	48.35		48.45		48.29						38.37666667	41.1	45.39			48.65			40.21			43.67		49.67		52.73	49.15						40.75	43.03	46.9			48.29						41.53	38.69	45.01	54.65			43.21						45.41					44.13					42.67		49.39		49.93								44.97		47.47			45.11												40.81	39.59					53.03		46.53					40.89		47.19	51.93									41.81	46.95							48.49			43.01									43.75		41.11666667		49.99												52.41			41.67													38.68																52.75				47.91														44.27			41.93								45.81	
2197915			47.27	44.11										46.87	46.4		42.81		41.74	36.55		39.07	42.31			45.27					39.53			40.59	40.16		56.59		42.91	41.5	41.47				43.21			46.29		46.21		44.04				37.06333333	40.25	44.47						38.71			40.87				44.97	47.07			38.53			40.94333333	43.03	45.15			45.79					39.13	39.62	38.25	44.67	56.43		47.61	43.11						44.21	42.73				44.95			44.07	38.53	39.75		46.35		49.72								44.51		48.21			44.97												43.28	39.59				47.55	51.49		45.75					40.45	43.39		51.07									41.81	46.93						46.75	47.21	42.19	40.49										42.07		40.64			53.43											53.21			44.41													34.1																													67.47		45.89						41.47									
2197916			43.66	44.11										42.75	42.96		39.03		39.33		33.49	36.13	39.91								36.57		33.31	36.75	40.58		54.15		41.75	38.55	39.73		34.69		42.49	41.65						40.31				36.41	39.95							38.09		35.49	35.65		42.53			39.83			38.11			38.89	39.73	44.33			42.69					35.67	34.46			46.17			39.67	41.69					42.29	39.07				39.39		36.67	40.99	37.65	37.59				48.18										43.57			41.03					39.33		44.21					40.63	38.55				46.35	47.73		41.35					39.17	41.63	42.47	46.89			41.53						38.93	45.26	46.03		50.97	43.43		43.43666667	44.53	40.09				43.85					41.39		42.07		37.84333333	41.63	46.67	51.37	47.41										49.09																																50.05								41.31					48.49		44.59			40.59			39.95			51.57				45.81		
2197917			43.66	44.11										42.75	42.96		39.03		39.33		33.49	36.13	39.91								36.57		33.31	36.75	40.58		54.15		41.75	38.55	39.73		34.69		42.49	41.65						40.31				36.41	39.95							38.09		35.49	35.65		42.53			39.83			38.11			38.89	39.73	44.33			42.69					35.67	34.46			46.17			39.67	41.69					42.29	39.07				39.39		36.67	40.99	37.65	37.59				48.18										43.57			41.03					39.33		44.21					40.63	38.55				46.35	47.73		41.35					39.17	41.63	42.47	46.89			41.53						38.93	45.26	46.03		50.97	43.43		43.43666667	44.53	40.09				43.85					41.39		42.07		37.84333333	41.63	46.67	51.37	47.41										49.09																																50.05								41.31					48.49		44.59			40.59			39.95			51.57				45.81		
2197918			43.05	40.03										39.89	40.07		36.97		38.83	33.19	33.69	34.11	40.29			41.75					32.35		33.69	35.29	36.78		54.53			36.23	35.51		33.51		39.79							35.75				34.18	37.71						37.69	33.93		32.71	33.35		38.39									36.45		40.67			36.77					32.77	34.83		37.01	40.89			34.93						40.27					39.31		34.89	36.265	35.43	33.59		42.85		47.99		41.25					38.09			44.21		37.15	36.25							41.75				37.29	39.79	37.04					44.25		38.51					35.79	38.33	41.89	45.6				39.67				28.39	38.93				49.05			41.23	40.95	38.95	38.41			42.71				40.09	38.77				36.62333333	38.39	42.45	48.89									41.03		49.33	40.01			36.69											37.23									49.07												41.47								45.73	46.69		43.77			38.77			39.95			47.73				40.77		
2197919			42.49										40.85		40.53		37.85		37.94		33.69		41.15			40.91					34.39		33.19		37.74		51.89			39.99	35.79				39.13							38.19	35.65		32.29	33.50333333	34.17							42.35		33.41666667	34.31		39.17		43.57		40.89				33.65	35.37			44.95		39.75						33.63	33.71	40.07			40.75	33.71						39.71					38.05		30.45	39.77		36.09666667		42.41	45.55			42.25					37.85	35.37	42.63	44.41		37.15	35.17							42.93				36.05		35.86		36.09			45.49		39.13				37.23	35.41	37.49		46.86	47.19			37.31		37.87			35.45		45.99		49.16			38.71	38.24					41.35				42.71			35.81		35.78333333	39.21	42.53	49.13							34.83				48.65	37.57	35.81		37.91	33.91										38.17		36.43							48.97		41.11										37.87				39.91	41.47			41.27			41.67			37.73			38.25			46.33				38.41	42.65	
2197920			38.95										35.15	36.99	36.51				33.81	30.37				35.57		40.73	35.17				31.97		30.91		33.94	38.05	43.83			34.55	34.19		31.81	32.21		35.9						32.41	33.13	31.91	28.77	29.54333333	30.97	36.01		42.04				42.28		29.68	32.89		36.77	34.23	40.49						31.39	30.43			40.79		33.91						30.29	33.01	33.15			35.99	34.07				24.41		35.07	34.35		37.17		35.71		29.51	31.41		32.93		40.19	38.23			39.29					33.79		40.43	36.35		33.93	34.41					34.73		35.62				31.53	33.91	29.77	29.43	33.95		37.88	39.95		35.85				32.39	33.27	34.13	36.67	38.55	39.67		34.55	35.45				30.53	32.29		35.17	41.23	41.05			37.1	38.39	31.95											34.53	29.95	32.98	31.91	37.25		37.31	35.17			34.39	33.89	33.53	37.65			42.59				31.69											35.88		34.15					38.51													36.31	35.39				32.91	36.41				38.15		37.31						38.25			42.69				31.83	37.11	
2197921			39.35										32.59	34.97	35.03				31.69	28.97	29.53	30.57	33.43			33.97	31.11				29.61				31.47	34.39			28.81	32.95	31.29		30.43		29.21	33.39						31.95	31.15	32.13	28.37	28.17	30.47	31.87		35.45				32.03		29.52	30.39		33.6	30.09	38.77						31.01	31.73	24.89	34.53	37.33		36.07						30.69	31.07	32.23666667				33.17						32.19	32.68		37.17		30.95		29.05	28.5	30.45	31.57		34.35	35.46			37.43					32.33		35.29		34.79	31.73	32.67					32.77	34.93	34.09				32.75	32.79	32.53	29.43	31.29	34.79	34.83							31.15	29.31	30.7	33.82	32.97	35.9			33.97				28.73	34.07		38.07	36.23	37.43				35.18					33.31	34.23		37.27				30.89		28.69	30.33	32.95		36.51	34.13			33.45	33.89	33.39	33.03		32.31						29.79	28.69		37.69				38.39			32.55		32.37		36.29	38.45		38.51		41.24									33.77		32.89	33.21		33.79					37.85	35.71	35.97						32.99		33.61	33.10333333		37.67	34.67			34.47	33.35	
2199410		39.47	41.41		36.43									39.59					33.73		34.37	34.31	39.33		43.47	36.15				35.35		32.77	32.73	34.81	41.1										35.53	39.27	43.67						34.13			33.67	37.57666667	44.25	41.93							31.95			44.05						36.43			38.55	43.32			39.17			38.59			33.57	33.69	34.03	37.15				38.01				31.98		40.63	40.33				36.97		36.63	33.51	36.33	39.24	47.93	44.09	46.1					33.39		33.01	36.53			42.87														36.07	36.45	35.71		37.97	40.97666667	40.49				39.09		36.29	35.35	33.29	40.07	42.81	49.87	40.69								37.25	43.67			42.56		37.73	37.81		38.71		35.93			44.61				37.55		38.05	32.61	36.07	42.395	43.49	45.19	41.57				36.55	37.21	38.05	36.31			43.11			36.12			37.35				36.19					37.07			46.77		44.05									38.27		41.57	48.45			40.51				34.61	37.18	40.45	43.27	40.49				39.25			35.33			35.11									
2199411		41.67	42.87											43.83					33.07		36.19	37.36	39.79		43.95	36.15				37.87		33.71	34.13	39.31	41.56	42.93						32.45			36.37	40.51	44.77					36.71	35.47			32.81	39.33	44.31	44.13				35.65			35.65	34.59		44.39		40.27				37.89			38.44333333				41.05			39.97				33.83	38.51	43.51				39.77				40.21		44.39	40.985				38.51		33.97	38.28333333	37.21	39.91	45.64	47.83	44.65								37.61			44.69														39.39	39.17	34.99			43.62	42.57				41.63				34.8	40.52	43.85	50.19	44.25		41.27			40.73			37.55			45.43	42.64		42.97	40.39				37.21		38.63	50.95					33.85	38.19	34.41	37.53	43.99666667	43.07	45.39	41.57				37.45	39.21	37.59				46.49		39.47	36.79												42.17	35.03						45.83										49.47			43.71				37.45	37.38		45.19	43.75				40.11			36.15			35.83						48.67			
2199412		41.69	41.1											41.75	43.17		38.35		31.85		35.19	36.33	39.47		42.93	37.25				37.87		32.75		37.45	39.05666667	42.1					35.33				33.09		42.93	40.57					36.61			32.61	36.92	40.73	41.85				35.61			32			41.43	39.55	36.95				33.31			35.69	40.33		42.13	38.15			41.25					31.93	41.31				43.25				34.72		38.85	38.705				38.75		27.13	34.19	35.51	37.355	45.15		43.55							30.75	36.29			42.73								35.59								33.81			41.72	40.21	41.09			40.83				33.51	34.91	44.01	47.65	39.8		40.57						36.39	40.43			43.39		41.41	39.79				36.07		40.21	43.87				36.53	34.27		33.37		43.58	38.21		40.13				35.43	35.59	37.59		41.17		42.5			34.67				41.63							36.43	29.47	32.77													36.69	39.77	36.85	48.71			41.49					36.06			42.03	41.99		37.07	39.37			36.21		33.71	35.83						48.67			
2199413		36.17	40.17											43.59	39.45		34.97		36.97	37.21	33.13	34.49	39.73			37.51				37.23		33.47		34.81	38.11						35.33				33.65		42.35					39.43	34.97			28.33	33.67	42.59	39.92				36.47			32.23			39.85	36.63	39.47								43.99		45.03				37.71					35.47	36.24				38.09				35.16		34.95	37.12333333				38.75		31.97	33.19	34.58	36.6	42.89	42.95	41.59							31.33				42.73							32.43	35.69	37.21							34.07			40	40.87		36.77		40.83			33.37	33.18	34.37	41.53	42.45	41.39		39.27			34.97							39.55			36.81	34.97	31.11				36.65	39.95				35.03	33.41				41.11	40.31		36.69				34.49	34.41	35.67				43.69		37.45	34.81											33.41	36.49							41.91										44.03			41.49	38.31				35.46							41.19			35.49		34.39	34.29	38.57					44.73			
2199414		36.29	40.61											41.09	38.95		33.09		29.59	34.37		35.57	39.19	41.23	41.89	37.91				39.43				38.01	36.73										31.99	38.45	40.15					36.55	31.4	26.97			34.5	42.17	41.37				34.09			32.26				39.46	34.59							36.75			42.77	34.53	36.67							36.35	37.99								34.78		35.47	38.765						31.14	31.86	32.59	35.89	41.52	42.39	39.66											42.53									36.53	39.17				34.17					38.08	41.69		35.11		35.37				32.51	35.79	40.59		40.51		36.73			33.29	35.15		35.99		39.85		36.25				37.09	34.61	30.53			38.93	42.77					33.41		37.07		37.78	38.23		40.79				35.87	38.57	34.03	34.37	34.87		44.97		37.05					40.35							33.41	40.25	27.63						40.25										41.51			40.03	38.21				36.69			40.57				38.73			35.29		32.55		36.51					39.09			
2199415		33.61	36.19											36.56	37.24		33.09			31.91		28.46	37.65		39.49	36.63				36.77			25.87	33.83	36.01								30.35		31.99	37.28	40.51					33.37	32.99				33.83	38.41	36.37				32.83			29.5			36.83	39	34.37							31.13			41.45	35.13								29.61	34.57								32.33		34.35	35.23						29.65	29.68		33.2	38.14333333	36.45	38.47							27.37				37.4									35.45	36.33								33.05	35.48333333	39.81		33.41		33.69			30.43	29.82	32.65		39.99	38.18333333		36.05			33.29		28.93	34.25	36.36			35.57			37.46						36.31	39.34					33.41				36.68			35.53				32.35	33.79	30.59		34.85	37.99	40.93		34.05				33.39	36.69							33.41	34.35		32.13	37.23											34.55	34.01		40.63			37.57	32.83							37.67				36.59							33.44					42.79			30.87
2199416				37.03										38.97			30.85		28.57	33.01		23.07	38.29		38.07	36.85				57.63	30.27			32.31	35.44									33.35	31.13	34.67	36.29						33.32			29.17	33.1	40.23	36.77							30.41			35.41	38.11	34.09							30.87			38.13	33.33			35.33					34.37	34.89								32.22		34.77	35.11666667						29.01		31.84	32.775	37.54		38.04							30.11	29.51			37.45																32.43			36.07			33.77		38.41			31.11	30.62	32.43	37.03		37.01							29.65	34.43				35.51			35.47	32.69		30.53			35.96						31.77				32.89			37.03				32.17	32.39			30.84	37.55	39.45		34.43	33.13	32.79		33.44								30.57	27.63		31.91	36.71	39.08								32.91		32.9	32.81		38.25			37.51				31.23	31.92							36.59			33.37			29.99	33.23								
2199417		33.13		35.63										37.75	36.53						28.49		37.59		38.61	36.75				36.35	30.29		28.07		35.09	38.37	34.95						30.45	32.63	33.14	33.73	35.75			32.31			31.76333333	32.95		28.71	33.41	36.27	36.57							30.02			35.17	37.82	35.67							30.01			35.45	34.49	37.23		35.59		29.53	31.53											29.13	30.85	32.69	33.9						29.45	29.44	31.3	32.29	34.96		37.53							30.11	29.49			36.56									34.09		32.47			31.29		32.45			32.85	31.97		33.07		36.73			30.71	29.84	31.22	34.39									28.63	32.15	34.81		34.27	35.87			35.91		32.09	29.95			34.37	37.03					31.55							33.33				32.09	34.45		29.95			38.47			32.91	32.99		34.07	35.81					35.39			27.55		31.39	35.95	41.05								32.15		32.47	33.3		38.75							30.77	31.41			35.99							32.19			30.97	31.95								
2199418				34.49										38.59			33.69		33.27		30.53	27.2	34.22	37.89						35.73					34.61	35.75	36.29				31.83	28.07	30.49	33.41	28.85		34.18			31.69			32.17666667			27.86			38.27	35.85			32.97			31.54			33.89	39.93	37.03						30.65	30.51	36.33			35.31			35.35										36.85				30.83		32.25	33.1						28.23		30.83	32.01	33.01		36.58								29.69		31.61	35.14	36.03								35.45		31.83			31.23		31.77	28.17	32.75	33.63	36.45		33.67		38.73			30.21	30.01666667	31.07	32.93	34.43								28.19	33.49	32.63		34.17				36.01			29.77			34.13	34.67					32.29				34.74			34.39				31.33				34.89	35.01	40.45		32.01	33.11			35.73	34.23							34.17				35.91	39.17			41.47					31.69		32.00333333	33.62		37.55							31.26	31.02			35.73							33.55			31.33	31.73								
2199419				35.39									39.65	40.85	36.87				34.47			26.44	37.45							39.25	30.21				34.61		40.21				31.79	30.41	30.49		33.9		39.2	37.15		35.69			33.95666667	30.95		29.48	33.27		36.97						29.55	30.64			35.27	43.99	36.95						36.55	31.75	35.71			35.31			36.41		29.33								35.67		42.17		32.89		35.43	34.94						21.93	30.89	32.07	33.58	34.79		38.16								30.45		32.37	36.43							30.59		35.57		36.83			33.01		33.33	31.49	32.75	34.07	39.37		34.05		39.85			30.21	30.33	32.56	35.45	37.43								31.37	33.11	32.63									29.73			36.85	40.55666667					35.71				35.64	35.29		39.77				35.41	31.91			35.65	37.27	40.27			33.67	34.95		35.66	36.19									31.47		36.37	39.57								33.63		32.95666667	34.66		36.23							30.25	32.75			35.73							33.85			31.5	33.41								
2199420				38.19									37.13	42.31	39.21				37.24		33.45	37.18	39.08							41.03	34.43		32.57	36.45	40.16		43.37				35.39	30.61	34.69	33.77			40.66			40.47			37.99666667	34.15		32.15	37.11	41.75	42.13	43.23			41.89		32.29	32.79				54.89	39.89			39.89			37.57	35.69	40.81			41.19			45.03		29.33	38.69	32.55	34.87					41.51				31.4		35.69	40.1						29.37	31.51	32.22	36.8	40.65	41.63	36.75								33.73		41.17	45.01					38.31				40.23		36.83			38.26	38.27		33.53		41.21	43.89		36.99		38.73			36.45	33.55	34.29	40.43	45.61	49.13					38.59		34.51	35.85666667			47.35				50.37	36.51		35.53			39.38	46.74333333					35.71				41.67		45.05	42.03				33.89			35.77	42.68	43.99	45.83		38.99	35.41	35.69		36.05	37.63	47.95					37.35	39.07	33.28		34.61					39.57							40.25	38.08	35.95	47.57							31.61	41.27			49.11							38.67		36.73	33.65	40.49								
2199421			45.39	50.81									46.79	47.03			46.65		42.78		38.44	39.27	41.95							41.03	43.73	40.95	38.67	39.13	44.67						39.35	37.33		41.41	38.47											38.62	40.76	46.03	42.03						37.51	37.34				46.71								38.77	43.65			41.19					37.31	43.43	25.67	37.87	42.43								39.57		45.77	46.3				44.07		40.13	38.17666667	39.71	40.595	45.65		49.29								43.77		48.05	49.63	47.87				44.71				46.03					44.41666667	43.33		36.01		47.16	49.19		48.45					44.23	38.39			50.83	51.65		46.13			44.31			41.41							50.37		41.63		39.63		45.31	51.33					38.99				50.79		51.15					44.57		40.51	40.71	46.69		46.77			44.08	41.09		43.89							47.09	44.05	46.33			50.35							53.29					49.35		53.05							39.61	43.63										43.61		39.13	41.71	141.57							44.47	41.25
2199422														71.67	48.57						39.2	40.94										41.55	39.28	40.59	47.58333333	50.75	103.47				107.79	42.59		43.17			47.00333333									40.43	43.05	49.19	45.05	51.73					40.65	40.5	42.55		50.77	57.37								44.57	46.25		49.79						37.99			41.35	48.05								41.2		47.41	72.47	50.53			46.13		41.65	41.91	40.93	43.82	47.59		52.03								43.55		51.23	52.31	47.87								48.41					44.41				81.67		83.59	51.23							38.8	45.79	96.87	54.29	53.03					46.29			43.37											42.29			54.47					39.79				49.43		52.55	49.25										52.29			44.4											44.75				49.69								44.49									47.69				38.95	43.29													41.71	46.51								
2199423				48.49							39.09				48.53		47.69				40.24333333	39.39			46.93					50.77		41.55	40.63	41.29	46.01	50.09					46.73	45.46		42.45	43.39		45.2									40.05	43.59	48.71	45.41	51.43					40.67	39.27			51.17	56.11								42.83									38.09		41.87	41.53	50.55								41.2				46.87					114.13	40.44	41.55	43.01			52.25								42.17	51.37			51.95								49.23					54.01	46.37			81.41		342.95		49.93						39.61	45.61	74.19	52.15	52.23				48.47	47.13			44.05																							52.35		55.33								44.77			53.11				40.47										44.79				47.69	55.69	57.23	54.51	53.09													45.33				38.95	43.21										44.73			54.65	135.37								
2199424			50.03	50.81							38.65				48.57		46.11				39.97666667		45.57		48.61					50.77		40.99	38.31		47.74	52.92	52.07				45.43	43.05		42.65	44.14		45.37						42.63			39.55666667	42.78	49.23	44.49	52.56						38.8	41.61			56.11								42.39									38.49		52.35	41.71	50.16								40.26									80.89	40.52		43.23			50.23								42.47	49.19			51.95								48.05					51.72333333	47.2					197.02	49.73	51.23						40.45		202.01	52.15	52.91				47.47	46.24333333			43.67									43.21					56.17						41.29			45.87		55.03	49.25				40.49			44.77			53.11			49.07	41.57										43.59					55.71											42.53										45.59													41.97	133.63								
2199425				43.83										47.73	47.03		44.85				42.88				46.45						40.29	41.55	40.65	42.49	46.82	50.41	53.21				43.67	40.81		42.95	44.63		46.38									40.59	45.17	49.29	43.85	52.18						36.96											38.19	41.65							48.99					39.53	49.77								39.29			87.57				45.93		40.55	40.89		43.53			50.32								42.11	48.59		68.87	51.11							46.33	47.23					52.94	44.22				50.53	269.83		48.73						39.85		212.21	51.29	53.1					45.19666667			43.39		56.25																					50.63		53.63	49.99				45.41						52.65			44.43	42.87														51.11	52.14	56.55										46.51		53.67																					41.75									43.71
2199426			47.45	45.07									43.25				41.81				40.27		45.67								40.11	39.05				44.83	54.91				42.15	39.53		40.56	42.37	43.23	43.36							41.37		36.93	42.89	47.43	43.53	50.39		43.99				35.8			48.47								37.47	38.01							48.63						47.03				43.79				38.25			43.94				44.27		36.95	36.13		41.23			49.80333333									47.31		50.45	46.51				58.13			44.37	49.77					44.49	42.42				46.01	50.37	48.31	44.33		44.55				39.07			51.29	50.55					42.12			41.15											39.79		45.39	54.13				43.57					51.17		53.37											50.79			44.29	41.51			46.37								38.57			45.81	52.14	55.01		48.91										51.03			47.13																		39.37	44.19								40.83
2199427			44.83	43.09		45.63							45.41		45.18		40.71	39.87			38.24333333	36.96	44.07									37.33			46.14	48.19	48.38				40.19	36.29	36.27	39.36	38.73	41.91	43.21							40.05		35.99	41.2			47.2		42.01				36.56			44.39								36.01	39.09							45.35			38.99		35.63				42.67	42.55				37.11		40.01	43.69						38	37.3	37.71	41.23666667			47.69666667									44.55		46.97	46.51							42.21	45.13						40.61	39.35	36.07		44.11	49.22	42.19	41.09		45.57	42.73		35.75	36.63	42.15	45.25	47.77	49.07					40.05			41.14			49.45								38.43		42.15	51.83				41.73				38.43	44.63		53.09	47.57							41.79	42.77		48.19		40.97	41.36	38.23		44.41									38.41			45.98	47.27			49.01										49.73						44.59		38.74		44.41											39.07	105.03								37.23
2199428			44.83	43.09		45.63							45.41		45.18		40.71	39.87			38.24333333	36.96	44.07									37.33			46.14	48.19	48.38				40.19	36.29	36.27	39.36	38.73	41.91	43.21							40.05		35.99	41.2			47.2		42.01				36.56			44.39								36.01	39.09							45.35			38.99		35.63				42.67	42.55				37.11		40.01	43.69						38	37.3	37.71	41.23666667			47.69666667									44.55		46.97	46.51							42.21	45.13						40.61	39.35	36.07		44.11	49.22	42.19	41.09		45.57	42.73		35.75	36.63	42.15	45.25	47.77	49.07					40.05			41.14			49.45								38.43		42.15	51.83				41.73				38.43	44.63		53.09	47.57							41.79	42.77		48.19		40.97	41.36	38.23		44.41									38.41			45.98	47.27			49.01										49.73						44.59		38.74		44.41											39.07	105.03								37.23
2199429		41.75	44.85	48.87									47.35	48.05			46.69	39.99			37.47	36.22	44.45		47.37							38.17		41.62	43.85	45.65	50.78				45.99	35.09		40.81		42.97	40.79						41.25	38.83		36.71	41.80333333			51.4						37.98			49.13								38.33	41.53	44.49									41.77	36.11	39.09	44.31			42.41	44.15				40.32			86.87						38.39	39.93	37.27	41.2	47.45		49.20333333								41.45	43.73		51.59								40.95						40.79	40.27	40.73	36.07	40.95	44.88	53.59	51.03			45.57			36.05	38.82	41.61	47.41	48.99	55.13				39.05	44.03			42.36	48.07		46.85	51.69				39.93	41.81		39.54	39.07	44.65	51.84				43.17				43.47	45.61		54.73									46.65					41.89	39.19											37.51	36.75			51.79			52.71					44.63					47.91						45.77		37.51		47.41								47.05	43.73	37.95	41.39	95.11						43.73	42.11	38.57
2199430		43.65	41.43	47.03									44.13				43.57		39.41		40.31	40.05	40.43		48.09							39.37		42.38	44.63		48.15				41.59	34.29	35.99	40.04	44.41	43.11							40.31	38.83	36.09	35.79666667	40.63			48						38.19			48.55								37.59				46.37								36.53	38.93					43.85				37.43		46.59	46.21						37.29	38.85	39.44	40.60333333	48.05		49.53									42.23		53.09								40.69						42.65	44.91	40.73	36.19	39.65	45.26333333	53.13	47.51			47.21	47.27		40.61	39.14	40.43	46.03	49.23	53.69		46.55		47.89	41.57			40.07	48.33		46.19	51.69				42.87	42.87		39.33		46.19	50.56				46.51				44	46.49		53.35								46.01						44.11	41.22					47.51							39.89		48.81	47.67	49.16							42.05		43.69			48.77						45.25		42.29	43.67											40.01	41.39	63.83						43.59		
2199431		48.67	44.25	52.37							38.23		44.79	48.07			47.71	43.73	43.61		40.45		45.57		49.95							40.07	39.37		44.59						45.17		43.33	40.87	42.64										36.25	36.30333333	42.6			48.39						38.44			49.93						39.23				44.15		47.15							41.13		42.49	44.91				45.83				38.73		49.15	47.29				45.29		36.75	39.91		40.93		48.03												50.39								42.99	48.97					41.49		45.37		39.35	47.42	51.39	50.45			48.57			42.01	39.69	40.31	46.55	50.35	50.49				46.25				43.09	50.53		50.13	48.59				43.91	44.09	42.13	38.31			52.49			51.45	46.09				34.13	45.01			49.79													127.66	38.95					47.97			46.45						51.63	50.55								44.19											47.69		44.21										46.41			42.69	47.57								39.51
2199432		45.17	47.95								38.45		46.03	48.61			46.03		46.43		42.33		46.53		45.33							39.53	39.53		44.78333333						45.13	40.21	41.51	42.95	43.13	44.79									37.65	37.47	42.02333333			49.91						37.09			47.93						39.49		40.15	40.35	44.31		46.27						38.77	40.01	39.44						46.01				38.69		49.15	47.23				44.67		38.21	40.48		41.62333333	49.47	48.19	49.66											49.85								43.45						41.39	40.95	41.75		40.63	49.59	50.43	51.61			45.95			40.89	40.28	42.39	47.03	50.35	52.43				46.25				42.85	50.21			50.47	44.87			44.59			40.39		47.29	51.77			51.45	45.49				33.65	46.11			48.57							43.27	46.57					44.51	38.27				46.09	47.97			45.65							50.73								43.17											46.95		40.83	44.87									44.85			44.33	46.03						42.29	43.87	
2199433		45.17	47.95								38.45		46.03	48.61			46.03		46.43		42.33		46.53		45.33							39.53	39.53		44.78333333						45.13	40.21	41.51	42.95	43.13	44.79									37.65	37.47	42.02333333			49.91						37.09			47.93						39.49		40.15	40.35	44.31		46.27						38.77	40.01	39.44						46.01				38.69		49.15	47.23				44.67		38.21	40.48		41.62333333	49.47	48.19	49.66											49.85								43.45						41.39	40.95	41.75		40.63	49.59	50.43	51.61			45.95			40.89	40.28	42.39	47.03	50.35	52.43				46.25				42.85	50.21			50.47	44.87			44.59			40.39		47.29	51.77			51.45	45.49				33.65	46.11			48.57							43.27	46.57					44.51	38.27				46.09	47.97			45.65							50.73								43.17											46.95		40.83	44.87									44.85			44.33	46.03						42.29	43.87	
2199434		47.71	47.09	51.77							38.21		47.49	88.61			47.01				43.29	38.93	46.85		50.85							41.73	40.23		47.82	52.27					46.45			42.95	43.83			46.09							37.85	38.76	41.86		46.91	51.09						36.69			55.7								39.93	41.34	44.71								38.93		41.71					49.95	47.77						46.25	47.31				44.05		38.71	41.69	42.07	42.45	50.27													50.69									51.17					41.79		43.03			50.34		50.05							40.75	40.59	46.89	51.09	53.26		46.31						42.53	51.11			50.47	46.05			44.27			39.13		47.09	53.23			48.49	46.11				33.83	46.17			49.29													44.32	39.49						50.75		46.99															42.99											47.07		44.53					49.71					46.51				46.03								
2199435		48.07	50.69								41.38		46.55				48.53				43.29	42.63	47.13		50.19							41.17		44.95	45.97666667	51.53	50.07				60.57			43.61	42.39	43.01		47.13						42.45		39.04	41.93			51.29									51.71								40.43	39.41										68.69	36.97						48.51				39.03		95.75					44.05		38.99	40.57		43.65	49.73		70.59																			46.03	54.01					43.61		44.63			48.01	51.03	49.33			48.51			41.43	40.75		98.39	49.91	49.13								43.63	51.45							44.95			43.17		46.31	52.73			49.93					33.37					43.67												45.74	39.31																51.79																				43.01	45.57				51.37								42.99							49.03	45.23	
2199436		49.01	49.98	51.99							42.29		49.31	48.49	49.51		47.65				40.71	43.51	42.29									41.71			45.47	51.39	52.57				43.97			42.09	39.97	65.59		50.49						41.83		38.15	42.69	47.13		49.27									45.43																				38.11			50.51							38.89		44.91	43.67						39.61	41.41		42.49	49.55		62.17									41.21		49.67			47.19						47.93						44.37	44.67	34.01		46.8	52.25	53.77			47.25				41.05	42.81	94.65	50.6	50.27									46.45							44.93					47.67	51.35			45.67						49.55		55.89	49.09	43.71							47.55		53.13			45.69						55.81	51.21																																								44.41		41.87										
2199437		46.85	46.73										47.89	45.23	51.67		44.17															40.99	38.03		45.69	45.13	50.75				43.67				45.55	46.29	46.69	49.59						40.45		38.83666667	42.58	46.29		46.77													43.61					41.75		48.85					51.15				36.71		47.50333333	56.85							38.11		43.83	74.97						38.91	40.23	41.67	43.19		49.39	50.35							37.43		40.93	45.33	48.83			47.01					43.26	47.93							42.39			47.44333333	49.15	52.37			47.25				39.77	43.11	44.15	50.85									41.84				44.61	48.09			43.71						51.07									43.47	49.39		48.71				44.69	42.39			47.35		52.19			44.17	39.07						50.81																	44.13												40.23						46.75					44.28333333		41.57	40.65	44.05						49.01	44.21	
2199438		46.85	46.73										47.89	45.23	51.67		44.17															40.99	38.03		45.69	45.13	50.75				43.67				45.55	46.29	46.69	49.59						40.45		38.83666667	42.58	46.29		46.77													43.61					41.75		48.85					51.15				36.71		47.50333333	56.85							38.11		43.83	74.97						38.91	40.23	41.67	43.19		49.39	50.35							37.43		40.93	45.33	48.83			47.01					43.26	47.93							42.39			47.44333333	49.15	52.37			47.25				39.77	43.11	44.15	50.85									41.84				44.61	48.09			43.71						51.07									43.47	49.39		48.71				44.69	42.39			47.35		52.19			44.17	39.07						50.81																	44.13												40.23						46.75					44.28333333		41.57	40.65	44.05						49.01	44.21	
2199439		49.27	49.83										49.17	47.99	49.39		46.85						43.75	47.35								42.15		38.49	45.12	46.51	52.39				45.45				46.19			48.79						46.73		39.58333333	45.6			46.35						37.13			48.31									42.63											40.73	42.29	48.13	53.55			44.21				38.95		46.57								40.17		42.22		49.22								40.33	44.93	49.27	48.25	49.59								43.32	46.23							38.55			46.55	48.95	57.49							40.37		47.53	48.15	51.93								44.45								46.97						52.93									45.37										43.01	45.89		52.19			41.59	42.33	39.99				57.77							38.53		49.97			117.35																			42.83												42.79	43.19							48.05	44.85	
2199440		48.63	52.04											48.72	49.39		46.03		41.45				42.67									41.35		37.87	45.19666667	48.63	52.49		47.07		45.41				46.01	47.17		49.61		48.67				49.15		39.03	42.87			45.31							42.29	49.93	50.03						42.55			43.09		49.6									185.05	40.69	46.19	55.01			44.21						45.83								39.33		41.89		48.53		44.99						40.47	44.43	49.67	49.53	50.49								44.73								39.93			46.55	51.85								40.57	44.73	48.01	50.55	52.87								44.13				49.81							42.95			51.37								47.13	45.57	52.01	53.57											55.17			46.27		39.99											37.95					130.95								42.73			52.03							43.15	41.45		49.69										42.99	43.19		48.55					49.45	58.81	
2199441		45.99	49.48											47.06	48.65		45.73		41.81				42.45									39.15		43.03	42.43	50.65	51.74		43.43	41.51	42.71				45.73	45.04		48.69		46.25						39.39	40.99									36.39	43.07		49.63			44.49			39.25			43.63	40.71	49.36								40.17	183.63	40.59	53.29	55.01			43.59						42.83							39.13	38.52		42.14			48.15	48.07						35.53	45.79	50.41		48.13			44.05					44.69								39.93				51.75								39.27	44.57		51.59	52.46		45.63						44.26													45.17									35.15			50.93	47.45																																										51.43							42.75						51.08								42.81	48.35								
2199442		45.99	49.48											47.06	48.65		45.73		41.81				42.45									39.15		43.03	42.43	50.65	51.74		43.43	41.51	42.71				45.73	45.04		48.69		46.25						39.39	40.99									36.39	43.07		49.63			44.49			39.25			43.63	40.71	49.36								40.17	183.63	40.59	53.29	55.01			43.59						42.83							39.13	38.52		42.14			48.15	48.07						35.53	45.79	50.41		48.13			44.05					44.69								39.93				51.75								39.27	44.57		51.59	52.46		45.63						44.26													45.17									35.15			50.93	47.45																																										51.43							42.75						51.08								42.81	48.35								
2199443		46.31	48.2	42.69										47.98	47.31		44.91		40.78	37.51		38.37	40.91		44.19							40.65	36.25	39.65	41.54		51.33			43.85	41.69				45.11	43.67		48.37		44.89					36.15	38.45	39.37		45.09							36.61	42.21		47.93		47.49	47.77			41.49			40.83	41.61	46.81	48.91								39.23	40.75	45.2			46.17	43.61						42.81							37.21	45.39		40.29			47.79	49.25						37.93		48.09		49.01			44.33											43.41		40.45	40.83			52.89	52.59		45.83					39.73	42.71		52.13	51.43		47.91						43.39						50.27	47.53	47.99			40.43		45.21									38.37			52.81											50.85			43.23													36.11																51.93							41.61						49.49								41.93	47.71								
2199444		46.41	48.06333333	42.69										46.72	46.05		41.89		40.9			39.03	42.08		48.09	45.47					39.53		35.87	41.9	41.24		56.59		44.43	41.89	43.73				45.13	48.35		47.77		47.23					36.05	37.45666667	40.43	44.85								35.77	42.09		47.57		46.01	45.53						40.91666667	41.97	45.91			44.51						41.17	38.23	45.24			47.15	43.21						43.81					41.77		38.93	46.13		39.48	42.97	47.44	47.21	48.4								44.97		47.47			43.43													39.59				49.09	51.71		44.89					40.49	43.39		51.59	51.22								42.59				52.35		49.83		48.15	42.25		40.37											38.23		49.89												49.31			41.35													36.11																50.11																					41.93									
2199445			47.27	44.11										46.87	46.4		42.81		41.74	36.55		39.07	42.31			45.27					39.53			40.59	40.16		56.59		42.91	41.5	41.47				43.21			46.29		46.21		44.04				37.06333333	40.25	44.47						38.71			40.87				44.97	47.07			38.53			40.94333333	43.03	45.15			45.79					39.13	39.62	38.25	44.67	56.43		47.61	43.11						44.21	42.73				44.95			44.07	38.53	39.75		46.35		49.72								44.51		48.21			44.97												43.28	39.59				47.55	51.49		45.75					40.45	43.39		51.07									41.81	46.93						46.75	47.21	42.19	40.49										42.07		40.64			53.43											53.21			44.41													34.1																													67.47		45.89						41.47									
2199446			48.93	40.65											41.82				39.78	30.01	36.47		39.79			41.75					36.61			36.14	38.99		57.23		41.21	41.37	38.83	38.21		35.73	40.03	42.39						38.75			33.63	34.44333333	38.67			44.37				34.47			35.43					39.83			37.43			39.43	39.73	43.09									33.01			43.35			40.31						41.41					35.31		36.67	38.01	36.95	35.17		44.17		45.92									42.69	42.81			38.81							42.83				38.87	39.07	37.04					50.33		38.51					36.97	39.72	45.35	45.15			40.79						37.93	44.65	45.81		50.97			42.81	44.53	39.53				43.85				46.99	41.31				36.3	41.85		51.41	45.93										48.35			40.83													39.53		43.65						52.89																40.53	44.85				46.71					40.37			39.95			51.57				41.87		
2199447			48.93	40.65											41.82				39.78	30.01	36.47		39.79			41.75					36.61			36.14	38.99		57.23		41.21	41.37	38.83	38.21		35.73	40.03	42.39						38.75			33.63	34.44333333	38.67			44.37				34.47			35.43					39.83			37.43			39.43	39.73	43.09									33.01			43.35			40.31						41.41					35.31		36.67	38.01	36.95	35.17		44.17		45.92									42.69	42.81			38.81							42.83				38.87	39.07	37.04					50.33		38.51					36.97	39.72	45.35	45.15			40.79						37.93	44.65	45.81		50.97			42.81	44.53	39.53				43.85				46.99	41.31				36.3	41.85		51.41	45.93										48.35			40.83													39.53		43.65						52.89																40.53	44.85				46.71					40.37			39.95			51.57				41.87		
2199448			40.91	35.13										37.95	38.14	36.69			34.51	29.35		31.07	38.23			39.77					31.33			33.34	34.69					35.89			32.29	34.07	36.43							36.34	33.83			32.1	35.02			42.8				33.15		29.93	32.19										31.21	32.51	37.72				36.91					31.49	30.75		31.99	37.27			33.21						35.05					33.69		30.99	32.87	32.33	34.07666667		40.39		39.19		39.13					34.31						35.51							37.71				33.79	33.79	35.13					42.97						34.25	35.25	38.33	40.25	43.6				35.03		37.83			36.63		40.59		49.31				35.33					39.07				39.33	35.09			31.31	34.67	36.83									38.45		39.77		45.71	36.45			32.79											37.34	37.27								43.89												36.77								35.99	41.77		38.89			36.47			39.95			44.39				40.01	38.09	
2199449			40.9										36.81	36.57	35.19	39.03			33.09	28.57	30.03	30.77	39.53			40.91					30.47				35.27		51.89			33.47					39.33		38.05					35.05	33.25		28.85	30.67	33.99			40.49				38.76		30.18	34.79		34.31		41.15						30.79	32.31	34.59		44.09		35.61						30.77	32.63	35.87			36.35	33.61				24.75		34.11			36.01		35.41		29.71	32.59	28.21	33.59		41.69	41.87	43.37		37.63					32.01			34.47		33.37	33.33							35.58				30.99	31.25	29.93		34.05		38.71	41.83		35.03				32.25	33.29	36.81	37.75	42.64	44.78			34.59					33.87		37.75			38.25			33.27					36.81							35.81	31.23	34.53	34.09	40.23							33.25	32.69		38.87		45.31				34.39											34.92		34.49																			37.87					38.99			37.01	37.11		39.21						35.39			42.13				37.51	37.31	
2199450			38.95										35.15	36.99	36.51				33.81	30.37				35.57		40.73	35.17				31.97		30.91		33.94	38.05	43.83			34.55	34.19		31.81	32.21		35.9						32.41	33.13	31.91	28.77	29.54333333	30.97	36.01		42.04				42.28		29.68	32.89		36.77	34.23	40.49						31.39	30.43			40.79		33.91						30.29	33.01	33.15			35.99	34.07				24.41		35.07	34.35		37.17		35.71		29.51	31.41		32.93		40.19	38.23			39.29					33.79		40.43	36.35		33.93	34.41					34.73		35.62				31.53	33.91	29.77	29.43	33.95		37.88	39.95		35.85				32.39	33.27	34.13	36.67	38.55	39.67		34.55	35.45				30.53	32.29		35.17	41.23	41.05			37.1	38.39	31.95											34.53	29.95	32.98	31.91	37.25		37.31	35.17			34.39	33.89	33.53	37.65			42.59				31.69											35.88		34.15					38.51													36.31	35.39				32.91	36.41				38.15		37.31						38.25			42.69				31.83	37.11	
2199451			37.75										31.39	35.31	34.09	35.69			29.15	27.45	29.19	29.71	32.09			33.97	31.15				28.63		28.27		29.91	31.91		24.15	33.37	33.37	29.01	32.39	28.87	27.49	28.55	31.08	32.87					31.65		30.21	27.31	27.65	29.21			34.07				29.31		28.13	29.79		30.1	28.83	38.77						28.01	30.13		33.11	37.15		35.11					31.05	28.59		29.27				32.67						28.75	32.31		35.09				24.71	28.43666667		30.27			34.82			35.65					29.85		32.91			31.09	32.55					31.29	31.67	30.99			42.65		31.23	30.55	29.43	29.45	34.41	33.83	34.85					29.19	30.05		30.16	32.75		34.8			33.69					29.11	29.84		34.07		36.57		33.19	32.93					32.21	37.85		34.27				29.75		29.77	30.35			33.87	34.13			33.17	32.93	33.55	31.61	31.99	31.57	36.01				27.39	26.25	29.09		32.65							29.97		28.91		32.85	35.57		37.13		37.97											32.89	33.83		31.69				32.99	33.25	35.32							30.33	30.77	30.03	30.9		34.89				27.31	33.17	
2200941		39.55	39.29											41.21	37.39						35.38	37.96	39.59		43.59					34.41		32.89	32.89	38.91	39.63666667	42.79									34.24		43.53						35.65			33.91	38.13	41.56	44.13							34.15			43.57		38.67				33.35			37.48333333	41.63			38.51			37.53				32.57	32.89					38.01				34.77		42.25	40.62				38.51		37.03	34.19	35.55	38.85666667	46.69	46.07	45.74							30.91	35.77			41.41									38.01							35.97		38.47	40.9	41.77				41.63			35.95	33.18	38.44	43.85	47.65	43.05		41.27			35.27			35.73		44.67	42.99	40.62		39.83	40.39				37.21			44.09					33.85		35.41	34.85	43.23	40.61	46.09	38.01				35.79	36.97	32.75		41.85	43.77	43.43			36.41							39.23					38.21			42.55				39.43							37.38			46.59			37.79				32.29	35.59		43.07	40.49			37.73	39.33						35.83						42.49			
2200942		41.69	41.1											41.75	43.17		38.35		31.85		35.19	36.33	39.47		42.93	37.25				37.87		32.75		37.45	39.05666667	42.1					35.33				33.09		42.93	40.57					36.61			32.61	36.92	40.73	41.85				35.61			32			41.43	39.55	36.95				33.31			35.69	40.33		42.13	38.15			41.25					31.93	41.31				43.25				34.72		38.85	38.705				38.75		27.13	34.19	35.51	37.355	45.15		43.55							30.75	36.29			42.73								35.59								33.81			41.72	40.21	41.09			40.83				33.51	34.91	44.01	47.65	39.8		40.57						36.39	40.43			43.39		41.41	39.79				36.07		40.21	43.87				36.53	34.27		33.37		43.58	38.21		40.13				35.43	35.59	37.59		41.17		42.5			34.67				41.63							36.43	29.47	32.77													36.69	39.77	36.85	48.71			41.49					36.06			42.03	41.99		37.07	39.37			36.21		33.71	35.83						48.67			
2200943		36.73	38.79											36.13	37.52	38.71	33.61			33.27	31.91	27.47	37.63			36.21				37.23		32.29	26.43	34	38.11	40.11					33.29		30.73		32.43	36.91	40.75	38.17				33.63	33.61			29.43	33.7	38.81	39.49				31.73			29.33			37.67	32.07	36.25							31.77	40.39						36.45			31.39		30.15	36.35				36.63				32.54		34.07	36.14				35.71		29.65	30.19	33.15	33.83	35.23	36.83	39.85							28.95	34.17			37.37									35.81							33.81			36.83666667	37.45		33.87		40.83			30.89	30.57	33.47	38.39	42.09	38.44333333		37.95						33.76	39.11		35.79	38.56									37	39.81					33.41		30.85		36.09			37.65					33.31	31.45	34.41	35.15	38.05	42.05		33.53	32.85			33.29	38.49								29.47	30.85	32.11	37.41				36.49							35.47			40.63			37.03	33.59		36.19	31.41				37.71				36.57			33.81			32.11	33.41666667								32.67
2200944		33.61	36.19											36.56	37.24		33.09			31.91		28.46	37.65		39.49	36.63				36.77			25.87	33.83	36.01								30.35		31.99	37.28	40.51					33.37	32.99				33.83	38.41	36.37				32.83			29.5			36.83	39	34.37							31.13			41.45	35.13								29.61	34.57								32.33		34.35	35.23						29.65	29.68		33.2	38.14333333	36.45	38.47							27.37				37.4									35.45	36.33								33.05	35.48333333	39.81		33.41		33.69			30.43	29.82	32.65		39.99	38.18333333		36.05			33.29		28.93	34.25	36.36			35.57			37.46						36.31	39.34					33.41				36.68			35.53				32.35	33.79	30.59		34.85	37.99	40.93		34.05				33.39	36.69							33.41	34.35		32.13	37.23											34.55	34.01		40.63			37.57	32.83							37.67				36.59							33.44					42.79			30.87
2200945		33.73	36.19										36.67	34.9	35.63		33.41			32.01		31.79	36.69		40.43	36.63				36.67			25.69	34.45	37.07								30.35	32.95	31.47	36.33	40.51	37.69								29.07	35.15		35.57					27.73		30.55				37.37	34.33							30.57				35.13								29.47	34.53								31.96333333		34.81	35.11						29.37	29.35	31.05	33.605	36.67666667	37.75								31.19				35.57									34.81	35.87						31.91		32.15	34.05	36.29		34.33		33.89			29.81	29.93	32.55	35.73	39.77	37.27							30.23	31.94	35.99			35.57			29.77						35.92	38.38					32.35				34.95	35.97		35.77					31.31		33.17	32.31	37.45	41.33		33.79		32.79		31.67	36.61								33.13	28.19	31.37	36.66											34.55	33.91		40.01			37.57				31.01				36.71	35.73			37.15			33.89			32.11	33.03666667								31.09
2200946		33.11		37.15										35.35					29.48	30.45		22.71	37.75		38.39	36.15				29.87			28.85	33.15	35.76	37.41							30.45	32.95	31.15	34.91	37.45						32.83			28.78	33.37	36.59	35.73					30.07		29.46			32.71	38.54	34.25							30.35				35.13	37.01		35.59					28.91	33.49								31.66		34.91	34.05						29.03	29.17	31.43	32.125	36.87		36.19							30.11	29.03			37.29									34.09							32.07			33.22	31.83				37.73			30.77	30.1	31.93			37.03		34.99					29.3	32.28	34.81			35.57						30.21			35.44						32.17					35.61		31.87				32.17	29.25		29.57	29.79	38.59	39.07		33.21		32.79		32.44		39.89							27.67		31.61	36.53	37.13								32.87		33.79	32.87		35.59			36.65				30.87								37.15			31.95			26.97	31.94								
2200947		33.13		35.63										37.75	36.53						28.49		37.59		38.61	36.75				36.35	30.29		28.07		35.09	38.37	34.95						30.45	32.63	33.14	33.73	35.75			32.31			31.76333333	32.95		28.71	33.41	36.27	36.57							30.02			35.17	37.82	35.67							30.01			35.45	34.49	37.23		35.59		29.53	31.53											29.13	30.85	32.69	33.9						29.45	29.44	31.3	32.29	34.96		37.53							30.11	29.49			36.56									34.09		32.47			31.29		32.45			32.85	31.97		33.07		36.73			30.71	29.84	31.22	34.39									28.63	32.15	34.81		34.27	35.87			35.91		32.09	29.95			34.37	37.03					31.55							33.33				32.09	34.45		29.95			38.47			32.91	32.99		34.07	35.81					35.39			27.55		31.39	35.95	41.05								32.15		32.47	33.3		38.75							30.77	31.41			35.99							32.19			30.97	31.95								
2200948				35.39									39.65	40.85	36.87				34.47			26.44	37.45							39.25	30.21				34.61		40.21				31.79	30.41	30.49		33.9		39.2	37.15		35.69			33.95666667	30.95		29.48	33.27		36.97						29.55	30.64			35.27	43.99	36.95						36.55	31.75	35.71			35.31			36.41		29.33								35.67		42.17		32.89		35.43	34.94						21.93	30.89	32.07	33.58	34.79		38.16								30.45		32.37	36.43							30.59		35.57		36.83			33.01		33.33	31.49	32.75	34.07	39.37		34.05		39.85			30.21	30.33	32.56	35.45	37.43								31.37	33.11	32.63									29.73			36.85	40.55666667					35.71				35.64	35.29		39.77				35.41	31.91			35.65	37.27	40.27			33.67	34.95		35.66	36.19									31.47		36.37	39.57								33.63		32.95666667	34.66		36.23							30.25	32.75			35.73							33.85			31.5	33.41								
2200949				35.39									39.65	40.85	36.87				34.47			26.44	37.45							39.25	30.21				34.61		40.21				31.79	30.41	30.49		33.9		39.2	37.15		35.69			33.95666667	30.95		29.48	33.27		36.97						29.55	30.64			35.27	43.99	36.95						36.55	31.75	35.71			35.31			36.41		29.33								35.67		42.17		32.89		35.43	34.94						21.93	30.89	32.07	33.58	34.79		38.16								30.45		32.37	36.43							30.59		35.57		36.83			33.01		33.33	31.49	32.75	34.07	39.37		34.05		39.85			30.21	30.33	32.56	35.45	37.43								31.37	33.11	32.63									29.73			36.85	40.55666667					35.71				35.64	35.29		39.77				35.41	31.91			35.65	37.27	40.27			33.67	34.95		35.66	36.19									31.47		36.37	39.57								33.63		32.95666667	34.66		36.23							30.25	32.75			35.73							33.85			31.5	33.41								
2200950		42.57											44.53	43.97	42.45				36.77		38.01	37.59	42.27			41.65				42.31	32.31			40.87	42.18		51.59				37.07	32.51		36.01	39.55		42.83			51.73			36.61666667	36.59		34.04	38.85	43.93	42.37	49.95			39.81		32.29	35.51		41.19	44.83	55.11	39.89						37.3	37.31	42.73			42.53			45.03		42.73	37.81	35.55	34.87	41.17						48.63		34.53666667		41.73	40.48						31.01	34.17	36.93666667	39.32	42.91	43.63	36.75								38.79			44.79					38.79				41.55	48.61	39.01			39.63	38.62		36.41		37.21	41.85		41.43		43.55		38.99	39.81	35.99	36.07	46.11	49.29	49.19		38.23			38.08			34.85			43.97				45.07	36.51		35.53			40.93	49.33					35.71				45.1		45.05	40.43				42.57				44.3	43.29	44.99			37.77	37.39									41.05	39.07	35.79		37.82	48.43		53.69									39.91	43.35									36.32											39.37		37.77	33.65									
2200951			45.77	46.09										47.19					43.14		37.76333333	38.19	40.56							42.31	41.87	40.35	36.22	37.77	43.01		52.11				40.01	38.23		41.41	40.27		46.72	49.15								39.1	41.43	46.95	44.15	51.13					37.51	36.97	38.61		48.57	53.44				41.81			36.57	42.44	45.05		45.29	42.53					36.83	91.39	27.43	40.49	43.7						48.63		39.57		42.99	46.1	48.53						39.57666667		41.74	49.33										42.99			51.23	47.87				43.01				46.29	48.75				40.84	43.58		38.44		47.01	49.19	46.51	49.19		48.87		42.09	42.23	38.3			50.83	50.73		46.03			45.57666667			41.41											38.81		44.15	50.14					39.79				49.11		48.11					58.61		41.46		47.39		50.33			43.75	38.37			45.41							44.05	46.33			48.97		53.83	53.15									44.87									39.94				50.85										41.71	142.23							45.69	41.25
2200952			41.63	49.37										47.75							41.68	39.73	45.09									40.79	35.9		47.13	50.75	51.85				41.99	41.37		41.17	42.23	48.09	43.31						40.93	41.01		39.59	41.84	47.89	43.67	52.65		46.61				38.62	40.59			53.39				43.39											47.49		37.33			39.59	45.75								39.58		47.45	46.43	48.45					41.65	40.58	40.13	43.2	46.51		49.93								42.59			51.77									48.69					44.83666667	47.21					49.33	49.03					42.09		39.17		47.15	50.71	50.57					42.89			42.11									41.67		40.67			53.71				44.85	39.79	40.37			45.87		51.51	49.25				59.33	40.75	37.87				51.69			43.97	38.37	36.19									43.17				48.63								44.07									47.69				37.85	45.53													40.75	93.61							45.23	42.67
2200953			50.03	50.81							38.65				48.57		46.11				39.97666667		45.57		48.61					50.77		40.99	38.31		47.74	52.92	52.07				45.43	43.05		42.65	44.14		45.37						42.63			39.55666667	42.78	49.23	44.49	52.56						38.8	41.61			56.11								42.39									38.49		52.35	41.71	50.16								40.26									80.89	40.52		43.23			50.23								42.47	49.19			51.95								48.05					51.72333333	47.2					197.02	49.73	51.23						40.45		202.01	52.15	52.91				47.47	46.24333333			43.67									43.21					56.17						41.29			45.87		55.03	49.25				40.49			44.77			53.11			49.07	41.57										43.59					55.71											42.53										45.59													41.97	133.63								
2200954			50.03	50.81							38.65				48.57		46.11				39.97666667		45.57		48.61					50.77		40.99	38.31		47.74	52.92	52.07				45.43	43.05		42.65	44.14		45.37						42.63			39.55666667	42.78	49.23	44.49	52.56						38.8	41.61			56.11								42.39									38.49		52.35	41.71	50.16								40.26									80.89	40.52		43.23			50.23								42.47	49.19			51.95								48.05					51.72333333	47.2					197.02	49.73	51.23						40.45		202.01	52.15	52.91				47.47	46.24333333			43.67									43.21					56.17						41.29			45.87		55.03	49.25				40.49			44.77			53.11			49.07	41.57										43.59					55.71											42.53										45.59													41.97	133.63								
2200955				44.49		45.73							47.35	46.83	45.27		41.85				41.11666667		45.73							46.87	37.95	41.43			49.77		53.01				42.77	35.73		41.73			45.84						40.35			39.64	42.08	47.77	42.59	51.44						36.64	40.71		48.41									41.43	44.33						48.99						46.83								40.5			96.47						38.41	41.98		42.19	50.11		97.14								42.17	48.59		69.55	46.83				77.01				47.47					43.59666667					47	340.99		47.97		49.21				38.45		212.21	51.91	51.98				44.89	44.07			42.99		50.99												55.51				45.27			40.17		50.63		53.19	47.85	51.51			43.61	41.91					53.65			48.85	41.59														45.23	50.68	53.23		50.23										51.57																					40.55									41.33
2200956			45.43	43.57		45.73							46.31	45.65	43.25		41.81				39.38333333	39.55	44.63								36.71	38.33			43.01	44.89	54.49				40.19	32.33	37.47	40.29	42.37	43.11	41.81						39.11			39.18	43.05		43.23	49.22		42.13				34.97	37.91		44.84								39.46	40.47							46.81			40.89	35.05		45.37								38.6		44.51	45.46						38.96	35.69		41.08			49.21									44.28		48.31	43.91				41.35			41.55	43.48					40.17		40.97			50.53	49.99		42.93		44.55	42.73		40.83	37.67	42.61		51.31	50.99				42.33	41.19666667			40.43											39.97			54.01				43.75					48.17		53.01	47.57										49.53			39.91	39.51											39.85			47.09	52.24	43.53		48.91										49.73								41.25		49.31										38.71	40.55	44.61								40.35
2200957			47.33	43.89		45.63							45.61	44.05	44.77		40.43	39.23			40.39	39.13	44.45							48.29		37.33		38.73	45.33	47.21	51.72				43.41	34.11	36.27	39.57	42.75	42.79	41.93									36.64	43.37			49.19		42.21				36.89	37.55		44.12								39.27	40.19							45.35			38.89	36.89	36.41					42.33				39			45.99						38.15	38.68	38.01	42.005	48.37		81.64333333								40.07	43.45		47.97	43.91							40.62							39.71	41.95		39.99	46.38	49.8	51.57	41.09		47.47	42.73		35.25	37.63	41.07	47.41	51.17	51.24		41.97		42.33	40.91666667			40.59	47.29		48.19								38.65		43.21	52.9				42.11				36.87	44.6		56.45	50.39								45.73		49.77		44.89	41.1	39.63											37.51			47.69	50.41	48.67		47.03										50.59						48.47		39.48		46.57								41.61		35.87	40.49	91.75							39.89	39.93
2200958			47.33	43.89		45.63							45.61	44.05	44.77		40.43	39.23			40.39	39.13	44.45							48.29		37.33		38.73	45.33	47.21	51.72				43.41	34.11	36.27	39.57	42.75	42.79	41.93									36.64	43.37			49.19		42.21				36.89	37.55		44.12								39.27	40.19							45.35			38.89	36.89	36.41					42.33				39			45.99						38.15	38.68	38.01	42.005	48.37		81.64333333								40.07	43.45		47.97	43.91							40.62							39.71	41.95		39.99	46.38	49.8	51.57	41.09		47.47	42.73		35.25	37.63	41.07	47.41	51.17	51.24		41.97		42.33	40.91666667			40.59	47.29		48.19								38.65		43.21	52.9				42.11				36.87	44.6		56.45	50.39								45.73		49.77		44.89	41.1	39.63											37.51			47.69	50.41	48.67		47.03										50.59						48.47		39.48		46.57								41.61		35.87	40.49	91.75							39.89	39.93
2200959		41.75	44.85	48.87									47.35	48.05			46.69	39.99			37.47	36.22	44.45		47.37							38.17		41.62	43.85	45.65	50.78				45.99	35.09		40.81		42.97	40.79						41.25	38.83		36.71	41.80333333			51.4						37.98			49.13								38.33	41.53	44.49									41.77	36.11	39.09	44.31			42.41	44.15				40.32			86.87						38.39	39.93	37.27	41.2	47.45		49.20333333								41.45	43.73		51.59								40.95						40.79	40.27	40.73	36.07	40.95	44.88	53.59	51.03			45.57			36.05	38.82	41.61	47.41	48.99	55.13				39.05	44.03			42.36	48.07		46.85	51.69				39.93	41.81		39.54	39.07	44.65	51.84				43.17				43.47	45.61		54.73									46.65					41.89	39.19											37.51	36.75			51.79			52.71					44.63					47.91						45.77		37.51		47.41								47.05	43.73	37.95	41.39	95.11						43.73	42.11	38.57
2200960		51.09	46.93	48.87									49.17				48.31	45.11	38.27		41.65		40.98		51.07							41.93		42.56333333	44.45		51.95				44.59	37.41	39.67	41.58	46.31		48.63							38.83	38.41	38.35666667	41.59			48.46						36.69												44.21	44.87										39.17	42.83					46.77				39.59		46.59	84.47						40.39	41.37	38.21	41.86333333	48.71		50.54								43.83	47.09		52.69								43.21						45.53	44.91	45.59			48.34		50.29						41.95	40.18	43.13	46.87	52.13	51.53		47.99		47.89	46.03666667			41.77	48.07		47.93	52.37				45.77	45.25				46.55									40.41	45.41		58.67														49.37666667	39.77												39.89		50.69	51.79								47.59													45.07		49.51									44.63		41.39	71.23								36.93
2200961		48.67	44.25	52.37							38.23		44.79	48.07			47.71	43.73	43.61		40.45		45.57		49.95							40.07	39.37		44.59						45.17		43.33	40.87	42.64										36.25	36.30333333	42.6			48.39						38.44			49.93						39.23				44.15		47.15							41.13		42.49	44.91				45.83				38.73		49.15	47.29				45.29		36.75	39.91		40.93		48.03												50.39								42.99	48.97					41.49		45.37		39.35	47.42	51.39	50.45			48.57			42.01	39.69	40.31	46.55	50.35	50.49				46.25				43.09	50.53		50.13	48.59				43.91	44.09	42.13	38.31			52.49			51.45	46.09				34.13	45.01			49.79													127.66	38.95					47.97			46.45						51.63	50.55								44.19											47.69		44.21										46.41			42.69	47.57								39.51
2200962		48.67	48.55								38.21		47.63	48.27			47.01		46.45		40.51		45.86		48.27							41.11	39.11		45.09666667		51.11				45.27			44.07	43.19	43.85										35.38	41.81666667			49.81						36.29			49.57								39.49	40.83	44.31		47.39						38.95	42.41	38.19						45.85				39.65		48.31	47.69				44.91		38.97	41.06333333		42.01		48.55												49.69								44.7	45.99					42.03		45.25			47.33	51.39	52.77			48.57				39.52	40.59	70.69	51.37	50.14				46.61				42.85	51.3			51.91	46.05			44.73			40.83		47.01	48.99			53.05	46.09				34.13					55.35							46.35					43.67	39.51				49.83				48.15															43.35													43.21					48.85					46.51				46.09						45.55	43.33	
2200963		48.67	48.55								38.21		47.63	48.27			47.01		46.45		40.51		45.86		48.27							41.11	39.11		45.09666667		51.11				45.27			44.07	43.19	43.85										35.38	41.81666667			49.81						36.29			49.57								39.49	40.83	44.31		47.39						38.95	42.41	38.19						45.85				39.65		48.31	47.69				44.91		38.97	41.06333333		42.01		48.55												49.69								44.7	45.99					42.03		45.25			47.33	51.39	52.77			48.57				39.52	40.59	70.69	51.37	50.14				46.61				42.85	51.3			51.91	46.05			44.73			40.83		47.01	48.99			53.05	46.09				34.13					55.35							46.35					43.67	39.51				49.83				48.15															43.35													43.21					48.85					46.51				46.09						45.55	43.33	
2200964		47.71	47.23								38.39		48.07				47.81		43.67	35.19	42.71	43.07	46.43		50.85							41.93			45.89666667	49.74					45.17		40.75	44.07	41.06		50.37	46.63						44.53		39.19			46.39	98.73						36.59			52.41								40.67	41.41			46.87						39.43		40.87	41.07				51.39							67.03	47.83				44.91		38.43	41.69			51.03													51.97								47.13	51.45					41.81		44.85			46.57		55.77							40.92		70.66	53.09	52.97		46.89						41.97	51.39			52.71	49.39			44.37			39.13			53.11			55.19					34.97												47.17	85.37				44.45	39.63						48.65																	47.49											44.45		44.17					48.39					46.43				67.33								
2200965		48.07	49.69	52.13							42.18		50.05	48.77			47.05		41.85		43.41	43.01	44.45		47.21							41.71			46.53666667	49.44	50.15				60.57		40.29	43.47	39.71		50.87	45.83						42.95		39.03	41.63	48.23		50.13									47.39								40.85		45.03										37.45						47.99						49.35	101.33				44.55		40.31	41.69		42.73			70.59											50.63								46.19	54.01					45.25		44.61			48.21	51.17	55.77			49.13				40.1		93.67		53.66																46.23			42.43			50.73			54.75					31.17																	45.27		50.93																						47.47													65.49										45.51			44.29									
2200966		49.01	49.98	51.99							42.29		49.31	48.49	49.51		47.65				40.71	43.51	42.29									41.71			45.47	51.39	52.57				43.97			42.09	39.97	65.59		50.49						41.83		38.15	42.69	47.13		49.27									45.43																				38.11			50.51							38.89		44.91	43.67						39.61	41.41		42.49	49.55		62.17									41.21		49.67			47.19						47.93						44.37	44.67	34.01		46.8	52.25	53.77			47.25				41.05	42.81	94.65	50.6	50.27									46.45							44.93					47.67	51.35			45.67						49.55		55.89	49.09	43.71							47.55		53.13			45.69						55.81	51.21																																								44.41		41.87										
2200967		47.95	46.81										50.95	47.29	49.73		46.21					40.79	44.63									41.41	38.21		44.80333333	44.85	51.65			43.79	43.91							51.17						41.81		39.34	44.8	46.45		48.09									48.27						42.03			42.47			45.85				51.57				39.39		44.07	56.85							38.89		44.91								40.91	40.49	42.52		49.69	62.18							40.33	44.99	40.93		50.21			46.51					45.73								43.55	34.01		46	51.29	56.21			47.25				40.45		70.13	50.57	52.05						42.55		42.49				50.47	50.35			44.35					47.31	50.79			67.21						46.61							44.75				47.51					44.29		38.97																																													46.59			42.71									
2200968		47.95	46.81										50.95	47.29	49.73		46.21					40.79	44.63									41.41	38.21		44.80333333	44.85	51.65			43.79	43.91							51.17						41.81		39.34	44.8	46.45		48.09									48.27						42.03			42.47			45.85				51.57				39.39		44.07	56.85							38.89		44.91								40.91	40.49	42.52		49.69	62.18							40.33	44.99	40.93		50.21			46.51					45.73								43.55	34.01		46	51.29	56.21			47.25				40.45		70.13	50.57	52.05						42.55		42.49				50.47	50.35			44.35					47.31	50.79			67.21						46.61							44.75				47.51					44.29		38.97																																													46.59			42.71									
2200969		48.91	50.33	49.59									48.89	46.9	53.91		44.17						42.93	47.51								42.15		42.25	44.72333333		52.69			42.57	56.89				46.61	46.39		53.35					43.43		38.69	42.81666667	43.45			47.45									47.96									43.01	45.55										40.21	42.17	49.2								39.31		46.77								38.23		42.2		49.32	50.57							37.97		49.95		49.39			46.51					43.49	54.21								37.75		45.14	150.63				48.49				40.21	44.57	47.87	51.41	55.71								44.77								47.13			42.43			51.01								41.27	46.99666667											46.23						42.35												38.56		49.59																					42.33	44.21												42.79	42.71			54.21					45.71	
2200970		45.13	48.71	44.97									46.65	46.27	48.71		41.93		40.79			38.47	41.11									39.45		36.27	43.13	47.12	52.49			41.49	42.71				45.63	41.45		47.91		46.25						39.23666667	42.31			43.93						36.39	42.67	48.23	46.86						38.59			42.63	40.71	47.9								36.07	40.37	40.51	46.38333333				43.53						44.21							39.11	37.37		44.01		49.43	48.15	45.61						38.13	44.43	46.73	47.27	49.39			44.81					43.07	49.65							39.93			46.31									40.51		47.41	51.07	49.76								42.97				48.09							42.59												46.41		53.45	47.45										50.49			55.07													37.91																										48.26											43.19			54.21					45.71	
2200971		43.13	45.87	39.67										45.86	46.29		41.33		40.91			38.37	39.89									37.53		40.4	43.48333333		49.91			41.03	42.71				43.55	42.73		47.47		44.57					35.15	37.38	40.29									36.39	43.21		47.99						38.59			39.43	40.71	51.15	48.09								39.93	38.35	43.02				41.53				35.59		42.31							41.75	40.13		40.90333333		45.75	47.55	47.59						35.53	43.03	46.61		48.13			44.05					42.31	46.61					40.63		39.93			41.91								37.95	38.05	42.2	47.41	48	51.37		45.01						41.18				48.97			44.55	46.27			39.11											38.73	43.21	45.77	48.97											49.45			43.17	34.35												39.17														47.35									40.75	39.57		47.29			49.21								42.81			52.37				46.73		
2200972		43.13	45.87	39.67										45.86	46.29		41.33		40.91			38.37	39.89									37.53		40.4	43.48333333		49.91			41.03	42.71				43.55	42.73		47.47		44.57					35.15	37.38	40.29									36.39	43.21		47.99						38.59			39.43	40.71	51.15	48.09								39.93	38.35	43.02				41.53				35.59		42.31							41.75	40.13		40.90333333		45.75	47.55	47.59						35.53	43.03	46.61		48.13			44.05					42.31	46.61					40.63		39.93			41.91								37.95	38.05	42.2	47.41	48	51.37		45.01						41.18				48.97			44.55	46.27			39.11											38.73	43.21	45.77	48.97											49.45			43.17	34.35												39.17														47.35									40.75	39.57		47.29			49.21								42.81			52.37				46.73		
2200973		46.31	48.2	42.69										47.98	47.31		44.91		40.78	37.51		38.37	40.91		44.19							40.65	36.25	39.65	41.54		51.33			43.85	41.69				45.11	43.67		48.37		44.89					36.15	38.45	39.37		45.09							36.61	42.21		47.93		47.49	47.77			41.49			40.83	41.61	46.81	48.91								39.23	40.75	45.2			46.17	43.61						42.81							37.21	45.39		40.29			47.79	49.25						37.93		48.09		49.01			44.33											43.41		40.45	40.83			52.89	52.59		45.83					39.73	42.71		52.13	51.43		47.91						43.39						50.27	47.53	47.99			40.43		45.21									38.37			52.81											50.85			43.23													36.11																51.93							41.61						49.49								41.93	47.71								
2200974		44.07	45.39666667	39.43										45.53	44.79	41.69	41.89		40.42			39.03	41.42			43.01							36.25	40.67	39.79		51.57			42.41	42.65	41.71			43.37	42.08		47.77		46.05					35.89	36.35666667	39.22	43.18								35.43	40.49				44.57	44.05			40.71			39.69666667	41.97	46.17	48.53		44.51						39.31	39.21	43.07			46.55	42.97				34.45		43.75					41.77		38.27	49.83		41.34	44.2	44.97		48.47							45.25	44.59	46.59	47.73			42.15							47.09						39.59	40.83				51.45							39.77	43.39	49.13	50.97	50.29								42.71				51.31				46.79			40.07											39.99		49.71	54.11					42.03						49.31			42.57													36.43				52.93												48.45				45.57									66.35								41.93	46.95								
2200975			46.92333333	39.83										43.73	43.36	41.31			40.06	33.89		37.89	41.91			45.27					38.33			39.1	41.72				41.85	41.37	39.63	41.71			43.15	42.81		45.87		44.53		42.97			34.87	35.73666667	40.04	44.47		45.33						35.87	40.95		44.63		45.07	44.57			37.49			39.73666667	41.65	45.33	47.15		43.21						38.77	37.49	44.67			46.05	40.31				35.15		42.21					40.75		35.99	44.52	38.25	40.24333333	42.27	44.06	48.93	50.37								42.13		45.39			42.87							46.01					40.15	39.59				48.57	51.79		43.15					39.25	42.96	46.79	49.08	50.3								40.53				49.91			43.97	44.15	40.53		38.75		44.27									39.10333333		45.15	50.01					42.03						48.35			43.67													35.28								55.53																					65.39					43.19			41.47			50.89						
2200976			42.43	40.25										37.95	40.59	39.47			33.55	33.01		33.73	39.31			42.95					34.55	34.15		35.71	37.82333333				39.15	41.05	38.01	38.21		40.43	41.09	41.49						37.79			34.01	33.01666667	37.66			43.49	39.13			37.03		33.67	34.91		41.15						36.67			38.52	39.29				39.07						37.54			43.93			41.79						34.77	37.61				35.31		34.79	34.45	36.76	33.94		43.07	47.89	50.25								38.33	43.37	44.51			37.33							43.63				39.51	38.19								35.09					36.51	38.72333333	43.09	44.83	43.05			40.17					36.63		44.01		49.17			40.74	45.17									43.37	36.97			31.09	38.54333333	40.53	41.73	51.41	38.49										48.01			41.21												37.95	36.19								48.91												42.27							47.27		44.49					39.77			35.47			49.73				40.01		
2200977			42.43	40.25										37.95	40.59	39.47			33.55	33.01		33.73	39.31			42.95					34.55	34.15		35.71	37.82333333				39.15	41.05	38.01	38.21		40.43	41.09	41.49						37.79			34.01	33.01666667	37.66			43.49	39.13			37.03		33.67	34.91		41.15						36.67			38.52	39.29				39.07						37.54			43.93			41.79						34.77	37.61				35.31		34.79	34.45	36.76	33.94		43.07	47.89	50.25								38.33	43.37	44.51			37.33							43.63				39.51	38.19								35.09					36.51	38.72333333	43.09	44.83	43.05			40.17					36.63		44.01		49.17			40.74	45.17									43.37	36.97			31.09	38.54333333	40.53	41.73	51.41	38.49										48.01			41.21												37.95	36.19								48.91												42.27							47.27		44.49					39.77			35.47			49.73				40.01		
2200978			40.91	35.13										37.95	38.14	36.69			34.51	29.35		31.07	38.23			39.77					31.33			33.34	34.69					35.89			32.29	34.07	36.43							36.34	33.83			32.1	35.02			42.8				33.15		29.93	32.19										31.21	32.51	37.72				36.91					31.49	30.75		31.99	37.27			33.21						35.05					33.69		30.99	32.87	32.33	34.07666667		40.39		39.19		39.13					34.31						35.51							37.71				33.79	33.79	35.13					42.97						34.25	35.25	38.33	40.25	43.6				35.03		37.83			36.63		40.59		49.31				35.33					39.07				39.33	35.09			31.31	34.67	36.83									38.45		39.77		45.71	36.45			32.79											37.34	37.27								43.89												36.77								35.99	41.77		38.89			36.47			39.95			44.39				40.01	38.09	
2200979			36.24											34.77	35.19	35.77				27.37	30.03	28.67	33.18		35.49	38.43					29.51			30.39	32.05666667			31.49		33.96	29.65		31.25	29.39	34.69		34.03					34.83	30.01			27.81666667	31.76333333		33.87	36.23				31.43	26.19	28.65	31.79		31.61	33.99	35.67			31.53			29.07	30.63	30.99		36.13		34.37					29.71	28.21		31.57			34.37	32.33				26.45		31.19			36.01		31.41		29.43	29.59	26.41	31.07			34.86	36.11		36.45					32.01		32.53			33.37	32.85							33.80333333				30.79		28.37	30.11	30.17		35.97						32.45	29.75	31.65	30.88333333	35.47	36.01	36.51666667								33.87	30.87	36.58	39.37	42.57	35.37			35.87	31.49				36.61							31.83	31.01	30.75	30.49	35.71	34.39							30.19		34.51		45.31				29.87			35.21								34.17		30.49		34.27																	34.87		36.29							35.57		35.27			33.47			35.39			38.09				32.05	35.21	
2202471		36.55	38.32											37.97	36.81						31.87	36.8			41.93					33.39		32.29	32.55	36.45	39.83							32.91	31.51		33.72	38.51666667	43.15						35.65			32.71	38.38	37.6	42.15							32.09			39.43						33.35			36.11				35.67			37.53			31.23	31.17	31.03									33.13666667		38.73	33.77						31.81	32.41	36.53	37.375	44.53	46.11	44.46							30.91	32.93			40.75									36.99					33.17	33.45	32.63		35.67	36.35	38.23				38.71			32.55	32.13	38.11	40.91	48.13	41.73					35.27			34.51		40.43	39.79	39.2					34.03		33.57								31.61		27.39		41.23	39.37	41.03	35.99				34.45	35.19		38.91	39.49	41.25	37.89			34.54			34.17				35.37					34.18		36.49												35.37		41.17	46.57			37.15				32.75				38.75			36.69	37.07			36.17		30.33	33.47	35.65					42.47			
2202472		36.93	39.35											40.59	39.12		33.35				32.83	34.51	38.55		42.81	37.25				33.61		32.27	26.61	34.73	37.77								30.73		32.98	39.67	39.22	40.57					33.51			29.37	36.4	40.13	39.65							30.84			39.23	37.31					33.31			35.58	38.35			32.99			37.09					30.09	33.69				43.25				33.79		36.63	38.91666667				35.87		26.57	33.11	33.78	35.435		44.67	41.17							30.75		32.27		40.75									36.71										37.85	37.63				40.83				31.15	34.8	40.15	43.31	40.43								34.93	35.47		38.29	39.12									37.55	41.88					31.39		30.53		37		36.69	37.65				33.53	34.45	32.13	36.55		42.07	44.81			33.37				38.52			35.91					28.47		33.36	37.87											36.47		36.39	42.61			39.27				32.85	30.57			40.13	36.89		36.53	37.05			33.81			32.86	36.52					44.09			
2202473		35.81	38.29											37.97	37.52	39.77	34.57			33.63	31.79	27.47	37.67		41.23	36.31				36.71		32.23	26.15	35.02	38.94								30.73		32.89	38.69	40.51	38.35					32.75				34.18333333	37.57	38.09							30.78			37.67	36.27	36.13							32.21	35.79				36.67		36.45			29.91		29.73									32.25666667		31.09	35.83						29.41	30.15	31.69	33.78	34.91	38.03	38.63							30.99	32.33			35.21									33.39					32.31		31.93			35.54	36.31		34.19		38.93				30.23	33.17	37.87	41.15	37.67666667							30.41	32.5	33.85		35.06	37.28									36.56	39.81					31.39		30.15		33.17	36.25		36.03				32.81	33.31		33.77	34.17	38.13	41.27		34.23	33.69	32.55		32.27	36.63			35.57					27.91		30.57	36.99											32.05		36.39	40.63			37.27			35.21	31				37.59	34.29			37.21			33.79			32.45	32.32	35.89							
2202474		33.73	36.19										36.67	34.9	35.63		33.41			32.01		31.79	36.69		40.43	36.63				36.67			25.69	34.45	37.07								30.35	32.95	31.47	36.33	40.51	37.69								29.07	35.15		35.57					27.73		30.55				37.37	34.33							30.57				35.13								29.47	34.53								31.96333333		34.81	35.11						29.37	29.35	31.05	33.605	36.67666667	37.75								31.19				35.57									34.81	35.87						31.91		32.15	34.05	36.29		34.33		33.89			29.81	29.93	32.55	35.73	39.77	37.27							30.23	31.94	35.99			35.57			29.77						35.92	38.38					32.35				34.95	35.97		35.77					31.31		33.17	32.31	37.45	41.33		33.79		32.79		31.67	36.61								33.13	28.19	31.37	36.66											34.55	33.91		40.01			37.57				31.01				36.71	35.73			37.15			33.89			32.11	33.03666667								31.09
2202475		33.73	36.19										36.67	34.9	35.63		33.41			32.01		31.79	36.69		40.43	36.63				36.67			25.69	34.45	37.07								30.35	32.95	31.47	36.33	40.51	37.69								29.07	35.15		35.57					27.73		30.55				37.37	34.33							30.57				35.13								29.47	34.53								31.96333333		34.81	35.11						29.37	29.35	31.05	33.605	36.67666667	37.75								31.19				35.57									34.81	35.87						31.91		32.15	34.05	36.29		34.33		33.89			29.81	29.93	32.55	35.73	39.77	37.27							30.23	31.94	35.99			35.57			29.77						35.92	38.38					32.35				34.95	35.97		35.77					31.31		33.17	32.31	37.45	41.33		33.79		32.79		31.67	36.61								33.13	28.19	31.37	36.66											34.55	33.91		40.01			37.57				31.01				36.71	35.73			37.15			33.89			32.11	33.03666667								31.09
2202476		33.85											33.49	35.11					30.14	30.65			37.77	40.23		35.91				30.07	30.55		29.71	35.37	36.99	41.83							31.01	32.95	33.83	39.61	40.06						32.81			28.83	33.8		36.43					30.13		29.46			34.31	38.24	34.37							30.57	35.75			34.91						32.27		29.11									32.21666667		35.33	34.43						28.45		31.76	33.46333333	38.09	35.01	38.21							30.55	29.15			34.87									34.27							32.63			33.51	36.03				38.35			31.07	29.82	33.07			36.79					32.55		30.01	31.87	34.83			35.77						30.23	31.51		35.77	37.23					32.17				31.47	35.51		31.87				32.53				32.02	37.27	40.09		33.29		32.71		32.5	36.69	39.59				35.39			27.67		31.03	36.87									33.89		32.93	34.13	36.37	35.99						32.17	30.96				36.21				37.15			32.11		29.11	27.45	31.98								
2202477		33.83		36.85									32.61	37.23	36.47							22.29	38.57			34.13				36.77	30.73				36.26		37.11						30.67	32.33	34.6	43.21	39.07			32.83			31.87	33.47		28.84	34.16		35.73							30.19				43.99	35.57							30.61	35.09			35.51	38.61		35.59		33.61	32.2											29.87	30.75	35.51	34.77						25.81	30.09	31.44333333	32.675	35.98333333		37.07							30.55	29.77			35.63									34.57		34.73			31.97		32.51	28.17		34.02	31.99				39.85			31.03	29.82	32.47	37.29									29.97	32.08	34.45		36.49	35.89						30.13			35.01	36.63					32.55				32.39			37.05				34.05	31.03		30.41	29.75		38.43			31.69	33.19		34.71						35.39			27.65	28.83	31.62	36.29	39.94								31.65		31.53	33.98		35.59							31.41	32.12										33.25			30.97	32.41								
2202478		35.55											43.79	39.85	38.31							25.55	40.85			34.13				39.25	32.01			34.11	41.06		41.85					32.17		36.21	37.29	41.43	43.15	42.71		38.11			35.55	26.56	29.83	32	33.95		39.13	44.29			36.85		29.55	32.95				43.99							36.55	37.15	40.27			41.43			41.05		42.73										42.17		35.81		41.71	39.68							33.85	33.545	36.295			43.05								32.65			43.31									39.15		35.75					38.57	30.63		33.49	40.47		38.99		39.85			34.61	32.81	36.29	45.63	44.65						35.15		32.76	35.14	34.31									34.23			37.91	45.33					35.71			33.77	35.03	39.27		37.43				35.41		33.59		39.25	41.43	41.81		35.35	40.65	33.71		34.95										31.43	33.17	40.59									35.33		36.61	36.26		39.45							32.54	35.13		38.93			37.11					36.37		34.73	35.29	35.53								
2202479		35.55											43.79	39.85	38.31							25.55	40.85			34.13				39.25	32.01			34.11	41.06		41.85					32.17		36.21	37.29	41.43	43.15	42.71		38.11			35.55	26.56	29.83	32	33.95		39.13	44.29			36.85		29.55	32.95				43.99							36.55	37.15	40.27			41.43			41.05		42.73										42.17		35.81		41.71	39.68							33.85	33.545	36.295			43.05								32.65			43.31									39.15		35.75					38.57	30.63		33.49	40.47		38.99		39.85			34.61	32.81	36.29	45.63	44.65						35.15		32.76	35.14	34.31									34.23			37.91	45.33					35.71			33.77	35.03	39.27		37.43				35.41		33.59		39.25	41.43	41.81		35.35	40.65	33.71		34.95										31.43	33.17	40.59									35.33		36.61	36.26		39.45							32.54	35.13		38.93			37.11					36.37		34.73	35.29	35.53								
2202480		42.57											44.53	43.97	42.45				36.77		38.01	37.59	42.27			41.65				42.31	32.31			40.87	42.18		51.59				37.07	32.51		36.01	39.55		42.83			51.73			36.61666667	36.59		34.04	38.85	43.93	42.37	49.95			39.81		32.29	35.51		41.19	44.83	55.11	39.89						37.3	37.31	42.73			42.53			45.03		42.73	37.81	35.55	34.87	41.17						48.63		34.53666667		41.73	40.48						31.01	34.17	36.93666667	39.32	42.91	43.63	36.75								38.79			44.79					38.79				41.55	48.61	39.01			39.63	38.62		36.41		37.21	41.85		41.43		43.55		38.99	39.81	35.99	36.07	46.11	49.29	49.19		38.23			38.08			34.85			43.97				45.07	36.51		35.53			40.93	49.33					35.71				45.1		45.05	40.43				42.57				44.3	43.29	44.99			37.77	37.39									41.05	39.07	35.79		37.82	48.43		53.69									39.91	43.35									36.32											39.37		37.77	33.65									
2202481		40.45	40.87										45.81	45.81					41.24		36.62333333	38.53	43.59							42.31	39.11	36.97	35.13		42.77		53.13				40.01	35.79		38.42	39.24	41.41	48.37	47.59					40.06	37.13		38.52	40.76	46.79	42.01	51.43		37.75				36.97	38.11			51.28				41.49			37.98	40.53			49.45	42.53			47.49		35.33	40.45	37.43	38.57	45.13						48.63		36.27		43.63	46.77	48.53					39.21	38.71		41.6			47.47			41.89								46.11					43.01				47.47	48.79				40.30333333	42.17		37.11		47.69	48.51		48.53		48.87		42.09	40.49	37.19		45.95	49.41	48.25		44.09			42.44333333			41.59											38.90333333		45.77	48.95					39.79			40.67			48.11	46.65				42.57	41.47	36.61		45.41		50.21			39.68	34.91										42.77				47.59	52.49								44.49		43.83	43.03									39.77														38.81								45.39	42.35
2202482			41.63	49.37										47.75							41.68	39.73	45.09									40.79	35.9		47.13	50.75	51.85				41.99	41.37		41.17	42.23	48.09	43.31						40.93	41.01		39.59	41.84	47.89	43.67	52.65		46.61				38.62	40.59			53.39				43.39											47.49		37.33			39.59	45.75								39.58		47.45	46.43	48.45					41.65	40.58	40.13	43.2	46.51		49.93								42.59			51.77									48.69					44.83666667	47.21					49.33	49.03					42.09		39.17		47.15	50.71	50.57					42.89			42.11									41.67		40.67			53.71				44.85	39.79	40.37			45.87		51.51	49.25				59.33	40.75	37.87				51.69			43.97	38.37	36.19									43.17				48.63								44.07									47.69				37.85	45.53													40.75	93.61							45.23	42.67
2202483				46.71									47.45	47.91	44.69		41.91				38.49		45.59							47.71	43.03	38.73	40.47		44.91	51.23					42.19	37.03		41.42333333	42.49		44.35						42.63		37.19	40.34	40.21	48.67	44.03	50.98		44.73				35.73	39.99			52.97															48.55		37.33	50.69		37.67	47.27								40.09		46.09	94.77						41.83	40.52		42.9	49.09		49.44								42.01	47.23		51.19	50.83								47.35	68.37				51.45					45.39	342.15	49.77							40.11		47.43	51.91	52.15666667				47.47	45.19			43.33			49.09										50.73	54.83				44.53		41.29			44.29		53.73	46.75				43.73	41.75					52.17			44.6	41.69	35.39									41.89					51.95			48.13																		45.45													41.97								45.77	
2202484				46.71									47.45	47.91	44.69		41.91				38.49		45.59							47.71	43.03	38.73	40.47		44.91	51.23					42.19	37.03		41.42333333	42.49		44.35						42.63		37.19	40.34	40.21	48.67	44.03	50.98		44.73				35.73	39.99			52.97															48.55		37.33	50.69		37.67	47.27								40.09		46.09	94.77						41.83	40.52		42.9	49.09		49.44								42.01	47.23		51.19	50.83								47.35	68.37				51.45					45.39	342.15	49.77							40.11		47.43	51.91	52.15666667				47.47	45.19			43.33			49.09										50.73	54.83				44.53		41.29			44.29		53.73	46.75				43.73	41.75					52.17			44.6	41.69	35.39									41.89					51.95			48.13																		45.45													41.97								45.77	
2202485			43.71	46.03									47.83	46.61	45.73		41.91	40.91			40.89		44.35							46.87	39.31	38.47		40.09	47.44	53.05	52.57				42.09	35.39		40.25666667	41.28		44.15						40.05			39.2	41.31	45.91	44.41	49.32		45.15				35.55	41.63		48.08					41.25				41.11	44.17						48.81			41.99	40.09	36.81	42.43				190.59				39.46		44.47	47.21						41.45	40.22		42.19666667	48.99		48.56							33.75	41.81			49.63	46.67				77.01			40.93	47.47					42.54					45.27	340.55	45.05		48.31	49.21			39.77	38.97		47.55	50.37	50.32		42.63			44.24			42.41		54.99								37.41				52.45				45.27		40.39			47.49		54.85	47.85	49.49			43.23	41.91					51.71			48.09	41.59										40.59				47.59	51.31	47.67		47.77																				50.63								43.87			47.69								44.13	
2202486			45.05	43.63		47.11							47.93	45.49	42.61		40.39	39.35			39.72333333	39.88	45.09							46.87		38.93	36.57	39.99	45.67		52.85				42.67	33.25	38.75	40.43			41.15						40.37666667			38.88	43.97	40.29	42.83	49		41.27				35.15	42.11		45.84					41.79			39.97	40.59	44.71						49.75			42.09	41.41	37.75	43.67								38.6		41.65	46.69						42.54	39.57		42.37	48.43	43.99	81.66333333								40.55	43.45		49.91	43.91				42.13			40.92	46.69					43.21		41.95	37.83	43.11	48.13	51.16	49.49	42.81		47.47			40.83	39.77	40.51	46.95	51.31	52.55		42.63		42.33	40.12			40.83		53.45	46.33								39.97			53.05				43.39		36.19	40.89	39.45	46.49		51.65	50.39	48.31									50.07			42.01	39.75										40.59	40.39			47.37	53.51			50.15										50.59								42.14		44.83								41.33		39.55	40.55	44.89							41.93	41.29
2202487			47.33	43.89		45.63							45.61	44.05	44.77		40.43	39.23			40.39	39.13	44.45							48.29		37.33		38.73	45.33	47.21	51.72				43.41	34.11	36.27	39.57	42.75	42.79	41.93									36.64	43.37			49.19		42.21				36.89	37.55		44.12								39.27	40.19							45.35			38.89	36.89	36.41					42.33				39			45.99						38.15	38.68	38.01	42.005	48.37		81.64333333								40.07	43.45		47.97	43.91							40.62							39.71	41.95		39.99	46.38	49.8	51.57	41.09		47.47	42.73		35.25	37.63	41.07	47.41	51.17	51.24		41.97		42.33	40.91666667			40.59	47.29		48.19								38.65		43.21	52.9				42.11				36.87	44.6		56.45	50.39								45.73		49.77		44.89	41.1	39.63											37.51			47.69	50.41	48.67		47.03										50.59						48.47		39.48		46.57								41.61		35.87	40.49	91.75							39.89	39.93
2202488			45.21	47.07							38.75		48.93	48.09	45.01		46.31	42.63			40.87	39.45	45.17	45.67						48.29		40.21		39.57	46.7		54.15				43.41	37.33	38.61	41.83	41.55	43.75	42.73						40.65			37.8	43.51	42.19	44.23	47.89		44.29				35.61			50.63					42.37			40.29	41.95	44.53									42.45	39.81	34.47					61.35				40.74		43.49	66.71						82.52	40.21	39.13	42.78333333	49.31		82.37								42.59	44.19		51.43	48.37							44.93							43.37	44.15	37.83	43.39	45.83	120.68	50.51	46.17		47.47				40.27	44.6	46.34	54.81	51.42		44.43		47.89	44.73			43.35			52.35						47.65		42.48	41.75									41.25	44.07			52.09	47.75										52.53		44.89	44.51	44.03											41.43			90.89	50.41								47.59					51.01						48.15				82.94333333											40.49									44.33
2202489		50.83	46.93	50.05									44.69	48.01			48.09	39.99			42.66	37.45	45.55		47.65					47.77		41.75		43.21	45.59		51.32				45.99	34.81	43.55	43.11	43.01	43.35										38.38333333	43.99			52.39						36.27			49.93									42.19	46.43									107.23	39.99	35.97				45.27	62.27				40.33			87.91						39.09	40.11	38.85	42.045	49.99		50.86333333								48.41	45.41										44.73						45.53		41.53		41.89	44.88	52.67	49.47	46.69		49.63				40.54	47.77	40.91	54.81	52.33				41.09	69.31666667			43.04											42.21		46.09	54.65				64.53				41.79			54.59		48.33												43.01	43.57			45.69												51.79			49.77					44.63															47.03									43.73		41.39	84.73							45.47	
2202490		47.99	50.21	50.55									49.89				48.09			40.01	38.95		44.02									41.15		42.88	48.42	50.53					44.81		43.03	41.73	45.79	43.61								42.47		38.31			43.43			45.57	43.21						49.19										46.43											42.31	47.27								38.1		44.19	87.91							41.17		41.86333333			50.51								50.37	43.43																45.99					48.23									40.91		48.55	52.13	53.11				48.35				42.39				52.75				46.37	46.35					53.39								36.73	46.37																41.35	39.77															51.79																							49.51											44.33									
2202491		47.99	48.43	51.25							38.23		48.95	46.15			45.17	42.47	46.83	39.49	39.69	43.35	47.25		50.89							35.81			45.25	49.93	51.19				44.37		43.33	37.47	44.37	42.37										36.83	42.31									37.6			49.1					44.07			41.03		45.69		47.15								39.67	39.15					43.51				39.61		43.97	48.41							41.05		40.05666667														49.11								43.13	49.41					44.13		45.39		41.85	48.23		52.47			48.57				41.23	44.07	48.61	52.13	49.75				46.61				43.73	50.85			52.73				44.51	45.81					54.69			51.85	63.73				36.73	45.01			50.65													44.81	39.59				51.25											50.55			53.17					45.31																		51.65					45.63			42.69	48.43								
2202492		45.57	47.75	49.83									46.11	46.09			44.47		45.15		40.81		44.86		47.71							40.17			42.59666667		47.21				44.73			37.59	42.77	43.8								39.51		36.89	40.81	43.89	45.05	63.85									48.32								40.67	38.73			45.65						39.23	42.75	39.67										38.65			47.63				44.91		38.39	40.45		41.09666667		49.01											45.69	51.55								46.41	48.75					41.89		43.41			47.04		49.53			46.51				39.66	40.59	47.96	51.21	50.56				46.61	45.65			43.31	49.49		49.75	52.11	49.39			43.55					47.23	54.27	54.05		52.09	45.69				35.67					52.39							46.81					44.21		40.55																					46.41	43.65													44.65		52.03			50.19					45.63				47.81								
2202493		45.57	47.75	49.83									46.11	46.09			44.47		45.15		40.81		44.86		47.71							40.17			42.59666667		47.21				44.73			37.59	42.77	43.8								39.51		36.89	40.81	43.89	45.05	63.85									48.32								40.67	38.73			45.65						39.23	42.75	39.67										38.65			47.63				44.91		38.39	40.45		41.09666667		49.01											45.69	51.55								46.41	48.75					41.89		43.41			47.04		49.53			46.51				39.66	40.59	47.96	51.21	50.56				46.61	45.65			43.31	49.49		49.75	52.11	49.39			43.55					47.23	54.27	54.05		52.09	45.69				35.67					52.39							46.81					44.21		40.55																					46.41	43.65													44.65		52.03			50.19					45.63				47.81								
2202494		47.71	47.23								38.39		48.07				47.81		43.67	35.19	42.71	43.07	46.43		50.85							41.93			45.89666667	49.74					45.17		40.75	44.07	41.06		50.37	46.63						44.53		39.19			46.39	98.73						36.59			52.41								40.67	41.41			46.87						39.43		40.87	41.07				51.39							67.03	47.83				44.91		38.43	41.69			51.03													51.97								47.13	51.45					41.81		44.85			46.57		55.77							40.92		70.66	53.09	52.97		46.89						41.97	51.39			52.71	49.39			44.37			39.13			53.11			55.19					34.97												47.17	85.37				44.45	39.63						48.65																	47.49											44.45		44.17					48.39					46.43				67.33								
2202495		45.81	47.93	48.97									47.57	47.13			43.99		42.35	35.19	41.37		47.45									40.47		44.25	44.68333333	48.63	48.47				45.13			43.47	39.19	45.57		50.77						43.02	36.07	39.33666667	43.73	47.01		47.83							43.77		46.45								39.63	43.03	45.03		48.85			45.27				41.53			50.09								38.71		43.03	45.55				43.99		38.59	40.68	42.23	43.27			68.93										46.45	47.25														42.11					46.89		52.23			45.57				40.14	42.51	122.13	49.18	52.8								42.07					47.73			43.81						49.03			52.75							50.47	54.87						42.71								44.59							52.85																	47.47																							45.51			44.29							49.17		
2202496		47.85	48.17										49.29		49.71		47.65				38.3		48.01									40.47			44.66333333		51.67			40.35	44.25			42.79		45.15		49.49						41.83	34.87	38.61666667	42.11	46.87		49.91									45.67					46.71							50.55								38.09		42.81	48.37							38.89		48.11								41.83		42.6			48.53									39.93		48.23			46.49													44.67	37.75		45.81	52.25	56.05			47.25				41.33	43.97	94.65	49.43	53.61						42.55		44.13								46.77					48.31				50.95					42.01			55.89																41.53																																													44.15												
2202497		45.87	46.77	49.99									48.67	44.65	49.79		44.17	45.93				35.51	43.03									40.05			44.69666667		52.71			43.47	43.91				38.49			48.91						42.57	37.31	39.145	41.58	46.07		48.09															42.03			43.27	48.57		47.47				51.57				172.73		44.42								38.69		41.97								41.19	40.49	42.57		49.47	62.59							37.17	43.65	40.75		49.53								46.25	48.41								37.75		44.82	50.29	54.11			44.59				40.21		44.63	50.61	52.16						42.55		43.95				49.87				46.93			42.01		47.35	52.99			68.37						45.51	50.45		50.29	48.89			44.75						50.09										47.35																																								44.35		42.27	42.71		49.21							
2202498		45.87	46.77	49.99									48.67	44.65	49.79		44.17	45.93				35.51	43.03									40.05			44.69666667		52.71			43.47	43.91				38.49			48.91						42.57	37.31	39.145	41.58	46.07		48.09															42.03			43.27	48.57		47.47				51.57				172.73		44.42								38.69		41.97								41.19	40.49	42.57		49.47	62.59							37.17	43.65	40.75		49.53								46.25	48.41								37.75		44.82	50.29	54.11			44.59				40.21		44.63	50.61	52.16						42.55		43.95				49.87				46.93			42.01		47.35	52.99			68.37						45.51	50.45		50.29	48.89			44.75						50.09										47.35																																								44.35		42.27	42.71		49.21							
2202499		48.91	50.33	49.59									48.89	46.9	53.91		44.17						42.93	47.51								42.15		42.25	44.72333333		52.69			42.57	56.89				46.61	46.39		53.35					43.43		38.69	42.81666667	43.45			47.45									47.96									43.01	45.55										40.21	42.17	49.2								39.31		46.77								38.23		42.2		49.32	50.57							37.97		49.95		49.39			46.51					43.49	54.21								37.75		45.14	150.63				48.49				40.21	44.57	47.87	51.41	55.71								44.77								47.13			42.43			51.01								41.27	46.99666667											46.23						42.35												38.56		49.59																					42.33	44.21												42.79	42.71			54.21					45.71	
2202500		46.63	46.64	48.81									44.33	47.75	48.92		44.25		48.23			38.59	43.43									39.85		37.15	43.49	48.32	50.73			43.33	43.69				42.72333333	42.63		49.37				44.83			34.99	39.06333333	42.23			45.95						36.89	43.23	45.81	47.23	44.83								41.19	45.81	49.15									51.65	39.79	46.07			48.07	45.23						42.61							43.74	38.55		40.68		47.47	48.81	49.45						38.13	43.79	46.73		50.45								43.87	51.17	48.57				41.93			39.41		45.21		52.31						41.93	39.59	43.45	46.19	49.59	49.55								43.07				47.55				44.37			41.57												47.19													53.61				36.75												37.83																								41.85	45.47	49.12											43.19							46.87	46.65	
2202501		43.13	45.87	39.67										45.86	46.29		41.33		40.91			38.37	39.89									37.53		40.4	43.48333333		49.91			41.03	42.71				43.55	42.73		47.47		44.57					35.15	37.38	40.29									36.39	43.21		47.99						38.59			39.43	40.71	51.15	48.09								39.93	38.35	43.02				41.53				35.59		42.31							41.75	40.13		40.90333333		45.75	47.55	47.59						35.53	43.03	46.61		48.13			44.05					42.31	46.61					40.63		39.93			41.91								37.95	38.05	42.2	47.41	48	51.37		45.01						41.18				48.97			44.55	46.27			39.11											38.73	43.21	45.77	48.97											49.45			43.17	34.35												39.17														47.35									40.75	39.57		47.29			49.21								42.81			52.37				46.73		
2202504		43.31	44.99666667	39.43										43.7	42.94	41.43	40.01					37.09	40.2		42.51	43.01							35.15	40.13	41.03666667		47.81			42.37	38.99	41.61			43.31	41.25	45.15			41.97			37.69		35.25	35.85666667	38.1	43.67								35.43					45.25	42.23			38.45		37.75	40.52	40.27	47.09	43.65		42.21						38.49	38.41	41.03			45.37	41.85						40.71								43.38		37.17	43.78	45.05		45.85								43.45	44.99	46.47			42.15											40.63	39.67	41.13	35.09				49.93							39.29	63.51	46.45	46.79	49.3								43.01				50.51			46.59	45.51			39.81		46.55									39.39666667			53.39	47.93										50.31																36.83	42.31												39.65			48.45													66.73								40.59									
2202505		42.33	45.19666667	38.75										43.25	40.55	41.49	40.33					37.37	40.67			42.95					39.23			37.74	40.79666667				39.91	42.21	39.45	40.81		40.79	43.29	41.53		47.03		42.49			37.07		34.49	35.66333333	38.52	44.33		45.23						34.99	39.31		44.83		44.31	43.85			37.35			41.21	42.37	45.93	45.79		42.86						38.35	37.45	42.23				41.79				34.37		43.03					39.37			40.04	37.59	39.275	43.09	45.19	46.17	45.85								42.07	44.87	46.47			41.83					42.71		44.13				40.37	41.34	40.31	34.93											38.69	41.43	39.85	47.88	51.54					43.59			40.53	45.77	45.43		50.51			47.05	46.45					44.85									38.89666667		45.15	49.85					37.51		43.43				48.01			42.87													39.45																48.45							38.63						49.69					42.41			39.75									
2202506			42.43	40.25										37.95	40.59	39.47			33.55	33.01		33.73	39.31			42.95					34.55	34.15		35.71	37.82333333				39.15	41.05	38.01	38.21		40.43	41.09	41.49						37.79			34.01	33.01666667	37.66			43.49	39.13			37.03		33.67	34.91		41.15						36.67			38.52	39.29				39.07						37.54			43.93			41.79						34.77	37.61				35.31		34.79	34.45	36.76	33.94		43.07	47.89	50.25								38.33	43.37	44.51			37.33							43.63				39.51	38.19								35.09					36.51	38.72333333	43.09	44.83	43.05			40.17					36.63		44.01		49.17			40.74	45.17									43.37	36.97			31.09	38.54333333	40.53	41.73	51.41	38.49										48.01			41.21												37.95	36.19								48.91												42.27							47.27		44.49					39.77			35.47			49.73				40.01		
2202507			43.7	40.51										41.51	41.29	39.69				34.87		33.73	38.37			42.79					35.29			36.02	37.51				39.53	42.47	37.53	37.37		38.41	37.01	39.83						37.67	36.43		33.99	33.9	37.72			42.41				45.05		32.93			40.61						35.71		34.55	38.81	38.91		44.55		40.53						34.16		40.07	42.89			39.29							37.97				34.27		35.43	38.42	35.92	36.23			43.35	43.31		43.01						38.71	43.13	46.43			37.31											38.09	35.19	38.89							37.51					34.27	39.60333333	43.65	44.87	52.11			39.43		39.6			36.63		44.31		50.95			42.19						42.86				44.05	36.85				38.98333333			50.17	38.41	44.47					39.73				45.79				31.49												35.71																				41.19							47.23		48.59					40.91			37.01			50.65						
2202508			39.89	34.99										37.75	38.18	36.83				29.07		27.89	36.45			37.05					29.53			31.83	34.54					36.23	29.21		30.67	32.51		36.81						34.83	30.69		28.89	30.35666667	34.35			42.14				31.55		30.33				38.81							29.95	32.5	37.13				36.91					30.33	30.23		33.37				32.81				27.49		35.11					34.55		29.67	31.24333333	30.58	32.98333333		40.31	37.76			38.37					34.57			41.89			35.51							36.61				32.1	31.69	32.69					38.33						30.93	32.39	34.24333333	39.21	39.74	43.19			34.03					36.63		37.91		46.45		40.59							39.07								32.55	33.23	33.37									35.37				38.45				29.87		32.44									35.25	32.45	34.11							40.67												34.75									38.59					36.47		33.19	35.47			41.21				37.59	29.61	
2202509			36.15										30.77	34.35	34.79	32.71				27.13	27.07	27.55	32.45						32.17		28.83			29.58	32.05			31.49		34.04	29.05		27.84	28.93	29.51	30.73				33.95		34.17	30.01			27.56333333	30.89		33.59	33.53				37.65	25.03	28.65				33.99	35.27						27.71	30.29	29.83		36.25		33.97					29.73	27.81	24.87	31.15			33.89	32.39			30.55	25.86		30.43					31.33		28.53	29.15		30.19			33.45	31.43		37.59					29.67						32.85						30.45	31.93						30.28	28.54	28.91		34.09		34.41				32.29	29.43	30.27	30.59666667	31.61	32.11	35.33								28.05	30.59666667	31.89		34.91	33.33								33.93	38.39						29.17	28.49	29.46	29.59	34.85	34.39		33.83				33.13	29.37	31.03	33.43		35.57						30.98	27.17								31.95	32.17	31.41	37.99	34.27																	34.75		32.53		29.37							34.55			31.35			31.61	31.57		38.09				31.37		
2204001		36.55	38.32											37.97	36.81						31.87	36.8			41.93					33.39		32.29	32.55	36.45	39.83							32.91	31.51		33.72	38.51666667	43.15						35.65			32.71	38.38	37.6	42.15							32.09			39.43						33.35			36.11				35.67			37.53			31.23	31.17	31.03									33.13666667		38.73	33.77						31.81	32.41	36.53	37.375	44.53	46.11	44.46							30.91	32.93			40.75									36.99					33.17	33.45	32.63		35.67	36.35	38.23				38.71			32.55	32.13	38.11	40.91	48.13	41.73					35.27			34.51		40.43	39.79	39.2					34.03		33.57								31.61		27.39		41.23	39.37	41.03	35.99				34.45	35.19		38.91	39.49	41.25	37.89			34.54			34.17				35.37					34.18		36.49												35.37		41.17	46.57			37.15				32.75				38.75			36.69	37.07			36.17		30.33	33.47	35.65					42.47			
2204002	31.41	36.03	40.13											39.17	37.55		34.29					31.79	37.89		40.29	35.07				33.61		32.27	28.64	34.81	37.49								30.73		32.95	38.71	40.11						33.19	31.39		30.49	35.56	36.31	37.17							31.04			38.03	36.13								34.28	35.33	32.89					32.51				30.67	29.95					35.73				32.88333333		31.77	35.45666667							31.53	33.97	34.37	37.47	41.43	40.75							30.09	31.69			36.33									33.55					30.73	32.53				36.29	37.63				38.93				30.54	33.31	37.95	43.31	37.39							30.8	33.42	35.07		37.24	37.76					34.03		31.55		36.17						31.39		30.53		37.45			36.03				33.35			34.19	35.95	38.53	41.77	34.85		33.97			32.27	35.62			35.37					34.47	31.03	32.63	37.01											30.68		36.17	40.41			37.23			34.96	30.99	30.35			36.83			34.97	37.05			32.39			32.83	33.92								
2204003		35.81	38.29											37.97	37.52	39.77	34.57			33.63	31.79	27.47	37.67		41.23	36.31				36.71		32.23	26.15	35.02	38.94								30.73		32.89	38.69	40.51	38.35					32.75				34.18333333	37.57	38.09							30.78			37.67	36.27	36.13							32.21	35.79				36.67		36.45			29.91		29.73									32.25666667		31.09	35.83						29.41	30.15	31.69	33.78	34.91	38.03	38.63							30.99	32.33			35.21									33.39					32.31		31.93			35.54	36.31		34.19		38.93				30.23	33.17	37.87	41.15	37.67666667							30.41	32.5	33.85		35.06	37.28									36.56	39.81					31.39		30.15		33.17	36.25		36.03				32.81	33.31		33.77	34.17	38.13	41.27		34.23	33.69	32.55		32.27	36.63			35.57					27.91		30.57	36.99											32.05		36.39	40.63			37.27			35.21	31				37.59	34.29			37.21			33.79			32.45	32.32	35.89							
2204004		33.83												39.23	36.23		34.31			32.01		32.27	38.31		41.13	36.47				36.67	30.07		26.23	35.61	37.31666667								31.01	34.79	34.19666667	36.47	44.99	38.55					33.53	19.29		29.79	37.09		36.33							31.14				37.52	34.71							32	34.67											29.81									31.96333333		35.99	35.715						30.15	30.40333333	32.61	34.515	38.71		40.79							30.75	29.69			38.07									34.89	35.05						33.01		32.92	33.67	36.55				39.45			29.33	30.54	33.21	39.19	46.59	37.56333333					32.49		30.5	32.46	36.61	35.43		36.37			36.53						36.62	38.29					33.25		29.97		34.29			38.45				30.99			33.65	34.91	37.93	41.33		33.83	31.71	31.47		34.07	37.51	39.37							34.95	29.15	31.73	37.81		36.93		35.59							32.17	34.53		39.58							31.13				37.73	38.13			37.93			34.17			31.87	32.74								31.95
2204005		33.83												39.23	36.23		34.31			32.01		32.27	38.31		41.13	36.47				36.67	30.07		26.23	35.61	37.31666667								31.01	34.79	34.19666667	36.47	44.99	38.55					33.53	19.29		29.79	37.09		36.33							31.14				37.52	34.71							32	34.67											29.81									31.96333333		35.99	35.715						30.15	30.40333333	32.61	34.515	38.71		40.79							30.75	29.69			38.07									34.89	35.05						33.01		32.92	33.67	36.55				39.45			29.33	30.54	33.21	39.19	46.59	37.56333333					32.49		30.5	32.46	36.61	35.43		36.37			36.53						36.62	38.29					33.25		29.97		34.29			38.45				30.99			33.65	34.91	37.93	41.33		33.83	31.71	31.47		34.07	37.51	39.37							34.95	29.15	31.73	37.81		36.93		35.59							32.17	34.53		39.58							31.13				37.73	38.13			37.93			34.17			31.87	32.74								31.95
2204006		34.59											34.13	35.07					30.79	32.37		22.95	37.81	40.57	39.77	36.07				30.47	30.41		31.31	36.29	38.91								32.45	33.15	34.68	39.61	42.05	38.77					32.71				33.99		36.77					29.43		29.88				42.55	34.51							31.01	36.37			37.73					33.19		28.29	29.11									32.64333333		34.79	37.23						28.47	32.07	31.89	34.41	38.09		38.21							30.75	31.97			36.59									35.11							33.81	28.95		32.53	36.95				38.27			31.79	30.86	32.66	37.41		38.13					32.47		30.29	33.03	37.04			35.73						30.47			35.59	40.94					32.97		30.65		33.49	38.11		34.43				30.53					38.19	40.87		33.21		31.03		34.33	35.79					35.37			29.83	29	33.09	37.09									32.85				36.65	37.81							31.16											33.81		29.65	26.96	33.35	37.05							
2204007		33.69		35.55									36.81	37.85									37.19	39.63		34.13				36.77	30.95		31.67		36.73	43.55						32.53	30.67	33.83	35.09	43.21	45.27	38.89		33.59			32.73	26.46		28.83	34.14		36.13					30.43		30.8				42.65	35.85							31.05	38.38			35.51			27.53		33.61												31.13	31.63	35.87	35.64333333							31.99	32.28	34.49			41.11							30.55	29.83			37.69									35.63							32.85	29.47		35.65	36.29				39.85			31.15	30.03	32.43	37.47		38.83							33.13	33.53	37.87			35.89						31.95			36.91	38.83					34.65				34.05			35.33				35.11			31.39	34.57	40.49	39.23		33.21	32.85	31.95								35.95			31.23	30.19	31.55	39.03	39.79								34.15		33.07			35.69							30.46	32.73										34.23		31.57	33.93	33.38	38.53							
2204008		35.55											43.79	39.85	38.31							25.55	40.85			34.13				39.25	32.01			34.11	41.06		41.85					32.17		36.21	37.29	41.43	43.15	42.71		38.11			35.55	26.56	29.83	32	33.95		39.13	44.29			36.85		29.55	32.95				43.99							36.55	37.15	40.27			41.43			41.05		42.73										42.17		35.81		41.71	39.68							33.85	33.545	36.295			43.05								32.65			43.31									39.15		35.75					38.57	30.63		33.49	40.47		38.99		39.85			34.61	32.81	36.29	45.63	44.65						35.15		32.76	35.14	34.31									34.23			37.91	45.33					35.71			33.77	35.03	39.27		37.43				35.41		33.59		39.25	41.43	41.81		35.35	40.65	33.71		34.95										31.43	33.17	40.59									35.33		36.61	36.26		39.45							32.54	35.13		38.93			37.11					36.37		34.73	35.29	35.53								
2204009		36.23		38.07		39.79							43.79	41.59	39.93				33.25				41.61			34.49				38.15	30.73			39.27	42.49		48.49				35.63	32.17		37.81	38.88	44.55	45.27			38.65			35.83	26.33		34.99	37.26		41.05				37.11			31.43			41.09	48.31							34.21	37.83	44.29			40.45			33.25		43.41												35.81		39.47	42.77								37.35	37.61		44.13	44.2							34.03	35.09			43.11									40.47							37.91	29.47		37.71	46.21		38.45		40.63			35.51	34.51		40.63	47.41			40.49			36.55		34.21	36.47	43.11									36.77				44.52					34.65				40.32		44.61	37.43						33.11			45.49	41.89			36.21	34.61												28.92	35.05	41.05									38.21		38.25	41.13	38.23	47.51							33.98	39.61												36.25	30.35	39.99	47.89						38.35	
2204010		42.57		39.57		42.73							47.75	43.39					36.05		36.45	39.07	43.25		49.79	38.95				42.31	32.51			43.09	42.97	47.15	53.13					36.34		39.29	43.39		49.47666667			40.73			37.57666667	36.91		34.54	38.47	47.39	43.69	45.45		36.91	39.81			33.78			43.45								37.33	38.03	43.81			42.53					43.39		35.59	36.15	45.69								33.45666667		48.11	39.55						39.05	35.91	37.99	40.7		44.65	45.17			40.31					36.19	44.71		46.87					37.67				43.67	47.41	39.01			39.59		36.84	37.65		36.77	47.87				43.55			39.81	34.77		45.27	49.53	43.97		40.19			37.35			37.03			42.23								37.87			48.88					36.31			38.81	42.59		46.05	37.71				40.41	41.47					44.99			37.15	34.89															52.49	55.37		42.95							39.87	42.96	44.89								36.55			42.91										36.55	32.61								39.93	
2204011		38.79	45.27	41.33		44.69							45.81	43.91					37.23		36.25666667	38.44	46.17			40.01				39.63	36.55	36.07	35.83		41.88		52.11				37.41	35.77		38.87	39.29	44.78	49.21	47.51					37.99	38.31		35.55	39.56333333	41.96	43.03	49.45			39.37			35.28	36.25		43.21	44.31				38.25			37.32	38.81	44.69		45.69	40.49					38.29	38.39	35.12	37.39	43.63								36.02		47.39	46.05	47.27					38.45	37.79	37.23	40.83	45.97		46.22							32.31		44.39		46.11									43.53	45.49				40.02	37.79		34.94	38.45	45.04	47.35		43.33	42.45	43.83			38.19	36.51	40.29	43.08	49.23	45.83666667		41.91			38.55			40.99			47.51						43.15	36.55	39.45			50.15			43.89	43.97	38.01		35.93	37.31	42.07		48.97	46.65				41.83	39.05	36.65				47.27		38.53	37.78	33.47										39.21	36.23			46.51	52.49			44.39					43.47		41.77	44.31		48.71							38.81	39.91										41.01		37.91	38.11								43.11	40.13
2204012			40.97	46.71							35.97		46.43	45.01	41.03						38.07666667	36.31	44.33							46.13	40.13	38.45	35.04		45.81	46.89	50.37				40.93	35.97		40.18	39.63	46.85	43.23						41.35	38.23		38.28	40.37	47.91	45.37	50.64		40.95				37.31	38.45							42.19			35.01	40.71							47.49		34.89	40.97	37.89	39.57	45.75								38.28		47.65	44.54	47.27					40.35	39.63		42.41	46.51		48.17							34.23	41.37	45.93		47.05								38.49	48.31	47.53				43.87					46.09	48.75	47.97	43.33	48.31	49.79				38.88	42.71	47.29	50.71	49.77666667					43.44			42.11		46.23	48.47								39.51			46.91				43.97	38.01			42.17	45.93		50.23	46.65				148.25	39.83	40.35				48.47		49.19	39.9	37.79	35.61									39.83				48.39	51.81			51.61					43.47					51.49							36.81											43.77		39.83	40.75								43.89	41.85
2204013				46.71									47.45	47.91	44.69		41.91				38.49		45.59							47.71	43.03	38.73	40.47		44.91	51.23					42.19	37.03		41.42333333	42.49		44.35						42.63		37.19	40.34	40.21	48.67	44.03	50.98		44.73				35.73	39.99			52.97															48.55		37.33	50.69		37.67	47.27								40.09		46.09	94.77						41.83	40.52		42.9	49.09		49.44								42.01	47.23		51.19	50.83								47.35	68.37				51.45					45.39	342.15	49.77							40.11		47.43	51.91	52.15666667				47.47	45.19			43.33			49.09										50.73	54.83				44.53		41.29			44.29		53.73	46.75				43.73	41.75					52.17			44.6	41.69	35.39									41.89					51.95			48.13																		45.45													41.97								45.77	
2204014			46.45	45.33									47.39	45.87	43.68		41.91				38.91666667		43.61	42.29						47.71	38.91	37.71		40.75	45.57						41.19	35.69		40.02	37.63	44.31	43.29						42.92			36.06	40.6	45.89	44.39	48.89		44.05				35.39	39.87		47.55													43.73			48.55		36.49	40.79	38.73	36.79	44.25				190.05				36.65		47.55	45.43	47.77					41.64	40.16	39.15	41.86333333	48.85		48.62							33.75	41.15	45.57		49.19	45.99				42.87			40.71	45.63					43.32		43.39	38.67	41.29	41.84	341.21			48.35	49.79			40.87	38.78	42.38	44.33	50.21	48.75					43.33			42.75			50.85						44.55	37.41			47.81					42.13		40.41		39.89	44.29		49.73	45.03					39.15	41.55				48.79			43.88	37.01	35.39									41.89	42.01			47.81	51.95	51.41		46.77										52.05								42.99										43.91		38.39	40.09						50.99		43.89	41.67
2204015			43.71	46.03									47.83	46.61	45.73		41.91	40.91			40.89		44.35							46.87	39.31	38.47		40.09	47.44	53.05	52.57				42.09	35.39		40.25666667	41.28		44.15						40.05			39.2	41.31	45.91	44.41	49.32		45.15				35.55	41.63		48.08					41.25				41.11	44.17						48.81			41.99	40.09	36.81	42.43				190.59				39.46		44.47	47.21						41.45	40.22		42.19666667	48.99		48.56							33.75	41.81			49.63	46.67				77.01			40.93	47.47					42.54					45.27	340.55	45.05		48.31	49.21			39.77	38.97		47.55	50.37	50.32		42.63			44.24			42.41		54.99								37.41				52.45				45.27		40.39			47.49		54.85	47.85	49.49			43.23	41.91					51.71			48.09	41.59										40.59				47.59	51.31	47.67		47.77																				50.63								43.87			47.69								44.13	
2204016			45.51	47.07		47.11					37.83		47.89	45.53	45.37		45.19	39.49			41.85	37.16	44.75	45.01						47.71	38.43	39.33	36.25	40.25			52.85				42.75	35.51	38.75	39.97		43.19	43.03						47.45			36.96	43.37	41.17	43.83	47.84		44.23				36.43	45.35		48.45					42.19			36.55	41.19	44.5						49.75			40.37		37.21	42.43				45.17				40.33		45.49	87.97						42.84	39.67		41.86333333	49.83		50.32								42.57	43.75		46.61	48.37													44.11		42.73	37.83	43.39	45.32	49.46	50.91			47.47				40.16	47.39	48.19	52.17			42.63			45.25			41.17		45.99							44.81			42.65						45.73		40.39	41.61		45.89		52.05	47.75	51.09									50.53			43.54											40.89				47.57	53.51								41.49					49.55										48.77											40.65									42.91
2204017			45.21	47.07							38.75		48.93	48.09	45.01		46.31	42.63			40.87	39.45	45.17	45.67						48.29		40.21		39.57	46.7		54.15				43.41	37.33	38.61	41.83	41.55	43.75	42.73						40.65			37.8	43.51	42.19	44.23	47.89		44.29				35.61			50.63					42.37			40.29	41.95	44.53									42.45	39.81	34.47					61.35				40.74		43.49	66.71						82.52	40.21	39.13	42.78333333	49.31		82.37								42.59	44.19		51.43	48.37							44.93							43.37	44.15	37.83	43.39	45.83	120.68	50.51	46.17		47.47				40.27	44.6	46.34	54.81	51.42		44.43		47.89	44.73			43.35			52.35						47.65		42.48	41.75									41.25	44.07			52.09	47.75										52.53		44.89	44.51	44.03											41.43			90.89	50.41								47.59					51.01						48.15				82.94333333											40.49									44.33
2204018			45.17	50.17							38.75			57.61	44.86		45.81	42.41	47.25	43.31	41.79	40.79	45.81									42.49	38.77				55.49				103.53	38.93		39.80333333	42.06	43.99	42.17						40.47			36.54	42.66		45.95			45.11	44.51			36.89			51.21							41.11		41.31	45.71		155.49							43.25	39.81	35.41									40.75		45.91	71.27						42.57	41.93	37.27	42.605	49.83	45.53	82.71666667				54.51					45.01			49.55													44.85		44.15	37.83		46.09	121.26								40.05	47.39	45.67	54.81	54.01					44.23			43.99									47.25		43.05	43.09		55.77								44.07				47.75										56.43				44.03	40.93														52.47								46.49					49.73										50.52			50.31								43.71									
2204019		51.01	45.81	48.91										48.99			48.09	42.13		41.23	41.73	37.67	44.2							49.35		42.39		41.99	46.61		55.09				104.23	37.13	43.03	42.99	43.01	44.11	42.91									37.87	43.01						39.99			36.99			48.77									42.01	46.43									107.51	39.79	35.41				45.77	62.27				40.73			69.01							36.89		42.6			50.23								46.49	44.69										47.23						58.47		44.49			46.89	103.87				50.17				40.69			54.81	55.63				48.69	82.07			43.77			48.25						46.27					55.77							42.01																		44.29	44.39	40.93														51.79								46.65															51.03			53.09								43.71								45.47	
2204020		47.99	50.21	50.55									49.89				48.09			40.01	38.95		44.02									41.15		42.88	48.42	50.53					44.81		43.03	41.73	45.79	43.61								42.47		38.31			43.43			45.57	43.21						49.19										46.43											42.31	47.27								38.1		44.19	87.91							41.17		41.86333333			50.51								50.37	43.43																45.99					48.23									40.91		48.55	52.13	53.11				48.35				42.39				52.75				46.37	46.35					53.39								36.73	46.37																41.35	39.77															51.79																							49.51											44.33									
2204021		49.13	48.43	51.73									47.43	46.11			45.81		47.37	39.47	41.27		45.85									34.47			46.19	49.23					104.41		40.41	37.01	42.63	43.45										35.33	41.37		44.93										48.91					46.65			40.55		45.69		50.35		48.71						41.47	38.99	45.23				43.23				38.65		46.51	87.83									41.87	49.85	48.77																					49.21					61.85		43.13			49.05	49.69	49.81			46.51				47.97	41.79	123.35	52.37					46.61				43.79	51.03			52.11				46.17	44.17	39.53				52.17				63.27				39.17				50.89	52.13												44.71		40.61														50.81			53.17				46.41	45.45															50.51			40.07					45.63												
2204022		45.57	47.75	49.83									46.11	46.09			44.47		45.15		40.81		44.86		47.71							40.17			42.59666667		47.21				44.73			37.59	42.77	43.8								39.51		36.89	40.81	43.89	45.05	63.85									48.32								40.67	38.73			45.65						39.23	42.75	39.67										38.65			47.63				44.91		38.39	40.45		41.09666667		49.01											45.69	51.55								46.41	48.75					41.89		43.41			47.04		49.53			46.51				39.66	40.59	47.96	51.21	50.56				46.61	45.65			43.31	49.49		49.75	52.11	49.39			43.55					47.23	54.27	54.05		52.09	45.69				35.67					52.39							46.81					44.21		40.55																					46.41	43.65													44.65		52.03			50.19					45.63				47.81								
2204027		45.87	46.77	49.99									48.67	44.65	49.79		44.17	45.93				35.51	43.03									40.05			44.69666667		52.71			43.47	43.91				38.49			48.91						42.57	37.31	39.145	41.58	46.07		48.09															42.03			43.27	48.57		47.47				51.57				172.73		44.42								38.69		41.97								41.19	40.49	42.57		49.47	62.59							37.17	43.65	40.75		49.53								46.25	48.41								37.75		44.82	50.29	54.11			44.59				40.21		44.63	50.61	52.16						42.55		43.95				49.87				46.93			42.01		47.35	52.99			68.37						45.51	50.45		50.29	48.89			44.75						50.09										47.35																																								44.35		42.27	42.71		49.21							
2204028		45.87	46.39	47.91									46.53	46.34	49.79		42.75	45.77				39.53	43.32									39.11			43.99		51.85			43.43	42.21			40.23	40.45	44.94		46.99						45.21		37.855	40.6	46.07								35.83	42.13		46.95									41.93	44.27		49.51				50.85			40.89	50.35	43.23	43.1								38.03									39.09		40.87	41.97	47.73	48.85	61.83							37.75		39.31	48.91	49.53								43.33	45.91								37.75		42.63	49.71				44.59				39.25	41.13	47.77	49.81	51.2								43.48				50.15		48.05		45.53			43.05		47.09	46.05			51.09						43.03	49.55		49.35	49.19									50.09				36.21																																			39.09			75.05								43.14			42.55	46.53						43.85		
2204029		48.79	48.83	48.81										47.45	54.13		42.75						44.81									42.15		42.25	45.24333333		52.69			45.03	45.71		37.47	41.79	44.41	46.73		51.75					43.89		38.39	43.24333333	42.10333333			47.29									48.07	47.71								43.86	45.97	48.69									51.99	44.79	46.07			49.28					39.31										40.05	39.99	42.17666667		49.35	49.21							37.97			49.91	49.53								45.23	51.17								36.51		44.4		54.91							40.13	44.09		51.41	53.67								43.69						49.77		45.53			42.43											41.05	44.44											48.77		54.39										50.25						39.24																							41.93	44.21		52.69										42.95	42.55								45.13	
2204030		49.71	47.70333333											49.28	53.37		47.27		48.23			38.59	42.93									42.75		43.57	43.83	48.25	53.91			46.09	45.37				44.15		44.45	50.81					43.89			40.07	41.75			48.49						37.35												43.2	47.24	52.93									51.11	40.53	46.07			48.49	45.23													49.85			42.33		48.81	75.51	49.43						39.47	45.57	49.75	47.37	51.41								44.39	50.05					44.13	46.01					50.91								39.65	44.23		51.41									43.07								48.41			43.15												46.02													55.05																38.31																								44.91		47.65																				
2204035		39.07	40.13	40.61										42.17	40.45	39.21							38.42	40.41		41.97					33.95			33.21	39.57				38.87	40.55	38.99	40.81	33.27	38.01	41.79	41.47		44.81					35.77		32.47	35.02	37.36	40.37		42.99						33.99			43.31		41.69	44.25			35.71			38.84	39.01		46.33		41.47						36.17	36.63	42.23	41.91			39.29				32.33		36.51					35.07		35.15	42.09	37.23	38.08	41.39	42.95		44.17								41.35	42.99	45.65			39.67					39.45						38.03	37.99	40.33	32.55											37.49	41.33	44.91	47.11	49.13					40.89			38.19		44.31		48.21			47.05	44.53					44.01									41.86			52.23					40.99		41.53				45.79																																							37.97						49.61					41.27			39.75									
2204036			43.7	40.51										41.51	41.29	39.69				34.87		33.73	38.37			42.79					35.29			36.02	37.51				39.53	42.47	37.53	37.37		38.41	37.01	39.83						37.67	36.43		33.99	33.9	37.72			42.41				45.05		32.93			40.61						35.71		34.55	38.81	38.91		44.55		40.53						34.16		40.07	42.89			39.29							37.97				34.27		35.43	38.42	35.92	36.23			43.35	43.31		43.01						38.71	43.13	46.43			37.31											38.09	35.19	38.89							37.51					34.27	39.60333333	43.65	44.87	52.11			39.43		39.6			36.63		44.31		50.95			42.19						42.86				44.05	36.85				38.98333333			50.17	38.41	44.47					39.73				45.79				31.49												35.71																				41.19							47.23		48.59					40.91			37.01			50.65						
2205530		34.93	40.93							39.31				38.05	35.87							34.89	34.83		40.91					36.27		32.05	30.77	34.03	38.71	42.15							30.49		35.16	40.39666667	41.01						34.35		37.55		37.06	39.25	38.71				33.07			30.1												36.15	37.95	41.43		35.69			41.67			31.19	30.45	30.61									28.83		42.29	40.07						31.01	31.45		36.53	43.69	41.35	42.23					30.47		30.41	32.39			37.25									35.25		35.21			31.35	34.17	32.61			38.07	35.75				38.45			30.51	30.97	37.07	40.43	47.17	38.54					33.04		30.37	33.01		40.27		39.41							29.27			41.41							31.19	31.49	39.51			36.27				35.19	35.77			38.37		41.35	36.63					31.64	41.05	43.19					32.27		32.95	30.19	33.73												33.53		38.07	43.59							31.75	32.43	39.49			43.63		34.91	37.37			35.27		30.55	32.01	33.96					39.93			
2205531		36.55	37.59											37.25	35.51					31.97		35.01			40.51					35.85		25.65	30.95	34.11	38.92	41.35							29.83		32.7	37.25	39.57						34.87	31.63		29.69	36.04	36.83	37.65							30.48			39.23									33.62333333		44.41					35.53				30.35	29.87	32.23								31.28		31.47	32.93						29.71		31.11	35.34	42.02	40.67	42.23							30.41	32.07			38.93									33.77					31.17		32.15		32.05	36.35	38.57				38.71			30.89	30.83	32.73	39.83	42.33	39.34					33.53		30.37	34.72	35.57		36.15	38.63					34.03		33.57								31.67		30.07	32.01	37.37	37.97		33.37				34.45	25.97		35.01	37.09	38.25	40.27	36.17		29.73			32.99							32.11		30.76		33.95	36.85				35.95							34.64		36.65	43.15			37.15			35.63	31.57	30.31			36.43			34.91	37.11			35.03		29.59	32.41	33.83					42.47			
2205532	31.41	37.29	38.87											38.51	36.92			34.75		32.09		31.97	37.35			35.53				36.67		31.79	30.27	31.63	38.29								30.57		32.51	40.59	39.29						33.21	31.39	28.51	29.73	34.52	37.67	37.97							31.4			41.13									33.51	35.63	32.89		35.73			32.51					29.95					35.45				32.99666667		33.35	35.95							32.78	32.43	35.215	37.52	38.27	45.51							34.13	32.19			35.93									33.77		34.05			31.37	31.71		29.05		37.57	38.31				39.65				31.29	32.41	39.67	42.63	38.31					32.88		29.47	33.83	35.84		36.02	38.54				32.11	35.55				36.54						32.41		31.85	31.27	35.61	40.61		34.41				34.09				34.92	37.75	41.77	34.83		33.15			32.13	35.85								34.21	28.84	31.99	35.95											30.76		36.65	40.69						36.61	30.81	30.15			36.83			34.23	37.97			32.41			32.44	33.73	35.61							
2205533	31.41	36.81	40.11											40.01	38.34	39.77				34.59	32.23	34.45	39.63		41.31	37.89				36.71	31.65	32.95	27.45	36.82	39.6								30.57		34.56	37.98	43.55	41.05					33.26	31.71			36.47	37.57	39.95							31.06			38.85	38.87	35.85							33.53	42.21	35.67			37.71		36.91					29.81					36.81				33.19		32.35	36.465						29.81	31.15		35.48	39.27666667	40.83								30.99	32.57			36.19									35.07		35.95			33.05				31.35	38.48	38.32	38.63			40.39				30.81	32.77	38.65	46.59	39.79666667		35.81			33.53		30.97	33.73	35.07		36.84	37.38							30.37	35.05	36.55	39.93					32.41		30.83		34.85	37.91	38.21	38.05				34.57			35.89	34.65	38.53	42.01		35.71	33.09	31.29			36.36								34.99		31.03	37.89											27.83		37.63	41.27						35.21	31.18	30.11			36.81	35.27			37.97			34.21			33.5	33.81								
2205534		33.83												39.23	36.23		34.31			32.01		32.27	38.31		41.13	36.47				36.67	30.07		26.23	35.61	37.31666667								31.01	34.79	34.19666667	36.47	44.99	38.55					33.53	19.29		29.79	37.09		36.33							31.14				37.52	34.71							32	34.67											29.81									31.96333333		35.99	35.715						30.15	30.40333333	32.61	34.515	38.71		40.79							30.75	29.69			38.07									34.89	35.05						33.01		32.92	33.67	36.55				39.45			29.33	30.54	33.21	39.19	46.59	37.56333333					32.49		30.5	32.46	36.61	35.43		36.37			36.53						36.62	38.29					33.25		29.97		34.29			38.45				30.99			33.65	34.91	37.93	41.33		33.83	31.71	31.47		34.07	37.51	39.37							34.95	29.15	31.73	37.81		36.93		35.59							32.17	34.53		39.58							31.13				37.73	38.13			37.93			34.17			31.87	32.74								31.95
2205535		37.85	41.33											40.71	38.21					32.85	30.11	35.67	41.09			37.09				37.57	31.97	28.63	31.09	39.09	38.54333333	46.47							35.69	38.13	35.31666667	40.3	44.99	41.43		34.93		34.07	33.27	39.43		30.87	37.83	38.85	38.43							33.69				42.55	39.91							33.11	40.78						41.13				33.17	32.55					36.65				34.27		40.79	39.45						34.81	33.21	37.77	36.18	41.96333333	42.07	42.95							34.07	35.01	37.15		42.65							30.47		37.48		32.09			33.15		37.11	34.23	35.19	37.03	40.41		36.77		41.85			31.81	32.59	34.43	44.45	44.87	39.03		36.59			34.98		31.51	32.31	41.47		37.83	37.83					33.47		37.79		38.89	41.43					33.25		32.67	41.03	36.07	38.38		38.45				32.23				38.01	39.39	44.37		36.15	31.71	31.95			36.81	43.29							34.95			38.65				38.23								38.03		44.4							31.85					38.13			41.03			35.45			33.47	34.2								34.49
2205536		34.59											34.13	35.07					30.79	32.37		22.95	37.81	40.57	39.77	36.07				30.47	30.41		31.31	36.29	38.91								32.45	33.15	34.68	39.61	42.05	38.77					32.71				33.99		36.77					29.43		29.88				42.55	34.51							31.01	36.37			37.73					33.19		28.29	29.11									32.64333333		34.79	37.23						28.47	32.07	31.89	34.41	38.09		38.21							30.75	31.97			36.59									35.11							33.81	28.95		32.53	36.95				38.27			31.79	30.86	32.66	37.41		38.13					32.47		30.29	33.03	37.04			35.73						30.47			35.59	40.94					32.97		30.65		33.49	38.11		34.43				30.53					38.19	40.87		33.21		31.03		34.33	35.79					35.37			29.83	29	33.09	37.09									32.85				36.65	37.81							31.16											33.81		29.65	26.96	33.35	37.05							
2205537		34.83		37.89									40.53	38.67							30.09	24.69	40.15	40.83		33.31				37.81	31.91		32.95	32.65	44.93							32.53	32.57	33.69	33.35		39.55			34.47			33.78333333	28.14		29.63	35.49		38.43					29.27		32.95				47.37									38.69		43.83	37.15			29.09		38.11		32.59										31.91		36.47	37.34							32.79	34.08	35.68		42.47	41.11							33.43	31.65		34.05	44.31									38.15							35.87	29.57		33.56	38.45		37.29		38.27			32.69	30.73	34.17	41.69	46.65	39.17		38.09			34.83		35.19	35.86	37.87		38.97	40.97						31.95			38.67	42.54					34.65				35.45			36.75				38.39				39.23	42.55	40.17		34.55	35.45	32.79		34.23	40.81					37.03			31.23	33.39		41.36333333				41.47					36.09		36.63		38.23	44.27							33.68	36.14										35.27			32.18	36.31								
2205538		36.23		38.07		39.79							43.79	41.59	39.93				33.25				41.61			34.49				38.15	30.73			39.27	42.49		48.49				35.63	32.17		37.81	38.88	44.55	45.27			38.65			35.83	26.33		34.99	37.26		41.05				37.11			31.43			41.09	48.31							34.21	37.83	44.29			40.45			33.25		43.41												35.81		39.47	42.77								37.35	37.61		44.13	44.2							34.03	35.09			43.11									40.47							37.91	29.47		37.71	46.21		38.45		40.63			35.51	34.51		40.63	47.41			40.49			36.55		34.21	36.47	43.11									36.77				44.52					34.65				40.32		44.61	37.43						33.11			45.49	41.89			36.21	34.61												28.92	35.05	41.05									38.21		38.25	41.13	38.23	47.51							33.98	39.61												36.25	30.35	39.99	47.89						38.35	
2205539		35.97		39.35		38.49							42.45	40.77						36.57	35.88	40.11	42.69	43.53		36.31				38.15	32.11			38.95	44.19		51.61				36.43	33.47		37.81		44.09	47.78			35.89			34.51	35.6			38.17		42.93				36.05			34.29		39.35	40.69	48.07							31.95	36.87	44.67			40.45			39.65		34.44												35.36		39.55	43.45							33.75	37.01	38.27	41.81	44.37	45.02333333							31.49	34.35			44.11									40.9		37.61			33.49		37.91	32.67		36.17	42.41		41.91		40.63			35.51	33.87		43.15	47.41	40.31		39.97			35.33		33.78	36.27	46.05		42.23	39.71						34.87				48.55			39.33	35.79					41.09		45.25	36.07				36.49				41.89		43.17		35.59	39.23	33.21												33.45	35.43	44.51				41.07					36.15		37.33	42.01	43.81	45.88						35.91	35.2	38.69										46.55		35.59	34.49	39.79	44.83						36.47	
2205540		41.33		39.65		42.73							45.43	42.69					36.89		36.13	39.89	46.59		50.03	38.95				39.63	31.15		33.65	43.09	42.97	47.15	54.23				37.41	34.1		39.89		45.64	52.19	46.55		37.85			36.18333333	34.65		36.85	38.98	42.27	43.69	48.03		35.19	37.67			33.61											36.82	38.05	49.49			40.49			39.95		34.66		34.31	34.99					37.8				32.53		45.01	45.89						36.99	35.82	36.09	40.98333333		45.45	46.04333333							32.31	35.55	44.89		43.75								40.01	41.63	44.55	38.39			37.23		38.39	34.53	38.17	41.55	44.7		42.23	39.51	40.19			36.47	34.63	41.47	43.87	50.39	42.58		39.97			37.23			38.23			40.83	42.49				37.39		35.39				51.25			39.85		36.31			36.39	42.59		47.27	36.45				37.51		36.49				43.59		40.11	35.59	33.13			41.59								34.89			44.03	52.49			40.57					36.73		38.63	42.29									36.35	38.73										38.61		35.31	32.61	40.93							39.93	
2205541		38.79	45.27	41.33		44.69							45.81	43.91					37.23		36.25666667	38.44	46.17			40.01				39.63	36.55	36.07	35.83		41.88		52.11				37.41	35.77		38.87	39.29	44.78	49.21	47.51					37.99	38.31		35.55	39.56333333	41.96	43.03	49.45			39.37			35.28	36.25		43.21	44.31				38.25			37.32	38.81	44.69		45.69	40.49					38.29	38.39	35.12	37.39	43.63								36.02		47.39	46.05	47.27					38.45	37.79	37.23	40.83	45.97		46.22							32.31		44.39		46.11									43.53	45.49				40.02	37.79		34.94	38.45	45.04	47.35		43.33	42.45	43.83			38.19	36.51	40.29	43.08	49.23	45.83666667		41.91			38.55			40.99			47.51						43.15	36.55	39.45			50.15			43.89	43.97	38.01		35.93	37.31	42.07		48.97	46.65				41.83	39.05	36.65				47.27		38.53	37.78	33.47										39.21	36.23			46.51	52.49			44.39					43.47		41.77	44.31		48.71							38.81	39.91										41.01		37.91	38.11								43.11	40.13
2205542			43.15	45.33									47.39	44.99	39.43					36.81	38.05	38.64								47.25	38.93	37.75	34.65	40.39	45.81		47.07				40.77	35.17		40.51		43.07	44.27						41.02333333			35.24333333	39.3		45.25	50.47						35.35	38.61		44.87	46.45				40.17			34.83	39.63				42.83					38.76	39.17	37.06333333	38.95	40.53								35.93		46.29	43.8	48.07					39.65	39.66333333	37.83	41.64333333	46.59		45.35							34.23	40.59	42.29		48.13								38.49	44.15	47.53				43.19		41.97	35.75	39.93		48		43.33	49.09	43.83			40.87	37.31	42.25	45.63	50.29	47.81					41.2			39.25		44.69	49.35									41.01		46.91				41.37			37.05	39.25	44.82		45.57	42.55				42.11	40.19	40.57				48.07		45.65	39.01	36.43	34.71									39.21				47.15	51.09			47.91					41.17			46.07		49.37								43.59										41.95		37.95	39.99								41.21	39.87
2205546				37.65		48.41					37.07		46.61	43.95	44.82		44.37	39.99	42.49	39.99	34.77	36.82	43.87	46.37	46.97					47.71		38.19	33.77	39.49			54.01				43.19	34.53	36.79	37.55	38.17	42.51666667	43.33						44.14		36.07	36.52	40.6	43.75	45.25			42.55	40.63			35.13			46.47					40.55		40.39	33.85	41.77	45.01		46.99				48.45			41.57	40.97	35.47	38.59			42.87	43.73				37.24		44.85	44.69						36.47	37.38		40.86	47.91	43.99	48.81									40.87		44.63	49.55							40.53								40.41	37.83	41.65	42.97	47.11	51.65			45.47			37.91	38.29	44.55	45.68	45.51	51.23		40.67			42.12			40.59		47.67							43.31			41.81						42.25		39.57	41.61	38.87	43.89		48.49	47.75													42.05				44.03							40.89					51.66								42.95					47.51										48.35			47.79								40.65									
2205547			45.17	50.17							38.75			57.61	44.86		45.81	42.41	47.25	43.31	41.79	40.79	45.81									42.49	38.77				55.49				103.53	38.93		39.80333333	42.06	43.99	42.17						40.47			36.54	42.66		45.95			45.11	44.51			36.89			51.21							41.11		41.31	45.71		155.49							43.25	39.81	35.41									40.75		45.91	71.27						42.57	41.93	37.27	42.605	49.83	45.53	82.71666667				54.51					45.01			49.55													44.85		44.15	37.83		46.09	121.26								40.05	47.39	45.67	54.81	54.01					44.23			43.99									47.25		43.05	43.09		55.77								44.07				47.75										56.43				44.03	40.93														52.47								46.49					49.73										50.52			50.31								43.71									
2205548			45.17	50.17							38.75			57.61	44.86		45.81	42.41	47.25	43.31	41.79	40.79	45.81									42.49	38.77				55.49				103.53	38.93		39.80333333	42.06	43.99	42.17						40.47			36.54	42.66		45.95			45.11	44.51			36.89			51.21							41.11		41.31	45.71		155.49							43.25	39.81	35.41									40.75		45.91	71.27						42.57	41.93	37.27	42.605	49.83	45.53	82.71666667				54.51					45.01			49.55													44.85		44.15	37.83		46.09	121.26								40.05	47.39	45.67	54.81	54.01					44.23			43.99									47.25		43.05	43.09		55.77								44.07				47.75										56.43				44.03	40.93														52.47								46.49					49.73										50.52			50.31								43.71									
2205549			46.57	48.91									47.95	46.93			43.91	43.87	46.97	41.25	41.4		42.99		46.55					49.35		40.01		41.65	48.43		53.73				102.87	36.09	41.11	38.43	41.14	43.2	42.65									35.72	42.83	44.51				43.15	40.31			36.03			48.01									41.45	54.89				46.21						36.81	34.93					60.71				37.66		45.97	45.85									41.65			50.75								41.69	44.69		51.93										67.03				58.23		44.43			47.07	152.15				50.17				40.01		49.47	53.89	54.09		43.77		47.63	45.66			42.93			49.65	51.45					46.25		42.11			47.23								37.49																	42.05	37.09	40.93														52.47								47.01															50.16			52.41								43.71									
2205550			48.43	48.97									49.25				45.13		48.47	39.15	41.76		43.36		47.09					49.35		41.15		42.39	49.09	49.51	53.31				103.83	36.09	40.61	39.7	42.7	43.39								42.87		36.73	42.01		42.91			45.89							48.45					42.23					46.43		49.87									39.85	46.67								37.45			43.77						38.89			39.67		47.25	51.21									43.43																62.87		44.11			49.05					49.07				46.89	46.49	98.61	54.97	53.31				47.35				43.79	50.75		47.01	54.45				45.27	46.65					51.89				63.89				36.97	50.01																41.17	39.55																						46.39	45.99				49.33											50.51			52.45								44.33									
2205551		49.13	45.35	52.49									48.47				46.51		47.37	40.69	41.61	38.11	43.35									36.15		42.55	47.29	51.03					109.07		40.29		43.7	43.31								41.53		38.16	40.98333333												49.06					41.03				41.53			50.35		47.53		50.75					39.87					42.95				39.23		44.99	85.79									41.53	49.61	47.17	48.83																				48.93					56.69		44.35			43.83					49.07				46.39	41.79	99.57	55.81	47.75				45.87	46.55			43.19	49.69			50.43					44.97	42.05				51.29								39.17	48.11			50.89														39.43	40.61											34.97			54.18			54.09				47.15																51.65			40.39																	
2205552		44.41	44.05	47.85									46.13	45.47			42.27		45.71				42.06		47.37							39.01			43.07666667						42.99			41.89	40.21	43.21								38.12		36.43666667	40.03	42.57		48.59									48.51					44.31				38.03			46.71						39.43	42.15	40.49						43.23				38.65		44.77	46.82							39.37		40.65666667	49.55	47.43												46.09								45.07	47.81	47.51				42.51		42.95			46.54	243.17	49.31			46.51				38.22	41.79	45.72	52.13	49.67				45.87	46.11			43.13	47.33			50.43				44.21					46.15	53.23			52.09	59.91				37.17	45.69				50.61							47.19	59.17				44.26		40.61											36.01			50.45			50.73				45.73	43.83													43.27		52.03																				
2207060		34.95	41.19							39.71				38.83	36.23			34.31		31.55		34.18	37.41							36.27		25.95	30.79		39.31	39.19							30.05		35.43	36.21	41.01	42.31					32.81			32.53	37.08	39.09	40.17							29.31			38.31		33.47							32.39	36.79			35.25	34.03		37.75			31.27	27.79	30.49					35.23				29.08		41.77	37.33						31.98	30.36		34.85	42.24	42.05	42.23					29.53		30.41	32.91	31.99		36.43									35.55		35.21			28.93			27.69		38.51	35.65	38.49		32.51	39.25			31.35	30.31	35.71	39.21	45.29	37.84					32.47		30.61	34.32	34.85		37.21	37.01				35.01					37.71	40.39							30.15	30.63	36.84			35.51				34.07			32.59			40.27	35.43			32.91		31.6	39.63	41.49					32.49		32.52333333	31.31	32.15	39.13											32.75		38.07	43.53							31.27	32.55666667	36.17			42.25			37.47			34.88		29.15	31.31	33.33								
2207061		35.83	40.03											37.27	35.95			34.43		31.97		33.39	37.67							36.27		25.85	30.51	34.65	39.09								29.83		31.69	36.13	41.01	43.81					32.81	23.37		28.81	35.60333333	37.21	38.51				33.17			30.47			38.67									32.9	38.21			35.35			32.77			32.03	30.35	30.11	32.43								29.31		32.57	33.03						28.97			33.99	39.41	36.83	42.23					29.73		30.41	31.31			35.83							30.99		33.77		33.51			29.31	32.77		27.93	32.69	38.03	38.47			31.73	39.25			30.39	30.66	32.03	37.19	42.33	38.77		35.71			32.9			33.28	34.53		37.04	37.24					34.34		32.47	34.45							31.67		31.05	30.69	36.71							36.19			34.93	35.85	37.17	39.27	35.41		31.75	34.75		30.62	37.21	37.81					32.33		30.32	29.47	31.53	37.09				35.85							32.94			40.71						34.73	31.35	30.91			36.43	39.99		34.65	38.07			32.71		29.29	31.31	34.09					41.75			
2207062	31.41	37.29	38.87											38.51	36.92			34.75		32.09		31.97	37.35			35.53				36.67		31.79	30.27	31.63	38.29								30.57		32.51	40.59	39.29						33.21	31.39	28.51	29.73	34.52	37.67	37.97							31.4			41.13									33.51	35.63	32.89		35.73			32.51					29.95					35.45				32.99666667		33.35	35.95							32.78	32.43	35.215	37.52	38.27	45.51							34.13	32.19			35.93									33.77		34.05			31.37	31.71		29.05		37.57	38.31				39.65				31.29	32.41	39.67	42.63	38.31					32.88		29.47	33.83	35.84		36.02	38.54				32.11	35.55				36.54						32.41		31.85	31.27	35.61	40.61		34.41				34.09				34.92	37.75	41.77	34.83		33.15			32.13	35.85								34.21	28.84	31.99	35.95											30.76		36.65	40.69						36.61	30.81	30.15			36.83			34.23	37.97			32.41			32.44	33.73	35.61							
2207063	36.29	45.93	46.23											40.91	41.41	41.25			33.15	38.83	37.67	38.59	41.87			37.89				38.25	31.65	36.93	31.12	38.44	39.17								31.61	38.13	37.86	43.87	43.55	43.09					34.23	35.71		32.95	39.3	41.69	38.61							33.11			39.67		35.76							38.41	41.21			38.13			41.13			34.15	34.49	31.53					38.75				35.01		36.41	39.29				38.41		34.09	36.48	36.13	39.06	47.22333333	43.77	45.51							36.75	35.53			42.65									38.33		38.95			33.05	34.55		32.52	37.15	38.77	40.29				40.39				33.69	36.03	44.59	46.59	38.69		41.27			37.32		37.39	34.79	38.51		40.77	40.05					35.09		32.23		41.31	43.63					32.41		35.1	37.31	40.73666667	39.79	39.69	38.05				37.05				36.51	44.07	46.25		37.95	40.33	32.77			43.39								39.82			45.79				39.91							36.75	40.75		43.77							32.88	35.66							39.95			35.75			35.41	36.65								32.97
2207064		37.85	41.33											40.71	38.21					32.85	30.11	35.67	41.09			37.09				37.57	31.97	28.63	31.09	39.09	38.54333333	46.47							35.69	38.13	35.31666667	40.3	44.99	41.43		34.93		34.07	33.27	39.43		30.87	37.83	38.85	38.43							33.69				42.55	39.91							33.11	40.78						41.13				33.17	32.55					36.65				34.27		40.79	39.45						34.81	33.21	37.77	36.18	41.96333333	42.07	42.95							34.07	35.01	37.15		42.65							30.47		37.48		32.09			33.15		37.11	34.23	35.19	37.03	40.41		36.77		41.85			31.81	32.59	34.43	44.45	44.87	39.03		36.59			34.98		31.51	32.31	41.47		37.83	37.83					33.47		37.79		38.89	41.43					33.25		32.67	41.03	36.07	38.38		38.45				32.23				38.01	39.39	44.37		36.15	31.71	31.95			36.81	43.29							34.95			38.65				38.23								38.03		44.4							31.85					38.13			41.03			35.45			33.47	34.2								34.49
2207066		34.61		39.63									35.55	37.91	38.95				33.57	32.73	32.42	39.07	41.41	42.99		36.07				30.47	32.27		34.17	37.43	37.68								32.45		36.31		46.79	46.37		36.39			34.37	29.49	33.31	32.18	36.95	41.11	38.53					29.43		31.25				47.21								34.27	39.77			37.73					38.49		31.81	29.85					33.89				34.32333333		37.39	39.71						30.81	33.21	33.76	36.715	42.83	42.57	41.11							34.07	33.93			42.71								34.69	38.29					33.27		33.81	32.17		35.62	39.07		37.89		38.27			35.03	32.63	36.67	41.07	48.13	38.19					33.74		35.09	34.34	42.45		39.84	37.61						34.13			38.61	42.89					32.97		32.33	33.93	37.34	39.93	38.03	36.49										42.43		35.59	33.49	32.73			40.76			37.89		36.45			33.23	34.99		45.63									36.89				39.91	47.55							34.91											37.75			30.32	37.43								
2207067		34.83		37.89									40.53	38.67							30.09	24.69	40.15	40.83		33.31				37.81	31.91		32.95	32.65	44.93							32.53	32.57	33.69	33.35		39.55			34.47			33.78333333	28.14		29.63	35.49		38.43					29.27		32.95				47.37									38.69		43.83	37.15			29.09		38.11		32.59										31.91		36.47	37.34							32.79	34.08	35.68		42.47	41.11							33.43	31.65		34.05	44.31									38.15							35.87	29.57		33.56	38.45		37.29		38.27			32.69	30.73	34.17	41.69	46.65	39.17		38.09			34.83		35.19	35.86	37.87		38.97	40.97						31.95			38.67	42.54					34.65				35.45			36.75				38.39				39.23	42.55	40.17		34.55	35.45	32.79		34.23	40.81					37.03			31.23	33.39		41.36333333				41.47					36.09		36.63		38.23	44.27							33.68	36.14										35.27			32.18	36.31								
2207068		35.97		39.35		38.49							42.45	40.77						36.57	35.88	40.11	42.69	43.53		36.31				38.15	32.11			38.95	44.19		51.61				36.43	33.47		37.81		44.09	47.78			35.89			34.51	35.6			38.17		42.93				36.05			34.29		39.35	40.69	48.07							31.95	36.87	44.67			40.45			39.65		34.44												35.36		39.55	43.45							33.75	37.01	38.27	41.81	44.37	45.02333333							31.49	34.35			44.11									40.9		37.61			33.49		37.91	32.67		36.17	42.41		41.91		40.63			35.51	33.87		43.15	47.41	40.31		39.97			35.33		33.78	36.27	46.05		42.23	39.71						34.87				48.55			39.33	35.79					41.09		45.25	36.07				36.49				41.89		43.17		35.59	39.23	33.21												33.45	35.43	44.51				41.07					36.15		37.33	42.01	43.81	45.88						35.91	35.2	38.69										46.55		35.59	34.49	39.79	44.83						36.47	
2207069		35.97		39.35		38.49							42.45	40.77						36.57	35.88	40.11	42.69	43.53		36.31				38.15	32.11			38.95	44.19		51.61				36.43	33.47		37.81		44.09	47.78			35.89			34.51	35.6			38.17		42.93				36.05			34.29		39.35	40.69	48.07							31.95	36.87	44.67			40.45			39.65		34.44												35.36		39.55	43.45							33.75	37.01	38.27	41.81	44.37	45.02333333							31.49	34.35			44.11									40.9		37.61			33.49		37.91	32.67		36.17	42.41		41.91		40.63			35.51	33.87		43.15	47.41	40.31		39.97			35.33		33.78	36.27	46.05		42.23	39.71						34.87				48.55			39.33	35.79					41.09		45.25	36.07				36.49				41.89		43.17		35.59	39.23	33.21												33.45	35.43	44.51				41.07					36.15		37.33	42.01	43.81	45.88						35.91	35.2	38.69										46.55		35.59	34.49	39.79	44.83						36.47	
2207070		39.51		37.93		40.23							45.51	41.19	38.95				36.85	37.55	35.51	38.31666667	45.79			38.33				42.89			34.69	38.49			52.27				36.75	34.98		39.89		42.38	46.39			37.83			36.40333333	34.35		36.27	40.63	45.69		49.92						34.48			43.55							34.91	36.99	38.73	41.87			40.13			43.95		34.12			35.23	42.47				39.74				33.58333333		42.75	42.25						37.87	36.62	37.17	40.91666667	44.67	45.45	45.78							35.61	37.87	42.25		43.75								38.78	41.49		37.39			38.83	35.69	39.37	35.67	37.19	41.45	45.13		41.35	39.03	40.37			36.97	34.95	40.91	43.03	48.17	41.89		40.17			38.83		33.11	37.59			43.95	39.71				36.89		35.47			45.43	48.49			41.69	38.19				36.45	42.55	40.15	43.15	36.45				37.47		36.72	41.71	42.02		43.93		39.53	36.87	33.65											34.82	37.45	36.53	44.65				40.57					40.11		41.49	43.29		45.4							37.33	40.87										38.13		36.71	38.77	101.7566667							38.17	
2207071		39.93		38.95		47.73							46.09	43.39	40.37				36.32	38.59	36.28	39.23	46.43			40.33				39.63		35.37	35.67		42.49		48.23				37.73	32.47		40.09		42.66	47.47	47.51		50.91			38.63666667			36.99	40.87	37.27		49.68						34.51			43.31	44.31				38.41		35.33		37.89	44.71		44.07	41.57					34.65		34.35	38.33	39.75								34.42333333		45.55	45.19						39.55	37.68333333	37.33	40.74333333			45.17							32.31	38.37	43.39		44.59								39.99	43.67	45.33				40.19		39.37	34.84	38.23	41.45	44.97		44.41	41.99	41.03			36.99	36.51	40.61	42.21	47.95	46.62		41.67			37.84		33.91	38.47			44.81	41.19					44.43			40.19	45.81	48.15			41.95	36.51			36.84	37.09	41.81		43.15	40.69				39.81	37.37	37.46	41.21	43.09		45.63		39.99	42.09	33.47			45.77							39.21	36.57		40.03	46.01	46.35								38.6		38.37	44		49.31							39.29	39.91										39.59		36.39	38.77	42.86							38.17	38.67
2207072				44.81		47.73							44.69	44.51	39.43				43.31	36.81	36.47	39.37666667	43.41			42.81				47.25		38.53	36.59		44.89						42.01	35.31		38.55	39.61	42.47	45.7						39.86			34.57	40.44		44.95	47.2			40.07			34.51								40.17		36.09	32.49	38.33	43.93		44.53	42.37					39.81	38.37	34.83	38.83	40.69				42.11				33.24		45.55	44.28	50.61					39.53	38.75		41.54	47.03		46.45							32.37		44.25		47.57								40.92	45.17	47.67				43.24		40.32	35.75	39.59		47.39		44.41	49.09	39.99			36.71	37.64	41.19	46.79	47.69	45.61		42.51			41.26			39.25												41.59					45.83	42.31				40.15	44.23			43.25				43.17	40.19					48.71			41.69	37.63			49.71							38.47	42.29			47.87	47.67								42.07		44.03	45.63		50.85			43.91			43.47	40.09											40.67		38.17	39.99	47.13								
2207076				37.65		48.41					37.07		46.61	43.95	44.82		44.37	39.99	42.49	39.99	34.77	36.82	43.87	46.37	46.97					47.71		38.19	33.77	39.49			54.01				43.19	34.53	36.79	37.55	38.17	42.51666667	43.33						44.14		36.07	36.52	40.6	43.75	45.25			42.55	40.63			35.13			46.47					40.55		40.39	33.85	41.77	45.01		46.99				48.45			41.57	40.97	35.47	38.59			42.87	43.73				37.24		44.85	44.69						36.47	37.38		40.86	47.91	43.99	48.81									40.87		44.63	49.55							40.53								40.41	37.83	41.65	42.97	47.11	51.65			45.47			37.91	38.29	44.55	45.68	45.51	51.23		40.67			42.12			40.59		47.67							43.31			41.81						42.25		39.57	41.61	38.87	43.89		48.49	47.75													42.05				44.03							40.89					51.66								42.95					47.51										48.35			47.79								40.65									
2207077			44.43	46.47									46.69	45.85			43.61	42.41	45.47	41.45	41.51	40.79	45.55		48.51							42.09	35.71	42.21	47.61		54.41				42.91	36.53		40.15	41.29	42.79	42.83						38.97			35.89	42.11	42.37	44.99			45.11	45.01						50.75					41.55		39.23		40.77	45.11		155.83		41.43					43.89	39.14333333	34.03					42.78				37.9		49.13								40.59	39.16	41.19	49.25		51.73									42.21		51.93	49.55															43.95			47.95	119.11								38.32	44.55		49.11	52.07					45.35		37.17	43.01				49.33					40.71			41.65						44.95								46.41													41.93	37.25	35.53														50.56								42.31					49.73										48.61			48.71								43.71									42.61
2207078			44.43	46.47									46.69	45.85			43.61	42.41	45.47	41.45	41.51	40.79	45.55		48.51							42.09	35.71	42.21	47.61		54.41				42.91	36.53		40.15	41.29	42.79	42.83						38.97			35.89	42.11	42.37	44.99			45.11	45.01						50.75					41.55		39.23		40.77	45.11		155.83		41.43					43.89	39.14333333	34.03					42.78				37.9		49.13								40.59	39.16	41.19	49.25		51.73									42.21		51.93	49.55															43.95			47.95	119.11								38.32	44.55		49.11	52.07					45.35		37.17	43.01				49.33					40.71			41.65						44.95								46.41													41.93	37.25	35.53														50.56								42.31					49.73										48.61			48.71								43.71									42.61
2207079			48.05	47.95									47.51	46.07			43.91		44.49	41.47	39.44		44.21	43.85	46.91					45.17		39.17		42.25	46.81		51.39				40.55	34.27	41.11	38.43	40.18333333	42.47										34.95	41.33	43.99				41.01	41.95						46.39									39.27	44.41				46.93					39.83	37.69	33.79				45.03	43.7				36.39		42.05	44.37						36.71	33.53	41.01	33.01			48.88			44.73						41.87		45.87														42.71		41.77			44.41	184.61				45.61				38.71		47.19	49.95	51.02		43.77			42.91			42.93		47.05	46.39	49.09					44.25						47.75			45.33				38.66				48.37										46.73			42.05		40.93														55.86	50.23																						45.37			50.25								39.03									
2207080			48.07	46.53									48.59	47.43			42.75	45.57	46.61		40.6		41.77		47.09					45.17		41.97		42.13	47.55		50.35				43.31	34.29	40.25	39.81	42.24	42.75								42.87		34.33	40.99	43.99		47.27		42.61							46.58					45.71	44.23				46.74		48.21		46.83							39.85				44.17					37.45		44.09	47.31								40.97	41.23		46.53	49.03											46.71														45.02		44.11			42.27		48.59			46.41				46.41	46.49	191.69	51.83	57.87					47.69			43.05			47.25	52.51					45.49					52.23	54.19			64.07	41.63			32.87	48.61			46.75													45.9	39.43			43.83												57.43	72.39		54.27				43.99					52.07											45.77			49.63								39.69									
2207081		49.13	45.35	52.49									48.47				46.51		47.37	40.69	41.61	38.11	43.35									36.15		42.55	47.29	51.03					109.07		40.29		43.7	43.31								41.53		38.16	40.98333333												49.06					41.03				41.53			50.35		47.53		50.75					39.87					42.95				39.23		44.99	85.79									41.53	49.61	47.17	48.83																				48.93					56.69		44.35			43.83					49.07				46.39	41.79	99.57	55.81	47.75				45.87	46.55			43.19	49.69			50.43					44.97	42.05				51.29								39.17	48.11			50.89														39.43	40.61											34.97			54.18			54.09				47.15																51.65			40.39																	
2207082		45.67	46.09	48.17									45.55	46.09			43.77		46.75	41.27	39.27		42.03									39.09		43.71	42.56						42.53			41.89	40.14333333	45.67								37.47		36.23	41.13	44.17											46.37					40.47							51.65		40.85		46.63			41.91	39						43.91				38.13		48.87	44.5							40.51		41.02333333	48.53											46.43		46.07									47.33					46.21		43.09			46.55	146.67	48.65			47.81				37.5		47.53	54.03	53.32					45.17			42.97				50.43				43.31					46.09				52.33		46.65			39.01	47.52				47.41												43.77		40.61											36.75			50.81			50.45				45.73																56.67																				
2208590		34.95	41.19							39.71				38.83	36.23			34.31		31.55		34.18	37.41							36.27		25.95	30.79		39.31	39.19							30.05		35.43	36.21	41.01	42.31					32.81			32.53	37.08	39.09	40.17							29.31			38.31		33.47							32.39	36.79			35.25	34.03		37.75			31.27	27.79	30.49					35.23				29.08		41.77	37.33						31.98	30.36		34.85	42.24	42.05	42.23					29.53		30.41	32.91	31.99		36.43									35.55		35.21			28.93			27.69		38.51	35.65	38.49		32.51	39.25			31.35	30.31	35.71	39.21	45.29	37.84					32.47		30.61	34.32	34.85		37.21	37.01				35.01					37.71	40.39							30.15	30.63	36.84			35.51				34.07			32.59			40.27	35.43			32.91		31.6	39.63	41.49					32.49		32.52333333	31.31	32.15	39.13											32.75		38.07	43.53							31.27	32.55666667	36.17			42.25			37.47			34.88		29.15	31.31	33.33								
2208591		37.75	42.63											37.91	39.03			33.89		32.95		34.36	38.95					31.35		37.01	31.23	26.39	30.08	33.86	39.09						34.05		29.43		36.61	37.61	42.2	42.31					32.85			30.9	36.59666667	39.25	38.73				33.17			30.94			39.17		33.55							34.35	41.26				37.57		32.77			32.03		30.39	34.35				34.75				32.77		36.61	33.31						29.87		33.62	35.86	40.86	41.65	42					30.27		31.33	33.03			36.39							31.35		35.9		35.29			30.07	32.77	33.79	29.03		38.03	41.47			33.39	39.25			31.01	31.21		40.29	45.23	35.99					33.58			32.95	35.87		37.94	35.71				34.99	33.03				37.41						33.57		27.35	31.77	37.82							36.31			32.12	34.75	37.75	40.07	35.05		30.47	35.45		32.75	38.35	38.45							30.33	33.93	33.67	38.25				36.05							33.97		37.21	42.47							31.51	32.39666667			36.81	39.77		35.57	38.43			34.46		30.03	32.32	33.85								
2208592		48.61	41.89											39.27	38.99			34.75		36.67	32.65	34.57	38.29			36.59				36.67	31.93	33.53	28.96333333		39.53								34.27		37.05	37.59	43.01	43.81		33.57			33.73	35.71		31.68	37.56	40.31	39.65							31.64			40.61		33.81							34.85	37.91			36.29			38.55			32.03	31.99	30.27					37.57				34.60333333		33.65	39.96				35.81		28.67	36.73	34.05	37.15666667	42.09	41.85	45.51							33.79	34.19			38.67									37.25		38.95			33.85	35.21	34.47	30.79	35.51	36.26	40.75				39.65			32.49	32.4		42.65	49.17	42.09		35.75			35.02		31.31	35.03	37.65		39.49	38.01				33.83	33.98			35.11	38.47						33.57		33.78	32.01	39.94	37.61		34.41				37.65				37.61	40.83	43.51		37.37	36.37	35.75		34.45	42.31								36.81	29.51	32.65	39.20333333				39.13							36.97	37.25		43.87							34.56	31.31			37.23				38.07			34.17		31.81	33.57	36.87								
2208597		41.53		39.45							32.51		40.53	42.43						33.29	32.41	24.95	42.37	42.47		37.67				41.17	31.99		35.25	39.11	40						36.91	35.13	34.71	39.09	32.75		44.9	41.63		35.07			34.05	28.94			38.36	38.48	40.83					32.23		34.24	34.19		39.03	47.37								34.03	40.15		46.55	37.03					34.75		33.49	33.37	39.21				33.89				36.11666667		40.71	38.71						32.85	36.85	35.47666667	38.09	44.57	44.77	42.83							33.43	36.35	38.25	39.05	43.07									40.16		37.65			33.59	35.23	36.85	31.41		37.29	43.77		39.01		42.11			36.51	34.14333333		42.55	50.83	42.25		40.93			34.79		35.19	36.73			43.06	41.69						34.85			42.71	49.27				36.21	36.75		31.25				46.97	42.12				40.31				40.63		45.03		39.89	39.33	34.21			44.05								38.59	35.7		44.77				42.15					38.57		38.53		43.81	47.76333333							36.44	37.38										42.5		37.11	38.51	39.85								
2208598		39.43		40.93							33.31		43.15	40.81				37.45	34.37	38.59	36.29	37.97	42.29			36.31				40.31		34.19	30.4	41.71	42.71		52.61				36.77	35.78		39.13		42.55	45.35			37.43			36.09	31.92	33.51		38.59	42.13	41.75				39.11			34.29			44.13							34.03		42.75	43.12			40.13			40.95		34.58				39.35				40.57				33.89		40.77	42.48333333						34.41	37.13	37.87	38.685		44.85	44.4							35.61	37.31	38.31		44.71								37.25	41.14	40.09	38.53			34.67		38.77	31.49			43.53	40.41	41.75		41.03			36.51	34.43	41.07	42.43	48.15			39.85			36.74			37.83	45.71		42.88	39.71						31.57				49.51			40.97	39.43			34.97	34.77		40.15	45.25	39.03				40.99		37.97		41.45	42.81	47.15		39.25	41.19	33.53			44.13								35.47	37.99	36.55	45.59				42.87					40.47		41	42.99		47.73						37.81	36.61	39.57										38.87		36.73	38.51	116.69								
2208606				33.35		46.43							44.41	43.17			38.15		37.89	41.17	33.65	36.41	43.39	45.21	46.73					45.95		38.19	32.17		43.33		52.67				38.95	33.67	36.19	38.65	36.91	42.17	41.51						38.97			36.55	42.35	44.27	44.27			44.67	39.71						46.37					38.43	39.73	34.77	33.85	39.69	42.23	46.93	47.17	35.33	41.37					40.07	40.97	35.79				46.21	40.6				36.52		44.73	44.69						36.59	37.73		40.21			46.33			42.47	48.35					40.47		45.99																39.43	34.87	39.85	42.97	46.51				42.63			38.31	37.29	44.55	43.21	44.61	48.31					41.25		27.91	39.45		45.99		49.15					38.19			40.53						42.57				37.89				46.41								43.73					39.99											38.23	36.11				49.54	45.87												47.37						44.13				47.61			45.35								38.05								40.85	
2208607			44.43	46.47									46.69	45.85			43.61	42.41	45.47	41.45	41.51	40.79	45.55		48.51							42.09	35.71	42.21	47.61		54.41				42.91	36.53		40.15	41.29	42.79	42.83						38.97			35.89	42.11	42.37	44.99			45.11	45.01						50.75					41.55		39.23		40.77	45.11		155.83		41.43					43.89	39.14333333	34.03					42.78				37.9		49.13								40.59	39.16	41.19	49.25		51.73									42.21		51.93	49.55															43.95			47.95	119.11								38.32	44.55		49.11	52.07					45.35		37.17	43.01				49.33					40.71			41.65						44.95								46.41													41.93	37.25	35.53														50.56								42.31					49.73										48.61			48.71								43.71									42.61
2208608			41.63	44.21									46.87	45.25			38.03		45.47	38.17	39.72	37.21	42.75		47.03					46.21		37.51	33.41		44.97		46.85				42.91	37.05			39.97	41.49							37.95	40.33		32.35	40.99	41.21	43.77			45.39							46.05							36.85		38.55	43.77	46.55								39.83	37.77	33.61				46.45	42.78				36.94		46.23	44.03							35	37.08	40.11			48.66333333			45.49						42.21	44.05	45.87																42.87		39.99	44					44.95				36.35	38.25	44.21	47.15	46.27					43.56			39.87		41.33		50.13					38.03			37.35						45.17				39.83				42.41													40.33		30.49		38.73												45.17	48.17												48.45								37.09		44.95			48.71								38.05	48.17								
2208609			48.05	47.95									47.51	46.07			43.91		44.49	41.47	39.44		44.21	43.85	46.91					45.17		39.17		42.25	46.81		51.39				40.55	34.27	41.11	38.43	40.18333333	42.47										34.95	41.33	43.99				41.01	41.95						46.39									39.27	44.41				46.93					39.83	37.69	33.79				45.03	43.7				36.39		42.05	44.37						36.71	33.53	41.01	33.01			48.88			44.73						41.87		45.87														42.71		41.77			44.41	184.61				45.61				38.71		47.19	49.95	51.02		43.77			42.91			42.93		47.05	46.39	49.09					44.25						47.75			45.33				38.66				48.37										46.73			42.05		40.93														55.86	50.23																						45.37			50.25								39.03									
2208610			44.23	43.23									46.27	45.81			38.13		41.55	34.21	38.01	38.33	40.38	43.49	44.57					45.17		37.77		40.67			49.85				37.99	31.63	34.02	38.65	40.94	42.71	41.35							39.79		34.09	39.27	43.99		46.29		42.61				34.21			45.27					38.99	44.23				42.57		48.27								36.33	38.09				41.07					36.39		40.69	45.37								37.49	40.33			48.14			47.85								45.49														42.25		42.37			37.99		44.05			46.41				36.93		45.13	46.53	48.15		44.35			45.95			37.13	46.39		47.25	45.19					41.36				45.89					42.65	41.63				42.79			46.75														35.03	38.41		38.81												57.43	48.51		47.95							45.51											36.09		46.93			45.13								39.69									
2208611		49.69	46.83	52.49									46.23	46.79			41.29		46.73	38.57	41.05	38.11	42.63	45.03	48.59							40.53			46.33	50.53					106.75		40.29		42.61	42.37								40.31		35.15	41.85			47.05									46.93						44.23						49.45		47.53		50.75				40.83						44.13				38.59		45.53	45.18							40.03		41.15		46.87	46.91			47.85				39.15				48.13														56.67		43.19			44.61	50.77				46.41				38.71		47.61	55.81	48.9					45.95			41.75	49.35		47.33	52.51					44.95										41.75			37.59	49.55		55.33	48.43													61.05		38.41														49.63			51.63				44.67			92.87													49.47			51.39																	
2208612	38.87	44.61	46.11	48.67									46.07	45.53			43.95		43.49	38.05	38.83	39.57	43.97									37.35		43.85	42.45	50.81					41.53				38.27	40.97	46.83							40.31		34.61	41.67	44.13											46.48						41.33						51.65				46.53			38.15	38.41						43.29				35.18		50.39	43.49						35.69	40.43		41.9												46.43		46.69								42.45	45.19					43.93		43.09			41.83	242.87	49.35			47.81				36.75		121.47	48.17	49.76					45.15			40.27				45.19					43.53				45.01				52.65		42.83				44.57		55.99														43.97		33.89		42.59									35.27			49.15							168.91																57.05			49.05					43.15												
2210120		37.43	40.57							40.27				38.79	35.59			33.81			30.53	33.95	38.15					30.99		36.53		26.27	31.69		37.4	42.39					31.77		30.05		35.59	33.79	40.83	42.31					32.67		37.31	31.03	36.53666667		40.83							29.45			39.63		33.37							33.39	39.99			35.39	36.21		38.09			31.27	28.73	29.81	37.93				34.15				31.69		33.59	37.55						29.65	30.38	34.61	35.18	41.15	41.29	41.99					29.95		29.59	33.13	32.71		36.89									36.69		35.15			28.93			27.69		36.85	37.89			34.25	39.25			31.11	30.39		38.97	45.29	36.92					32.5		32.35	32.95	37.23		38.03	35.21				32.09	33.51				37.79	41.05						25.95	30.25	31.89	36.59			35.17				34.49			32.59	34.53		40.05		33.33		33.17		32.93	38.99	41.07				38.87	33.19		33.39	30.65	33.49	39.69											34.09	35.71	39.05	45.03							32.01	32.33		40.27	37.49	42.63			39.17			34.58		29.97	32.47	33.99	37.25							
2210137			41.63	44.21									46.87	45.25			38.03		45.47	38.17	39.72	37.21	42.75		47.03					46.21		37.51	33.41		44.97		46.85				42.91	37.05			39.97	41.49							37.95	40.33		32.35	40.99	41.21	43.77			45.39							46.05							36.85		38.55	43.77	46.55								39.83	37.77	33.61				46.45	42.78				36.94		46.23	44.03							35	37.08	40.11			48.66333333			45.49						42.21	44.05	45.87																42.87		39.99	44					44.95				36.35	38.25	44.21	47.15	46.27					43.56			39.87		41.33		50.13					38.03			37.35						45.17				39.83				42.41													40.33		30.49		38.73												45.17	48.17												48.45								37.09		44.95			48.71								38.05	48.17								
2210138						43.11							41.45	43.91			35.45		39.01	34.53	37.58	37.21	42.35	43.96	45.35					42.95		34.95	31.64		44.47						35.87	31.97	34.02		38.93666667	41.04							35.13	40.33			39.17		41.55										43.78							33.49		37.35	41.77										35.12333333	33.51				42.65	37.23				37.71		41.71	41.79						33.81	37.23	33.56	37.99666667			44.73			39.15								45.55								35.43											38.77	43.63				41.81				34.68	38.25	41.95	44.49	45.83		42.57			37.1			36.83		38.17	44.07	42.63					36.33			35.23						38.17					40.47	41.11		42.41						33.95	37.47						37.61	32.31	26.75		38.73												43.83	41.27		44.25							37.13	43.75										36.1					43.39					36.53			34.03								37.07	34.79
2210139			44.93	43.81									46.01	42.17			39.03		39.31	36.09	38.12	36.13	43.43	42.7	44.67					46.21		35.11			46.81						36.95	31.63	35.86	35.67	37.91	42.25	41.35						35.69	40.35		32.35	40.19	43.99											44.27									38.61	40.77				43.65					35.13	35.42	31.37				42.83	37.47				36.39		39.55	44.03						34.67	35.8	34.96	39.71			46.44			39.15							38.87	43.03								34.29			43.15			34.47		36.97			40.15	183.37				45.61				35.21	38.25	44.41	49.95	46.29		46.29			38.78		33.55	37.35		42.23	43.33	44.83					39.12		35.33				47.75			39.77				36.43	39.35			40.95						36.07							38.59		35.77				39.63										50.39	41.75									38.01											36.88		51.97			44.21					39.35			39.03									
